series,method,smape,mase,cover95,width,msis,interval,owa
0,naive,20.166311788809992,3.103515693188563,0.8958333333333334,17.71312535944332,19.537806218409557,analytic,5.354975683604183
0,naive,20.166311788809992,3.103515693188563,1.0,4.652520103806631,4.652520103806631,empirical,5.354975683604183
0,naive2,3.807667313641446,0.5732692891230973,1.0,26.204603435582776,26.204603435582776,analytic,1.0
0,naive2,3.807667313641446,0.5732692891230973,0.9166666666666666,5.2020547473384,5.57817945373915,empirical,1.0
0,seasonal_naive,5.262880743360628,0.8270141628553805,1.0,6.7491655132681325,6.7491655132681325,analytic,1.412403742454437
0,seasonal_naive,5.262880743360628,0.8270141628553805,0.9583333333333334,5.004566560765282,5.230741658811343,empirical,1.412403742454437
0,theta,2.808857896901593,0.4381209435790591,1.0,26.204603435582776,26.204603435582776,analytic,0.7509672504783826
0,theta,2.808857896901593,0.4381209435790591,0.9791666666666666,4.854164932851035,4.926743652211072,empirical,0.7509672504783826
1,naive,24.810432146729976,3.926596812199296,0.7916666666666666,17.50025928188315,34.39855846271026,analytic,3.4362826766208716
1,naive,24.810432146729976,3.926596812199296,0.7708333333333334,4.96619420079501,6.856875991147984,empirical,3.4362826766208716
1,naive2,7.444967696445996,1.1091909150545163,1.0,24.831244172814,24.831244172814,analytic,1.0
1,naive2,7.444967696445996,1.1091909150545163,0.875,5.272979797983324,6.679965226641073,empirical,1.0
1,seasonal_naive,12.495601926093421,1.9564215936614313,1.0,6.395447930920748,6.395447930920748,analytic,1.7211116804365543
1,seasonal_naive,12.495601926093421,1.9564215936614313,0.3958333333333333,5.027555556551059,21.998266853622187,empirical,1.7211116804365543
1,theta,10.704114131130222,1.6807282732400748,1.0,24.831244172814,24.831244172814,analytic,1.476519563616606
1,theta,10.704114131130222,1.6807282732400748,0.3541666666666667,4.517500308478009,20.490129027877607,empirical,1.476519563616606
2,naive,21.946031772429496,3.737844324851394,0.8125,15.535269044123252,32.25018111861402,analytic,3.8956604944620024
2,naive,21.946031772429496,3.737844324851394,0.9375,5.689213498596761,6.708577571927718,empirical,3.8956604944620024
2,naive2,5.439369322689438,0.9949923831560648,1.0,25.75219061179696,25.75219061179696,analytic,1.0
2,naive2,5.439369322689438,0.9949923831560648,0.9375,6.796926265714968,7.617386240706891,empirical,1.0
2,seasonal_naive,9.58350733419439,1.6515810659616093,1.0,6.632643657268232,6.632643657268232,analytic,1.7108857888638598
2,seasonal_naive,9.58350733419439,1.6515810659616093,0.6041666666666666,5.051133842124673,11.400768499940627,empirical,1.7108857888638598
2,theta,6.409056095114514,1.2104036208428164,1.0,25.75219061179696,25.75219061179696,analytic,1.1973836380515634
2,theta,6.409056095114514,1.2104036208428164,0.75,4.357983032548022,6.582963363064535,empirical,1.1973836380515634
3,naive,17.801882719081487,3.3983185013404005,0.8125,16.476311352838405,26.689563301360554,analytic,2.1239301313808108
3,naive,17.801882719081487,3.3983185013404005,0.9166666666666666,4.254595014241759,4.999819836029364,empirical,2.1239301313808108
3,naive2,8.503661319611318,1.5773683867340946,1.0,24.13838585406658,24.13838585406658,analytic,1.0
3,naive2,8.503661319611318,1.5773683867340946,0.5625,4.994162577996502,10.402517734819288,empirical,1.0
3,seasonal_naive,7.3998314703232095,1.4657536137512948,0.9583333333333334,6.216997778756977,6.492627388799824,analytic,0.8997167300908653
3,seasonal_naive,7.3998314703232095,1.4657536137512948,0.8541666666666666,4.983216381450678,6.33401681403461,empirical,0.8997167300908653
3,theta,8.65119425848491,1.605213754298331,1.0,24.138385854066588,24.138385854066588,analytic,1.0175011980577324
3,theta,8.65119425848491,1.605213754298331,0.75,4.16451405095512,5.695617430010228,empirical,1.0175011980577324
4,naive,42.37329480019167,6.73835347588059,0.5208333333333334,15.050471153398558,77.0773045486888,analytic,2.6680522765043992
4,naive,42.37329480019167,6.73835347588059,0.22916666666666666,5.563537009163752,52.231996583883,empirical,2.6680522765043992
4,naive2,16.824560620269565,2.3915507528903666,1.0,25.116843598469583,25.116843598469583,analytic,1.0
4,naive2,16.824560620269565,2.3915507528903666,0.875,6.73939063056508,10.508107672482595,empirical,1.0
4,seasonal_naive,7.669556102929338,1.26022006778127,0.9375,6.469005914691891,8.733035850906315,analytic,0.49140079253020585
4,seasonal_naive,7.669556102929338,1.26022006778127,0.8958333333333334,4.917040373633184,6.914189920364384,empirical,0.49140079253020585
4,theta,12.603144185670898,1.7589613943838094,1.0,25.116843598469586,25.116843598469586,analytic,0.7422909563163937
4,theta,12.603144185670898,1.7589613943838094,0.6458333333333334,4.600182885550967,9.270302347285842,empirical,0.7422909563163937
5,naive,20.701915024239632,5.835466120932473,0.7083333333333334,18.499261334678852,53.977594135237986,analytic,6.319296729570437
5,naive,20.701915024239632,5.835466120932473,0.8541666666666666,4.483601567711807,8.054150915425103,empirical,6.319296729570437
5,naive2,3.171758936983566,0.9548114303838493,1.0,24.34638099195422,24.34638099195422,analytic,1.0
5,naive2,3.171758936983566,0.9548114303838493,1.0,7.533989846110896,7.533989846110896,empirical,1.0
5,seasonal_naive,3.215497311805187,0.9769979755021866,1.0,6.270568275063459,6.270568275063459,analytic,1.0185132577780283
5,seasonal_naive,3.215497311805187,0.9769979755021866,1.0,5.589704594729819,5.589704594729819,empirical,1.0185132577780283
5,theta,3.6077967689686794,1.0468309712068766,1.0,24.346380991954216,24.346380991954216,analytic,1.1169248277872024
5,theta,3.6077967689686794,1.0468309712068766,0.875,4.847105980080715,6.0637319533491505,empirical,1.1169248277872024
6,naive,23.205312124729424,5.185625131806767,0.625,14.928489480492532,57.7708093736669,analytic,4.098728325016316
6,naive,23.205312124729424,5.185625131806767,0.6458333333333334,5.344857738566767,18.49579278495136,empirical,4.098728325016316
6,naive2,5.99631904466767,1.1982873793107525,1.0,25.75786963571039,25.75786963571039,analytic,1.0
6,naive2,5.99631904466767,1.1982873793107525,1.0,6.912060408382072,6.912060408382072,empirical,1.0
6,seasonal_naive,2.2425732776988467,0.47570293355976884,1.0,6.634106326697283,6.634106326697283,analytic,0.3854886684616713
6,seasonal_naive,2.2425732776988467,0.47570293355976884,1.0,4.7872061421130745,4.7872061421130745,empirical,0.3854886684616713
6,theta,4.318743160219031,0.846753225795729,1.0,25.75786963571039,25.75786963571039,analytic,0.7134342859340077
6,theta,4.318743160219031,0.846753225795729,0.875,4.728549017682024,6.150534046742047,empirical,0.7134342859340077
7,naive,17.02545342320412,3.3283419288903624,0.875,17.5641269828133,22.413161072956992,analytic,4.709447902215729
7,naive,17.02545342320412,3.3283419288903624,1.0,3.9846676409917294,3.9846676409917294,empirical,4.709447902215729
7,naive2,3.5031064559957947,0.7300926093681918,1.0,23.54525451529964,23.54525451529964,analytic,1.0
7,naive2,3.5031064559957947,0.7300926093681918,1.0,4.608786686260537,4.608786686260537,empirical,1.0
7,seasonal_naive,4.51599311284519,0.8872653680118971,1.0,6.064232956870431,6.064232956870431,analytic,1.2522086987563883
7,seasonal_naive,4.51599311284519,0.8872653680118971,1.0,4.632026541476978,4.632026541476978,empirical,1.2522086987563883
7,theta,3.58371923900655,0.7466028577914828,1.0,23.54525451529964,23.54525451529964,analytic,1.0228128546019413
7,theta,3.58371923900655,0.7466028577914828,1.0,4.317788235484833,4.317788235484833,empirical,1.0228128546019413
8,naive,15.133013410491733,2.7986402593209445,0.8333333333333334,14.081891356537486,24.650862740201433,analytic,5.330853696924162
8,naive,15.133013410491733,2.7986402593209445,1.0,3.540034788710332,3.540034788710332,empirical,5.330853696924162
8,naive2,2.7889601865789264,0.5345337647300079,1.0,23.492915502225678,23.492915502225678,analytic,1.0
8,naive2,2.7889601865789264,0.5345337647300079,1.0,4.081704471498371,4.081704471498371,empirical,1.0
8,seasonal_naive,4.170535019931275,0.7855938935543784,1.0,6.050752704711464,6.050752704711464,analytic,1.4825266572922158
8,seasonal_naive,4.170535019931275,0.7855938935543784,0.7916666666666666,3.853585775922237,5.270486605054497,empirical,1.4825266572922158
8,theta,3.5210769712911443,0.6833474581111576,1.0,23.492915502225678,23.492915502225678,analytic,1.2704521678144887
8,theta,3.5210769712911443,0.6833474581111576,0.6875,3.080877815156337,6.145015161781117,empirical,1.2704521678144887
9,naive,8.710725619836348,3.7128068203110365,0.875,21.628398000187396,28.102814411638047,analytic,4.012196573762143
9,naive,8.710725619836348,3.7128068203110365,0.8958333333333334,4.495939900693273,5.905064877271881,empirical,4.012196573762143
9,naive2,2.1735114411672947,0.9243382032935272,1.0,26.49888209391201,26.49888209391201,analytic,1.0
9,naive2,2.1735114411672947,0.9243382032935272,0.9583333333333334,6.056666224836141,7.29929510275214,empirical,1.0
9,seasonal_naive,2.6568179447405313,1.132049840734495,1.0,6.8249588896864735,6.8249588896864735,analytic,1.2235379822993022
9,seasonal_naive,2.6568179447405313,1.132049840734495,0.7916666666666666,4.86484565298857,6.131474845418784,empirical,1.2235379822993022
9,theta,2.060227651446766,0.9008426944670374,1.0,26.49888209391201,26.49888209391201,analytic,0.96123054606687
9,theta,2.060227651446766,0.9008426944670374,0.7916666666666666,3.6382356452952735,6.474017850171421,empirical,0.96123054606687
10,naive,18.69442708208391,3.696101956540074,0.8541666666666666,13.97839438136126,22.17594233644143,analytic,0.8320345661042488
10,naive,18.69442708208391,3.696101956540074,0.7708333333333334,9.102073967293254,15.607444705660626,empirical,0.8320345661042488
10,naive2,23.064520435956677,4.330312228804687,1.0,25.498365525974076,25.498365525974076,analytic,1.0
10,naive2,23.064520435956677,4.330312228804687,0.7916666666666666,9.533877669489137,13.874338222100976,empirical,1.0
10,seasonal_naive,2.2151720454397217,0.4666221568731615,1.0,6.56726936073101,6.56726936073101,analytic,0.10189978426710689
10,seasonal_naive,2.2151720454397217,0.4666221568731615,1.0,4.578888739322377,4.578888739322377,empirical,0.10189978426710689
10,theta,14.266389186394981,2.8085280428143817,0.9791666666666666,25.498365525974076,26.244967428654075,analytic,0.6335583299978037
10,theta,14.266389186394981,2.8085280428143817,0.9375,5.9792298443629335,6.614302814213239,empirical,0.6335583299978037
11,naive,18.622688304070152,3.174015630590192,0.8541666666666666,16.335946683298918,22.156985532396643,analytic,6.482740350735002
11,naive,18.622688304070152,3.174015630590192,0.9375,3.6996533903881024,3.8279190065824436,empirical,6.482740350735002
11,naive2,2.852426057565825,0.4931075276843579,1.0,23.17181806595392,23.17181806595392,analytic,1.0
11,naive2,2.852426057565825,0.4931075276843579,1.0,4.464816763717084,4.464816763717084,empirical,1.0
11,seasonal_naive,3.7555917878452036,0.6244174400306608,1.0,5.968051978153573,5.968051978153573,analytic,1.2914606755565163
11,seasonal_naive,3.7555917878452036,0.6244174400306608,1.0,4.69843413260986,4.69843413260986,empirical,1.2914606755565163
11,theta,2.8461985532597915,0.49433028012469094,1.0,23.171818065953918,23.171818065953918,analytic,1.0001482282365384
11,theta,2.8461985532597915,0.49433028012469094,1.0,4.015572918299181,4.015572918299181,empirical,1.0001482282365384
12,naive,17.953564083730413,2.789248334919125,0.8958333333333334,18.209173584526457,19.857182922177543,analytic,3.5780427263929604
12,naive,17.953564083730413,2.789248334919125,0.8333333333333334,3.9739058039961948,7.035275927687918,empirical,3.5780427263929604
12,naive2,4.806815548275401,0.8153162772083865,1.0,32.20972652169969,32.20972652169969,analytic,1.0
12,naive2,4.806815548275401,0.8153162772083865,0.9166666666666666,4.41197663383928,7.373011281424577,empirical,1.0
12,seasonal_naive,6.117642565799098,0.9668569616238505,0.9583333333333334,8.295823898516439,9.463829831484425,analytic,1.2292845558294188
12,seasonal_naive,6.117642565799098,0.9668569616238505,0.8541666666666666,4.6015897557881384,13.62696241674596,empirical,1.2292845558294188
12,theta,5.155752666824658,0.8634735488075157,1.0,32.20972652169969,32.20972652169969,analytic,1.065828957073292
12,theta,5.155752666824658,0.8634735488075157,0.9166666666666666,4.472653037386803,6.3347527125414365,empirical,1.065828957073292
13,naive,17.842734409435014,3.852073900162111,0.8125,15.425290450974552,36.27987083931865,analytic,4.802142778733478
13,naive,17.842734409435014,3.852073900162111,0.875,4.530379003857119,6.202523897367097,empirical,4.802142778733478
13,naive2,3.783078247028525,0.7880954971697667,1.0,24.170726972687024,24.170726972687024,analytic,1.0
13,naive2,3.783078247028525,0.7880954971697667,1.0,5.790713662564792,5.790713662564792,empirical,1.0
13,seasonal_naive,5.313673765671165,1.1360193414947735,1.0,6.225327443542408,6.225327443542408,analytic,1.4230320951872313
13,seasonal_naive,5.313673765671165,1.1360193414947735,1.0,4.82324053887864,4.82324053887864,empirical,1.4230320951872313
13,theta,3.4402215393205706,0.7935811403297612,1.0,24.17072697268702,24.17072697268702,analytic,0.9581658018282257
13,theta,3.4402215393205706,0.7935811403297612,0.9375,3.8204862322868376,3.976808370846548,empirical,0.9581658018282257
14,naive,16.978590420522558,2.8628969522547174,0.8958333333333334,15.056204338672954,17.97684330777238,analytic,3.4892086857845293
14,naive,16.978590420522558,2.8628969522547174,1.0,4.012144141752903,4.012144141752903,empirical,3.4892086857845293
14,naive2,4.756867755292428,0.8397715302001427,1.0,24.364781149079743,24.364781149079743,analytic,1.0
14,naive2,4.756867755292428,0.8397715302001427,1.0,4.386148375173754,4.386148375173754,empirical,1.0
14,seasonal_naive,5.494003029106546,0.9381710467815073,1.0,6.275307354829177,6.275307354829177,analytic,1.1360682369012876
14,seasonal_naive,5.494003029106546,0.9381710467815073,1.0,4.648435937586076,4.648435937586076,empirical,1.1360682369012876
14,theta,5.022726840635178,0.8791932064094952,1.0,24.364781149079747,24.364781149079747,analytic,1.0514164305983722
14,theta,5.022726840635178,0.8791932064094952,1.0,4.546536388416851,4.546536388416851,empirical,1.0514164305983722
15,naive,19.326363706893744,3.293694632621157,0.8541666666666666,18.68743740409981,23.936695213140478,analytic,4.51309879614621
15,naive,19.326363706893744,3.293694632621157,0.9583333333333334,4.4505681778704185,7.279270627062705,empirical,4.51309879614621
15,naive2,4.2261244860787395,0.7396362825794524,1.0,24.960241906728125,24.960241906728125,analytic,1.0
15,naive2,4.2261244860787395,0.7396362825794524,0.9583333333333334,5.307497887928041,8.040718226702708,empirical,1.0
15,seasonal_naive,4.3087249516244395,0.7990585374326907,0.9583333333333334,6.428672133651507,8.378371566023931,analytic,1.0499425181544595
15,seasonal_naive,4.3087249516244395,0.7990585374326907,0.8541666666666666,5.018980024318221,8.271576862949454,empirical,1.0499425181544595
15,theta,3.3066065855445888,0.5976139374733693,1.0,24.960241906728125,24.960241906728125,analytic,0.7952020349935265
15,theta,3.3066065855445888,0.5976139374733693,0.9583333333333334,4.798722071672486,5.621412831443223,empirical,0.7952020349935265
16,naive,18.186625541859964,7.7483772299329825,0.8125,35.34587202966836,68.76146760660615,analytic,9.110033997517023
16,naive,18.186625541859964,7.7483772299329825,0.75,4.624167206102606,12.493086255806867,empirical,9.110033997517023
16,naive2,2.0059736494428058,0.8464624580558704,1.0,26.454947839330053,26.454947839330053,analytic,1.0
16,naive2,2.0059736494428058,0.8464624580558704,0.8958333333333334,6.55652419852741,13.285565086130655,empirical,1.0
16,seasonal_naive,1.527793160005463,0.6736968853920747,1.0,6.813643337569666,6.813643337569666,analytic,0.7787593477386516
16,seasonal_naive,1.527793160005463,0.6736968853920747,0.8958333333333334,4.633320541561952,12.533543931504326,empirical,0.7787593477386516
16,theta,2.301226224005996,0.9702652381874968,1.0,26.454947839330053,26.454947839330053,analytic,1.146722849485277
16,theta,2.301226224005996,0.9702652381874968,0.875,4.463643423283204,11.625222942195792,empirical,1.146722849485277
17,naive,18.529270549189867,4.048132371288233,0.8958333333333334,24.92743494655019,27.38221135718229,analytic,6.1082418319697265
17,naive,18.529270549189867,4.048132371288233,1.0,4.883381187674565,4.883381187674565,empirical,6.1082418319697265
17,naive2,2.9240448212203294,0.6885022679865355,1.0,24.714599224819768,24.714599224819768,analytic,1.0
17,naive2,2.9240448212203294,0.6885022679865355,1.0,6.705486754755316,6.705486754755316,empirical,1.0
17,seasonal_naive,3.3682457526038343,0.7682719432493953,1.0,6.36540526829336,6.36540526829336,analytic,1.1338864438545198
17,seasonal_naive,3.3682457526038343,0.7682719432493953,1.0,5.109962179182994,5.109962179182994,empirical,1.1338864438545198
17,theta,2.922064022844123,0.6874513771758247,1.0,24.714599224819768,24.714599224819768,analytic,0.998898119738842
17,theta,2.922064022844123,0.6874513771758247,1.0,4.843383235990343,4.843383235990343,empirical,0.998898119738842
18,naive,18.479450520778027,3.669199591498053,0.9166666666666666,21.98545618396243,23.42026521502265,analytic,7.546092883169699
18,naive,18.479450520778027,3.669199591498053,1.0,4.638609710431693,4.638609710431693,empirical,7.546092883169699
18,naive2,2.3336707117651927,0.5114889137001577,1.0,25.59415195868824,25.59415195868824,analytic,1.0
18,naive2,2.3336707117651927,0.5114889137001577,1.0,6.214070781800424,6.214070781800424,empirical,1.0
18,seasonal_naive,1.8964119288510062,0.44136826876023916,1.0,6.591939777511124,6.591939777511124,analytic,0.8377696197112665
18,seasonal_naive,1.8964119288510062,0.44136826876023916,1.0,5.088607582817386,5.088607582817386,empirical,0.8377696197112665
18,theta,2.4001000970203137,0.52332975386536,1.0,25.59415195868824,25.59415195868824,analytic,1.025807685028482
18,theta,2.4001000970203137,0.52332975386536,0.9583333333333334,4.766596068893075,4.865722693781681,empirical,1.025807685028482
19,naive,20.522723454356793,3.2963789480878662,0.8958333333333334,20.137035098638325,22.436770569988273,analytic,6.108786818484454
19,naive,20.522723454356793,3.2963789480878662,1.0,4.771362774523425,4.771362774523425,empirical,6.108786818484454
19,naive2,3.1749968623517444,0.5729129103840346,1.0,26.034423324889364,26.034423324889364,analytic,1.0
19,naive2,3.1749968623517444,0.5729129103840346,1.0,6.5159412863141055,6.5159412863141055,empirical,1.0
19,seasonal_naive,4.208815249464867,0.7190805048744588,1.0,6.705334522390537,6.705334522390537,analytic,1.2903714885779443
19,seasonal_naive,4.208815249464867,0.7190805048744588,1.0,4.924235217244259,4.924235217244259,empirical,1.2903714885779443
19,theta,3.1817873852889775,0.5728330466578426,1.0,26.034423324889367,26.034423324889367,analytic,1.000999675038767
19,theta,3.1817873852889775,0.5728330466578426,0.9375,4.7801560915551855,4.905720397460033,empirical,1.000999675038767
20,naive,18.203322835907723,3.6881957394427656,0.9791666666666666,25.273359789890286,25.350076394195202,analytic,4.347123309978859
20,naive,18.203322835907723,3.6881957394427656,1.0,4.935747832823499,4.935747832823499,empirical,4.347123309978859
20,naive2,4.107012817737998,0.8653688134302111,1.0,26.041950337639207,26.041950337639207,analytic,1.0
20,naive2,4.107012817737998,0.8653688134302111,1.0,6.594784791190231,6.594784791190231,empirical,1.0
20,seasonal_naive,4.541860288751304,0.9635127397214134,1.0,6.7072731533258985,6.7072731533258985,analytic,1.1096460442512972
20,seasonal_naive,4.541860288751304,0.9635127397214134,1.0,4.921064082896223,4.921064082896223,empirical,1.1096460442512972
20,theta,4.234621138361313,0.8885986172790389,1.0,26.041950337639207,26.041950337639207,analytic,1.028957327398267
20,theta,4.234621138361313,0.8885986172790389,1.0,4.388443022136819,4.388443022136819,empirical,1.028957327398267
21,naive,8.154662624077186,3.1940710616438355,0.8125,13.435301237529705,23.429749923272652,analytic,3.4425930517814614
21,naive,8.154662624077186,3.1940710616438355,0.8333333333333334,3.959249429223744,5.328998287671231,empirical,3.4425930517814614
21,naive2,2.327121122435853,0.9447115926447521,1.0,24.58811540863774,24.58811540863774,analytic,1.0
21,naive2,2.327121122435853,0.9447115926447521,0.8958333333333334,5.234651134374721,6.380246660133521,empirical,1.0
21,seasonal_naive,4.468015532501305,1.7326840753424657,1.0,6.332828541373579,6.332828541373579,analytic,1.8770316846468922
21,seasonal_naive,4.468015532501305,1.7326840753424657,0.8541666666666666,5.100385273972602,8.428296232876711,empirical,1.8770316846468922
21,theta,2.9839027416090773,1.2046959042485772,1.0,24.58811540863774,24.58811540863774,analytic,1.2787144499103944
21,theta,2.9839027416090773,1.2046959042485772,0.8125,4.01043897994913,6.293892936491978,empirical,1.2787144499103944
22,naive,21.141324577380864,2.3308315925594347,0.9166666666666666,13.335445362758692,14.064605508766812,analytic,2.3301870282821526
22,naive,21.141324577380864,2.3308315925594347,0.9166666666666666,4.266186710434695,4.83439520541132,empirical,2.3301870282821526
22,naive2,9.052675691097624,1.0025053838247358,1.0,25.456145358248055,25.456145358248055,analytic,1.0
22,naive2,9.052675691097624,1.0025053838247358,0.9375,5.0010907235546584,5.312919275783155,empirical,1.0
22,seasonal_naive,7.385233131968305,0.8968616333432806,1.0,6.556395282797286,6.556395282797286,analytic,0.855213463781693
22,seasonal_naive,7.385233131968305,0.8968616333432806,0.8958333333333334,4.4624539938326855,6.150268576544316,empirical,0.855213463781693
22,theta,4.747915312680749,0.5282778608520275,1.0,25.456145358248055,25.456145358248055,analytic,0.5257170455657567
22,theta,4.747915312680749,0.5282778608520275,0.9375,4.290029084959042,4.709081097289542,empirical,0.5257170455657567
23,naive,44.294674583508026,5.603737662522778,0.6875,16.515672442741035,44.69445034135113,analytic,4.833700407702542
23,naive,44.294674583508026,5.603737662522778,0.6041666666666666,3.7941598681485633,10.336393178410765,empirical,4.833700407702542
23,naive2,8.595462555892102,1.2413748164405238,1.0,28.27832707820369,28.27832707820369,analytic,1.0
23,naive2,8.595462555892102,1.2413748164405238,1.0,6.567042764095309,6.567042764095309,empirical,1.0
23,seasonal_naive,4.7235411931729105,0.6190470553952586,1.0,7.283266482482615,7.283266482482615,analytic,0.5241087589715753
23,seasonal_naive,4.7235411931729105,0.6190470553952586,1.0,5.471295753355812,5.471295753355812,empirical,0.5241087589715753
23,theta,6.034204792372223,0.8733496983338341,1.0,28.27832707820369,28.27832707820369,analytic,0.7027781810344333
23,theta,6.034204792372223,0.8733496983338341,1.0,4.56280809257711,4.56280809257711,empirical,0.7027781810344333
24,naive,17.26373505121758,3.113464187327824,0.7916666666666666,12.642072883854231,26.789271593459947,analytic,3.950189160559318
24,naive,17.26373505121758,3.113464187327824,1.0,6.048074926133688,6.048074926133688,empirical,3.950189160559318
24,naive2,4.292466937796383,0.802747410970622,1.0,24.47584145744492,24.47584145744492,analytic,1.0
24,naive2,4.292466937796383,0.802747410970622,1.0,7.475380874579017,7.475380874579017,empirical,1.0
24,seasonal_naive,7.437704996545554,1.36940560813029,1.0,6.3039116573119,6.3039116573119,analytic,1.7193164375703474
24,seasonal_naive,7.437704996545554,1.36940560813029,0.9583333333333334,5.158406039909219,5.178910186414307,empirical,1.7193164375703474
24,theta,5.722310191967055,1.100000965222495,1.0,24.47584145744491,24.47584145744491,analytic,1.3517002485080358
24,theta,5.722310191967055,1.100000965222495,0.9791666666666666,5.345256174383746,5.581477544121302,empirical,1.3517002485080358
25,naive,13.019263688830133,1.73447507093636,0.875,8.93930865594957,11.57383214842715,analytic,2.1411538063995046
25,naive,13.019263688830133,1.73447507093636,0.8333333333333334,3.132635229473495,4.306341485384859,empirical,2.1411538063995046
25,naive2,5.980290813090059,0.8238694247796196,1.0,23.29607701596711,23.29607701596711,analytic,1.0
25,naive2,5.980290813090059,0.8238694247796196,0.9166666666666666,3.1793913727794383,4.378604031830428,empirical,1.0
25,seasonal_naive,6.773751892296525,0.9522091609241995,1.0,6.000055676366578,6.000055676366578,analytic,1.1442280695139408
25,seasonal_naive,6.773751892296525,0.9522091609241995,0.9166666666666666,4.6145623339188395,5.894303810295906,empirical,1.1442280695139408
25,theta,6.81421546537292,0.9479956433465112,1.0,23.29607701596711,23.29607701596711,analytic,1.1450539955655508
25,theta,6.81421546537292,0.9479956433465112,0.9375,3.741669091000438,4.497474669174854,empirical,1.1450539955655508
26,naive,18.55905525391911,2.799724453106623,0.8541666666666666,15.365186948066258,21.828526701429965,analytic,3.5405873584431786
26,naive,18.55905525391911,2.799724453106623,0.875,4.726940682743969,7.149961169543478,empirical,3.5405873584431786
26,naive2,5.117510726357585,0.8104346837447592,1.0,26.061944956031198,26.061944956031198,analytic,1.0
26,naive2,5.117510726357585,0.8104346837447592,0.9583333333333334,5.229362168039364,5.577845624127048,empirical,1.0
26,seasonal_naive,3.3813109347920998,0.5423401323969219,1.0,6.71242289692854,6.71242289692854,analytic,0.664965064223044
26,seasonal_naive,3.3813109347920998,0.5423401323969219,1.0,4.49210014897454,4.49210014897454,empirical,0.664965064223044
26,theta,4.967622371701794,0.791662060299878,1.0,26.061944956031198,26.061944956031198,analytic,0.9737735215186389
26,theta,4.967622371701794,0.791662060299878,0.9583333333333334,4.52061072974716,4.83988172168497,empirical,0.9737735215186389
27,naive,20.53713741287991,3.7675925116697035,0.8333333333333334,15.515747088153347,30.534399137643973,analytic,5.4588825427000724
27,naive,20.53713741287991,3.7675925116697035,0.8333333333333334,4.783553898005787,6.225716316967738,empirical,5.4588825427000724
27,naive2,3.6342737400311487,0.7153469362188557,1.0,28.267290227499338,28.267290227499338,analytic,1.0
27,naive2,3.6342737400311487,0.7153469362188557,1.0,5.756178920634393,5.756178920634393,empirical,1.0
27,seasonal_naive,4.506120973647065,0.8135833551825136,1.0,7.280423870025914,7.280423870025914,analytic,1.188611410484508
27,seasonal_naive,4.506120973647065,0.8135833551825136,1.0,5.237070047351095,5.237070047351095,empirical,1.188611410484508
27,theta,3.3086312986341855,0.6492157984846139,1.0,28.267290227499338,28.267290227499338,analytic,0.908975293648276
27,theta,3.3086312986341855,0.6492157984846139,1.0,4.975558226916548,4.975558226916548,empirical,0.908975293648276
28,naive,16.980212939114274,2.747356042939752,0.8541666666666666,13.606171652645587,18.076584697785385,analytic,5.188031183202963
28,naive,16.980212939114274,2.747356042939752,0.8541666666666666,4.089144735206519,5.531657211236466,empirical,5.188031183202963
28,naive2,3.4390151303392194,0.5051642295215363,1.0,25.472027371728316,25.472027371728316,analytic,1.0
28,naive2,3.4390151303392194,0.5051642295215363,0.9375,4.095732358140791,4.236036756005302,empirical,1.0
28,seasonal_naive,8.76613906642884,1.4990925770315087,1.0,6.560485798340699,6.560485798340699,analytic,2.758280557045689
28,seasonal_naive,8.76613906642884,1.4990925770315087,0.6458333333333334,4.673096193464235,11.53861528083705,empirical,2.758280557045689
28,theta,7.626199181264097,1.242679757625302,1.0,25.472027371728313,25.472027371728313,analytic,2.338752626193413
28,theta,7.626199181264097,1.242679757625302,0.7291666666666666,4.29122438643295,7.061478070334835,empirical,2.338752626193413
29,naive,13.840522446339401,2.699374044952994,0.8541666666666666,12.994089362689879,20.531010977620774,analytic,2.4658885117342937
29,naive,13.840522446339401,2.699374044952994,0.5625,3.3080938752326285,12.181266385984696,empirical,2.4658885117342937
29,naive2,5.551080132889121,1.1069929635761815,1.0,24.222764715101132,24.222764715101132,analytic,1.0
29,naive2,5.551080132889121,1.1069929635761815,0.7291666666666666,3.710438319816569,7.059714575115575,empirical,1.0
29,seasonal_naive,6.062655548031202,1.2547608993764927,1.0,6.238730101489629,6.238730101489629,analytic,1.1128218500948766
29,seasonal_naive,6.062655548031202,1.2547608993764927,0.8541666666666666,5.112858502093972,7.921475104918052,empirical,1.1128218500948766
29,theta,6.636027600140401,1.344866545864753,1.0,24.22276471510114,24.22276471510114,analytic,1.2051653215023959
29,theta,6.636027600140401,1.344866545864753,0.8125,4.259942362545243,6.7845731794654975,empirical,1.2051653215023959
30,naive,14.934167928553451,3.307603223642252,0.8125,15.890620047841963,29.15247686919081,analytic,6.252260940840332
30,naive,14.934167928553451,3.307603223642252,1.0,3.8403116380774107,3.8403116380774107,empirical,6.252260940840332
30,naive2,2.4379193943394135,0.5185356963724355,1.0,24.254556048891164,24.254556048891164,analytic,1.0
30,naive2,2.4379193943394135,0.5185356963724355,1.0,4.211553252025812,4.211553252025812,empirical,1.0
30,seasonal_naive,6.442043771618013,1.4542718781664223,1.0,6.24691816562744,6.24691816562744,analytic,2.723504689401255
30,seasonal_naive,6.442043771618013,1.4542718781664223,0.6666666666666666,4.560338079343123,8.338949616095025,empirical,2.723504689401255
30,theta,5.4602217146418806,1.2233052826899162,1.0,24.254556048891164,24.254556048891164,analytic,2.2994295293746845
30,theta,5.4602217146418806,1.2233052826899162,0.6666666666666666,4.01109721884888,7.347124635962242,empirical,2.2994295293746845
31,naive,14.595073673489242,3.202591287102341,0.8125,15.437405939128737,28.587743304201375,analytic,6.385434068254227
31,naive,14.595073673489242,3.202591287102341,0.9583333333333334,3.8237062754564186,3.8415159669119316,empirical,6.385434068254227
31,naive2,2.32588432199962,0.49302463057792983,1.0,24.080517415342445,24.080517415342445,analytic,1.0
31,naive2,2.32588432199962,0.49302463057792983,1.0,4.185404707037115,4.185404707037115,empirical,1.0
31,seasonal_naive,6.1499909618793005,1.3730302673328372,1.0,6.202093387171591,6.202093387171591,analytic,2.714531903392719
31,seasonal_naive,6.1499909618793005,1.3730302673328372,0.7916666666666666,4.54315684554656,6.97824737480353,empirical,2.714531903392719
31,theta,5.2050347087549484,1.155154922697723,1.0,24.080517415342445,24.080517415342445,analytic,2.29043489938417
31,theta,5.2050347087549484,1.155154922697723,0.75,4.0070608914266295,6.125041294090462,empirical,2.29043489938417
32,naive,17.090662778411758,3.9117765942270197,0.8333333333333334,18.65633655710364,26.371292387736112,analytic,2.492951052905245
32,naive,17.090662778411758,3.9117765942270197,0.75,5.847012706659057,10.821954057492045,empirical,2.492951052905245
32,naive2,6.895840638271085,1.5600302590783655,1.0,27.384781699527792,27.384781699527792,analytic,1.0
32,naive2,6.895840638271085,1.5600302590783655,0.5208333333333334,7.5829017854359,18.353145395078297,empirical,1.0
32,seasonal_naive,9.319767581698368,1.9647619557119531,1.0,7.053128076872914,7.053128076872914,analytic,1.3054720063202974
32,seasonal_naive,9.319767581698368,1.9647619557119531,0.3333333333333333,4.916894229397498,28.092546503241554,empirical,1.3054720063202974
32,theta,7.701683246317109,1.7295813641245275,1.0,27.384781699527785,27.384781699527785,analytic,1.112771862443069
32,theta,7.701683246317109,1.7295813641245275,0.5,4.843086794708331,13.719950957814895,empirical,1.112771862443069
33,naive,16.267998904497787,5.751705768766877,0.8125,23.928056634806335,54.38082318101145,analytic,6.237696070066547
33,naive,16.267998904497787,5.751705768766877,0.7291666666666666,5.556966577800921,10.847799175147625,empirical,6.237696070066547
33,naive2,2.6157942554259006,0.9193537166562871,1.0,25.890581206804402,25.890581206804402,analytic,1.0
33,naive2,2.6157942554259006,0.9193537166562871,0.9375,8.090815201406453,8.37806930984537,empirical,1.0
33,seasonal_naive,5.415511237296456,1.8866876730741486,1.0,6.668287052272509,6.668287052272509,analytic,2.0612507395006676
33,seasonal_naive,5.415511237296456,1.8866876730741486,0.5625,5.048459989498751,20.39832321131788,empirical,2.0612507395006676
33,theta,3.151537490146893,1.190887367618044,1.0,25.890581206804402,25.890581206804402,analytic,1.250081837660689
33,theta,3.151537490146893,1.190887367618044,0.8125,4.784273151392594,8.270003434739513,empirical,1.250081837660689
34,naive,12.690756147415774,2.9171419436235118,0.8541666666666666,14.794960587533174,23.14305858593071,analytic,4.349669106018318
34,naive,12.690756147415774,2.9171419436235118,1.0,5.2324910129448154,5.2324910129448154,empirical,4.349669106018318
34,naive2,2.8113650504114656,0.6970057962902851,1.0,25.12684293302959,25.12684293302959,analytic,1.0
34,naive2,2.8113650504114656,0.6970057962902851,1.0,6.420536328530262,6.420536328530262,empirical,1.0
34,seasonal_naive,5.374583762684517,1.2968320630476486,1.0,6.471581308138844,6.471581308138844,analytic,1.886155147501478
34,seasonal_naive,5.374583762684517,1.2968320630476486,0.875,4.790794101380895,5.662650792416304,empirical,1.886155147501478
34,theta,4.414917110042973,1.0799369367304215,1.0,25.12684293302959,25.12684293302959,analytic,1.5598882494764617
34,theta,4.414917110042973,1.0799369367304215,1.0,5.026091665436079,5.026091665436079,empirical,1.5598882494764617
35,naive,13.202103708070592,2.040583988462941,0.8541666666666666,10.653381002946297,17.34728908738066,analytic,1.548376487265017
35,naive,13.202103708070592,2.040583988462941,0.4791666666666667,3.347533757117551,13.607993532303476,empirical,1.548376487265017
35,naive2,8.27400141390431,1.3593561821688094,1.0,23.196549089320875,23.196549089320875,analytic,1.0
35,naive2,8.27400141390431,1.3593561821688094,0.6041666666666666,3.6192158344191223,11.575778655398876,empirical,1.0
35,seasonal_naive,8.3544208429783,1.3927881235559894,1.0,5.974421613566161,5.974421613566161,analytic,1.0171567427116028
35,seasonal_naive,8.3544208429783,1.3927881235559894,0.7916666666666666,5.004838975743979,8.7127274171701,empirical,1.0171567427116028
35,theta,8.906436934359887,1.4786359762661245,1.0,23.196549089320875,23.196549089320875,analytic,1.082091873658531
35,theta,8.906436934359887,1.4786359762661245,0.6041666666666666,4.147335081644325,8.19124598844641,empirical,1.082091873658531
36,naive,21.085033736593086,2.8186149013830626,0.8541666666666666,12.733202370038223,19.064961504179717,analytic,1.549585554114647
36,naive,21.085033736593086,2.8186149013830626,0.7083333333333334,5.098100123065314,17.70140761567691,empirical,1.549585554114647
36,naive2,13.403761851834462,1.8469365272194782,1.0,23.558581385499338,23.558581385499338,analytic,1.0
36,naive2,13.403761851834462,1.8469365272194782,0.75,5.817775533944713,13.809121952948633,empirical,1.0
36,seasonal_naive,10.467882500564977,1.3604750740338174,0.9583333333333334,6.067665378695574,6.701330025852037,analytic,0.7587888634119435
36,seasonal_naive,10.467882500564977,1.3604750740338174,0.6875,4.283851869484892,12.972978704610314,empirical,0.7587888634119435
36,theta,9.602017278705889,1.336865469494593,1.0,23.558581385499338,23.558581385499338,analytic,0.7200979689916154
36,theta,9.602017278705889,1.336865469494593,0.875,4.0598340729720865,5.124944793970787,empirical,0.7200979689916154
37,naive,21.75922551714864,3.9324230686464383,0.7916666666666666,14.137950745882508,42.025527376261195,analytic,5.305483270936355
37,naive,21.75922551714864,3.9324230686464383,0.8541666666666666,5.759237787820099,8.263264758625638,empirical,5.305483270936355
37,naive2,4.18364864620557,0.7268871277956718,1.0,24.355419845103015,24.355419845103015,analytic,1.0
37,naive2,4.18364864620557,0.7268871277956718,1.0,6.940825051248788,6.940825051248788,empirical,1.0
37,seasonal_naive,10.16904524660344,1.6676945699734596,0.8958333333333334,6.272896290295642,8.04483874479202,analytic,2.3624803647276185
37,seasonal_naive,10.16904524660344,1.6676945699734596,0.5208333333333334,4.795024962341295,21.892621978337278,empirical,2.3624803647276185
37,theta,4.591677909244886,0.8702110957161225,1.0,24.355419845103015,24.355419845103015,analytic,1.1473522612043996
37,theta,4.591677909244886,0.8702110957161225,0.8333333333333334,4.638533295102065,6.085501484230554,empirical,1.1473522612043996
38,naive,13.842694702767478,2.6991528221044767,0.8541666666666666,12.990680889809472,20.52589148638502,analytic,2.466416014272046
38,naive,13.842694702767478,2.6991528221044767,0.5625,3.306252653146593,12.200648811614112,empirical,2.466416014272046
38,naive2,5.550841500359111,1.1066496956333478,1.0,24.21996558503881,24.21996558503881,analytic,1.0
38,naive2,5.550841500359111,1.1066496956333478,0.7291666666666666,3.709209055974802,7.057244814305257,empirical,1.0
38,seasonal_naive,6.0617025220550635,1.2542289177055468,1.0,6.238009167393822,6.238009167393822,analytic,1.1126949202639889
38,seasonal_naive,6.0617025220550635,1.2542289177055468,0.8541666666666666,5.112087884351212,7.919663274167952,empirical,1.1126949202639889
38,theta,6.6350755686088005,1.344306700304898,1.0,24.21996558503881,24.21996558503881,analytic,1.2050407362819255
38,theta,6.6350755686088005,1.344306700304898,0.8125,4.258758371538234,6.785039358703836,empirical,1.2050407362819255
39,naive,12.733964428602116,2.877172254911117,0.8541666666666666,19.051333202599547,25.94504798724127,analytic,4.99800755613218
39,naive,12.733964428602116,2.877172254911117,1.0,5.289161763332398,5.289161763332398,empirical,4.99800755613218
39,naive2,2.6240043765085295,0.5594193468215873,1.0,24.717736796771458,24.717736796771458,analytic,1.0
39,naive2,2.6240043765085295,0.5594193468215873,1.0,6.2171019561656,6.2171019561656,empirical,1.0
39,seasonal_naive,5.054112361148844,1.1188272469723857,1.0,6.366213370292073,6.366213370292073,analytic,1.963043109761053
39,seasonal_naive,5.054112361148844,1.1188272469723857,0.4791666666666667,3.77044519161919,13.461862021730333,empirical,1.963043109761053
39,theta,2.77692817818047,0.588531574043611,1.0,24.717736796771458,24.717736796771458,analytic,1.0551594350112348
39,theta,2.77692817818047,0.588531574043611,0.9375,3.7902581026965603,3.9708575593724693,empirical,1.0551594350112348
40,naive,14.739708769445404,2.603684533645878,0.8333333333333334,13.384336401085614,25.45934223311244,analytic,7.311518180403558
40,naive,14.739708769445404,2.603684533645878,0.9375,4.960584965821486,5.5921291746440795,empirical,7.311518180403558
40,naive2,2.0198447855094974,0.3554231804808988,1.0,23.353473804682956,23.353473804682956,analytic,1.0
40,naive2,2.0198447855094974,0.3554231804808988,1.0,5.939865972151746,5.939865972151746,empirical,1.0
40,seasonal_naive,3.9242351763818206,0.6715283389266223,1.0,6.014838591434373,6.014838591434373,analytic,1.916108422237355
40,seasonal_naive,3.9242351763818206,0.6715283389266223,1.0,4.979039179715652,4.979039179715652,empirical,1.916108422237355
40,theta,2.1177164485544964,0.37525001634876004,1.0,23.353473804682956,23.353473804682956,analytic,1.0521193930043586
40,theta,2.1177164485544964,0.37525001634876004,0.9791666666666666,4.321336968041288,4.3419931928892685,empirical,1.0521193930043586
41,naive,16.02087738022652,3.4730090841357173,0.875,23.008428005870964,25.889345973627897,analytic,4.7317875677251875
41,naive,16.02087738022652,3.4730090841357173,0.9166666666666666,4.163639672168729,4.760776879871619,empirical,4.7317875677251875
41,naive2,3.346996191129864,0.7425828116248061,1.0,26.112809803441376,26.112809803441376,analytic,1.0
41,naive2,3.346996191129864,0.7425828116248061,0.9375,5.085241964844299,5.818732467460079,empirical,1.0
41,seasonal_naive,3.9794181275147493,0.8582939305364512,1.0,6.725523468162994,6.725523468162994,analytic,1.1723873025104252
41,seasonal_naive,3.9794181275147493,0.8582939305364512,0.9375,4.641131505043557,5.517707616918844,empirical,1.1723873025104252
41,theta,3.3478114138124293,0.7450574683812097,1.0,26.112809803441383,26.112809803441383,analytic,1.0017880339142393
41,theta,3.3478114138124293,0.7450574683812097,1.0,4.170118315122551,4.170118315122551,empirical,1.0017880339142393
42,naive,14.37684630717472,2.789006719299381,0.875,16.739883200374408,20.011350611171363,analytic,4.613187288974784
42,naive,14.37684630717472,2.789006719299381,1.0,4.444969490821631,4.444969490821631,empirical,4.613187288974784
42,naive2,2.9730626340623627,0.6352117961322016,1.0,24.808744345048982,24.808744345048982,analytic,1.0
42,naive2,2.9730626340623627,0.6352117961322016,0.9791666666666666,4.986733815586106,5.0094555577157305,empirical,1.0
42,seasonal_naive,4.710339176705278,0.914099743307664,1.0,6.389652954401472,6.389652954401472,analytic,1.5116931056774066
42,seasonal_naive,4.710339176705278,0.914099743307664,1.0,4.950959697685455,4.950959697685455,empirical,1.5116931056774066
42,theta,3.181084039129018,0.6737736441940709,1.0,24.808744345048982,24.808744345048982,analytic,1.0653378988982731
42,theta,3.181084039129018,0.6737736441940709,1.0,4.787902879117107,4.787902879117107,empirical,1.0653378988982731
43,naive,14.068699369333416,2.9586084123735117,0.8541666666666666,16.382666853118035,25.621217920743888,analytic,3.7630612567285495
43,naive,14.068699369333416,2.9586084123735117,0.875,4.10482048990496,5.110105851375633,empirical,3.7630612567285495
43,naive2,3.6690404132807894,0.8014245312264344,1.0,25.82921323800034,25.82921323800034,analytic,1.0
43,naive2,3.6690404132807894,0.8014245312264344,1.0,4.921239782125384,4.921239782125384,empirical,1.0
43,seasonal_naive,5.302290105749,1.103946243068969,1.0,6.652481334025718,6.652481334025718,analytic,1.4113117648210811
43,seasonal_naive,5.302290105749,1.103946243068969,0.9791666666666666,4.91976749214403,5.42647029146366,empirical,1.4113117648210811
43,theta,3.7373204194864833,0.8253666635540818,1.0,25.82921323800034,25.82921323800034,analytic,1.0242421205979002
43,theta,3.7373204194864833,0.8253666635540818,1.0,4.654784393359557,4.654784393359557,empirical,1.0242421205979002
44,naive,14.77813293462568,3.5080975744445864,0.8958333333333334,19.85143153143203,21.734963497960532,analytic,5.618907931818039
44,naive,14.77813293462568,3.5080975744445864,1.0,5.248362750095576,5.248362750095576,empirical,5.618907931818039
44,naive2,2.6184879560738965,0.6271123019919727,1.0,24.889260217300734,24.889260217300734,analytic,1.0
44,naive2,2.6184879560738965,0.6271123019919727,0.9791666666666666,5.6633169144263205,5.770657011115521,empirical,1.0
44,seasonal_naive,2.5033263154051477,0.6131525848519604,1.0,6.410390339327293,6.410390339327293,analytic,0.9668797395117059
44,seasonal_naive,2.5033263154051477,0.6131525848519604,1.0,5.657253090353,5.657253090353,empirical,0.9668797395117059
44,theta,2.6098121205743254,0.6321575853756862,1.0,24.889260217300734,24.889260217300734,analytic,1.002365981610184
44,theta,2.6098121205743254,0.6321575853756862,1.0,5.468444169659544,5.468444169659544,empirical,1.002365981610184
45,naive,29.131449566100592,3.3076807695285284,0.8958333333333334,17.92492016830204,19.810904807881712,analytic,4.820795720570448
45,naive,29.131449566100592,3.3076807695285284,0.9375,4.283798670768818,5.1941945315207985,empirical,4.820795720570448
45,naive2,5.943631252206902,0.6977783029926459,1.0,27.301397817830292,27.301397817830292,analytic,1.0
45,naive2,5.943631252206902,0.6977783029926459,0.9583333333333334,4.987647571135172,6.207750818194508,empirical,1.0
45,seasonal_naive,4.483733821559205,0.568315978942479,1.0,7.031652017519504,7.031652017519504,analytic,0.7844205694381534
45,seasonal_naive,4.483733821559205,0.568315978942479,0.9583333333333334,4.3460090545914145,4.749417998876722,empirical,0.7844205694381534
45,theta,7.880606077313305,0.9078792349295902,1.0,27.301397817830292,27.301397817830292,analytic,1.313495324377468
45,theta,7.880606077313305,0.9078792349295902,0.8125,4.052063555870475,7.5541116945058215,empirical,1.313495324377468
46,naive,14.678485352877482,3.459649010625217,0.8958333333333334,19.611589389196705,21.430866101071686,analytic,5.614997816263383
46,naive,14.678485352877482,3.459649010625217,1.0,5.198649244589492,5.198649244589492,empirical,5.614997816263383
46,naive2,2.6011352960479908,0.6192443362484952,1.0,24.81812582968056,24.81812582968056,analytic,1.0
46,naive2,2.6011352960479908,0.6192443362484952,0.9791666666666666,5.607889772740683,5.688190652615199,empirical,1.0
46,seasonal_naive,2.464905331412781,0.5998709396210241,1.0,6.392069216593508,6.392069216593508,analytic,0.9581705917688101
46,seasonal_naive,2.464905331412781,0.5998709396210241,1.0,5.619566947985575,5.619566947985575,empirical,0.9581705917688101
46,theta,2.6046378168983253,0.626567310580198,1.0,24.818125829680554,24.818125829680554,analytic,1.0065860988115842
46,theta,2.6046378168983253,0.626567310580198,1.0,5.41523128291423,5.41523128291423,empirical,1.0065860988115842
47,naive,19.645202335656275,3.393598412585616,0.8125,15.889821076915974,26.715933107468295,analytic,2.490814062603681
47,naive,19.645202335656275,3.393598412585616,0.9375,4.8851665946936755,5.977412279503001,empirical,2.490814062603681
47,naive2,7.916146712663403,1.357457885536546,1.0,24.10612980583868,24.10612980583868,analytic,1.0
47,naive2,7.916146712663403,1.357457885536546,0.9375,5.205372115589872,6.162517623700709,empirical,1.0
47,seasonal_naive,8.018581763292532,1.437902798200493,0.9583333333333334,6.2086900244027,6.382764457278512,analytic,1.036100728420923
47,seasonal_naive,8.018581763292532,1.437902798200493,0.8333333333333334,4.595307315553271,7.369186404575662,empirical,1.036100728420923
47,theta,8.905775217003166,1.5117504980455057,1.0,24.10612980583868,24.10612980583868,analytic,1.1193384129077852
47,theta,8.905775217003166,1.5117504980455057,0.8958333333333334,4.026685194479073,5.295925531673423,empirical,1.1193384129077852
48,naive,16.810460120044155,3.826243453396315,0.8125,18.857080097518296,30.662573604923985,analytic,2.5716449278265507
48,naive,16.810460120044155,3.826243453396315,1.0,4.744711885229235,4.744711885229235,empirical,2.5716449278265507
48,naive2,6.584720414441812,1.4771200880652633,1.0,24.25466494692299,24.25466494692299,analytic,1.0
48,naive2,6.584720414441812,1.4771200880652633,0.9166666666666666,5.867064619472605,6.116081762520663,empirical,1.0
48,seasonal_naive,5.608885169346087,1.3421497116676335,0.9791666666666666,6.246946213021581,6.3600043154495385,analytic,0.8802145411388557
48,seasonal_naive,5.608885169346087,1.3421497116676335,0.9166666666666666,4.8097169398743365,5.4402955094632794,empirical,0.8802145411388557
48,theta,6.822826944517911,1.5283098117351164,1.0,24.25466494692299,24.25466494692299,analytic,1.0354077738242116
48,theta,6.822826944517911,1.5283098117351164,0.8958333333333334,4.278754537643756,4.593095205404349,empirical,1.0354077738242116
49,naive,15.138388667493954,2.7914846204943236,0.8333333333333334,14.046359090105074,24.594105891139662,analytic,5.345766459183328
49,naive,15.138388667493954,2.7914846204943236,1.0,3.538453338649561,3.538453338649561,empirical,5.345766459183328
49,naive2,2.782258894133617,0.5316616840981091,1.0,23.494224671584988,23.494224671584988,analytic,1.0
49,naive2,2.782258894133617,0.5316616840981091,1.0,4.081945161253456,4.081945161253456,empirical,1.0
49,seasonal_naive,4.150002766191842,0.7793065705484183,1.0,6.051089889768,6.051089889768,analytic,1.4786944363372387
49,seasonal_naive,4.150002766191842,0.7793065705484183,0.8125,3.8562874912572553,5.132967043650063,empirical,1.4786944363372387
49,theta,3.5015258301581573,0.6775547465555207,1.0,23.494224671584988,23.494224671584988,analytic,1.2664643196137662
49,theta,3.5015258301581573,0.6775547465555207,0.6875,3.0805410416505103,6.085120292009938,empirical,1.2664643196137662
50,naive,18.858904551141713,2.2846613790771313,0.9375,13.758198344124791,14.231088623203068,analytic,6.230841081034033
50,naive,18.858904551141713,2.2846613790771313,1.0,3.708061268406652,3.708061268406652,empirical,6.230841081034033
50,naive2,2.9979854320254513,0.37021608684682245,1.0,24.697076800634058,24.697076800634058,analytic,1.0
50,naive2,2.9979854320254513,0.37021608684682245,0.9166666666666666,4.456756863185942,4.827116646090941,empirical,1.0
50,seasonal_naive,9.888736916011942,1.2520827569245903,1.0,6.360892254337104,6.360892254337104,analytic,3.3402464557156977
50,seasonal_naive,9.888736916011942,1.2520827569245903,0.6666666666666666,4.537241384610654,9.394906852347138,empirical,3.3402464557156977
50,theta,5.086883816562547,0.6633787983718641,1.0,24.697076800634058,24.697076800634058,analytic,1.7443182715458851
50,theta,5.086883816562547,0.6633787983718641,1.0,4.330954472580328,4.330954472580328,empirical,1.7443182715458851
51,naive,15.774778825866587,2.4015444713450593,0.9166666666666666,16.536646590383473,17.23963409701939,analytic,3.842351722727341
51,naive,15.774778825866587,2.4015444713450593,1.0,4.6161935195550114,4.6161935195550114,empirical,3.842351722727341
51,naive2,3.9505523569070102,0.6505347115979853,1.0,25.994871016885106,25.994871016885106,analytic,1.0
51,naive2,3.9505523569070102,0.6505347115979853,1.0,5.914368677864169,5.914368677864169,empirical,1.0
51,seasonal_naive,5.017414333114809,0.8194166037539374,1.0,6.69514756902531,6.69514756902531,analytic,1.2648293060565998
51,seasonal_naive,5.017414333114809,0.8194166037539374,1.0,4.998404619963727,4.998404619963727,empirical,1.2648293060565998
51,theta,3.9159959362402206,0.6405023245835127,1.0,25.994871016885106,25.994871016885106,analytic,0.9879155035741582
51,theta,3.9159959362402206,0.6405023245835127,1.0,4.581516490903134,4.581516490903134,empirical,0.9879155035741582
52,naive,16.83388324579694,2.7508090416283113,0.8333333333333334,14.274627409683163,21.404568846185736,analytic,2.326239651564241
52,naive,16.83388324579694,2.7508090416283113,0.9791666666666666,4.5716427329446665,5.350180116600186,empirical,2.326239651564241
52,naive2,7.231146380083507,1.183392826916579,1.0,24.247417996419596,24.247417996419596,analytic,1.0
52,naive2,7.231146380083507,1.183392826916579,0.9166666666666666,5.767714689623487,7.010841455376558,empirical,1.0
52,seasonal_naive,8.098830528326083,1.3596747468548633,0.9166666666666666,6.245079713933582,9.94846787609501,analytic,1.1344778800667807
52,seasonal_naive,8.098830528326083,1.3596747468548633,0.75,4.220955200981896,10.05307139204255,empirical,1.1344778800667807
52,theta,7.699621524116501,1.2551167158480827,1.0,24.247417996419596,24.247417996419596,analytic,1.0626972132273989
52,theta,7.699621524116501,1.2551167158480827,0.8958333333333334,4.006458269945761,5.568660964211983,empirical,1.0626972132273989
53,naive,28.676588900427763,4.542431230170412,0.625,12.468260889363945,45.51803786502762,analytic,3.90297353530131
53,naive,28.676588900427763,4.542431230170412,0.7083333333333334,4.973112304974978,10.35714396689889,empirical,3.90297353530131
53,naive2,7.605689524449898,1.1256083806361283,1.0,24.913595532574664,24.913595532574664,analytic,1.0
53,naive2,7.605689524449898,1.1256083806361283,0.9583333333333334,6.564534467570077,6.873760682645709,empirical,1.0
53,seasonal_naive,5.292959915310824,0.8291629869492689,1.0,6.416658057554937,6.416658057554937,analytic,0.7162782594725585
53,seasonal_naive,5.292959915310824,0.8291629869492689,0.9791666666666666,5.2837029405030576,5.419132895038104,empirical,0.7162782594725585
53,theta,5.605107766037335,0.8295754336892341,1.0,24.913595532574664,24.913595532574664,analytic,0.7369821506430734
53,theta,5.605107766037335,0.8295754336892341,1.0,4.885100751318792,4.885100751318792,empirical,0.7369821506430734
54,naive,13.831894277564214,3.410121306587151,0.8333333333333334,16.937334588061105,34.02207881426698,analytic,5.216140522244393
54,naive,13.831894277564214,3.410121306587151,0.8541666666666666,5.29737959700009,7.156578115117015,empirical,5.216140522244393
54,naive2,2.679224491656316,0.6471269622028755,1.0,25.40797191515697,25.40797191515697,analytic,1.0
54,naive2,2.679224491656316,0.6471269622028755,1.0,6.607033561068376,6.607033561068376,empirical,1.0
54,seasonal_naive,4.216950507501441,1.0259950754495346,1.0,6.543987900195027,6.543987900195027,analytic,1.5797031206441623
54,seasonal_naive,4.216950507501441,1.0259950754495346,0.8541666666666666,5.288789870787024,6.407363106532937,empirical,1.5797031206441623
54,theta,2.6499288005475337,0.6707455773915709,1.0,25.40797191515697,25.40797191515697,analytic,1.0127816303549182
54,theta,2.6499288005475337,0.6707455773915709,0.8958333333333334,5.0588846762187485,5.823900264337652,empirical,1.0127816303549182
55,naive,18.66542768325675,3.5889883412914005,0.8125,16.360533159205115,27.29016449701317,analytic,2.074121110238827
55,naive,18.66542768325675,3.5889883412914005,0.5,4.127825535552593,15.260081296011963,empirical,2.074121110238827
55,naive2,8.882104066307601,1.753482345709204,1.0,23.72897625162949,23.72897625162949,analytic,1.0
55,naive2,8.882104066307601,1.753482345709204,0.6666666666666666,4.385195209250679,13.660702805923103,empirical,1.0
55,seasonal_naive,7.728954961720051,1.5160890741084434,1.0,6.111551681228283,6.111551681228283,analytic,0.8673938663329124
55,seasonal_naive,7.728954961720051,1.5160890741084434,0.75,4.824036595859555,10.688501999358857,empirical,0.8673938663329124
55,theta,8.867860228167551,1.7601517687888844,1.0,23.728976251629486,23.728976251629486,analytic,1.0010999371817955
55,theta,8.867860228167551,1.7601517687888844,0.6041666666666666,4.504641940962172,10.115791722707836,empirical,1.0010999371817955
56,naive,14.774865183797093,4.347122540006843,0.8125,20.513444597059134,37.168466707407724,analytic,5.234247915318877
56,naive,14.774865183797093,4.347122540006843,0.6041666666666666,3.7736662067901863,11.450332164943466,empirical,5.234247915318877
56,naive2,2.8142111805783796,0.8330366840612784,1.0,25.091037462377006,25.091037462377006,analytic,1.0
56,naive2,2.8142111805783796,0.8330366840612784,0.8958333333333334,4.895772860561143,8.247667001424894,empirical,1.0
56,seasonal_naive,2.8263624771604805,0.8746265452724722,1.0,6.462359377026291,6.462359377026291,analytic,1.027121719939243
56,seasonal_naive,2.8263624771604805,0.8746265452724722,0.875,4.654187240037249,7.5640961670714235,empirical,1.027121719939243
56,theta,3.4694602410684947,1.0418271972192925,1.0,25.091037462377006,25.091037462377006,analytic,1.241736809733574
56,theta,3.4694602410684947,1.0418271972192925,0.8333333333333334,4.1177929179331745,7.605863442966879,empirical,1.241736809733574
57,naive,11.221988571415169,2.8172251205095478,0.9791666666666666,35.40231014068923,35.84677395598374,analytic,2.5917279127904935
57,naive,11.221988571415169,2.8172251205095478,0.9583333333333334,4.790068030582782,17.166103256132875,empirical,2.5917279127904935
57,naive2,4.6928936087311,1.0089686231114878,1.0,38.28108449994213,38.28108449994213,analytic,1.0
57,naive2,4.6928936087311,1.0089686231114878,0.875,5.064212164899321,18.22914322988055,empirical,1.0
57,seasonal_naive,7.051883157722645,1.6263223005654759,0.9583333333333334,9.85954150966783,19.660374024231373,analytic,1.5572693956897141
57,seasonal_naive,7.051883157722645,1.6263223005654759,0.7708333333333334,4.724519510774606,24.799539027745073,empirical,1.5572693956897141
57,theta,6.027335485167382,1.3595449992562147,1.0,38.281084499942125,38.281084499942125,analytic,1.3159069414805482
57,theta,6.027335485167382,1.3595449992562147,0.8333333333333334,4.755115351618261,18.428175045097895,empirical,1.3159069414805482
58,naive,9.087579380726519,2.048358852644071,1.0,22.85354252622105,22.85354252622105,analytic,1.8047471997509312
58,naive,9.087579380726519,2.048358852644071,1.0,5.265933167385452,5.265933167385452,empirical,1.8047471997509312
58,naive2,5.095819145302855,1.1216790496482005,1.0,29.356508359983,29.356508359983,analytic,1.0
58,naive2,5.095819145302855,1.1216790496482005,1.0,5.811990889098541,5.811990889098541,empirical,1.0
58,seasonal_naive,3.1027661911157645,0.7268107132864434,1.0,7.560959062029729,7.560959062029729,analytic,0.6284257064719236
58,seasonal_naive,3.1027661911157645,0.7268107132864434,1.0,5.363846758709851,5.363846758709851,empirical,0.6284257064719236
58,theta,4.455910605391837,0.9900654154741504,1.0,29.356508359983,29.356508359983,analytic,0.8785442626367713
58,theta,4.455910605391837,0.9900654154741504,0.9791666666666666,4.534683314083947,4.538770453662058,empirical,0.8785442626367713
59,naive,16.528261251720682,1.7251398951522647,1.0,13.875386308636264,13.875386308636264,analytic,5.361418688594915
59,naive,16.528261251720682,1.7251398951522647,1.0,5.2704118807798785,5.2704118807798785,empirical,5.361418688594915
59,naive2,3.065006991337965,0.32364971652238766,1.0,24.61853437455752,24.61853437455752,analytic,1.0
59,naive2,3.065006991337965,0.32364971652238766,1.0,5.127079319953355,5.127079319953355,empirical,1.0
59,seasonal_naive,5.669952988745554,0.6311244625080993,1.0,6.34066314326861,6.34066314326861,analytic,1.89996104830861
59,seasonal_naive,5.669952988745554,0.6311244625080993,0.9583333333333334,4.7594150910054775,6.253607233315662,empirical,1.89996104830861
59,theta,1.9252461018578322,0.20314053457356068,1.0,24.61853437455752,24.61853437455752,analytic,0.6278965598409566
59,theta,1.9252461018578322,0.20314053457356068,1.0,4.395999771798284,4.395999771798284,empirical,0.6278965598409566
60,naive,32.29940827304373,3.965341362149083,0.8125,17.955654460471102,37.35151735287035,analytic,3.9099603364931697
60,naive,32.29940827304373,3.965341362149083,0.8958333333333334,4.554432346228931,5.520969781957162,empirical,3.9099603364931697
60,naive2,8.876452645444799,0.948386175244365,1.0,23.7828426928009,23.7828426928009,analytic,1.0
60,naive2,8.876452645444799,0.948386175244365,0.9583333333333334,4.74811580685657,5.1832930779569475,empirical,1.0
60,seasonal_naive,9.988232536976856,1.2047760455332839,1.0,6.125425332396875,6.125425332396875,analytic,1.1977968980489935
60,seasonal_naive,9.988232536976856,1.2047760455332839,0.7916666666666666,4.499483763644862,6.920831614836813,empirical,1.1977968980489935
60,theta,11.984496824912648,1.328651322498432,1.0,23.7828426928009,23.7828426928009,analytic,1.375552544341472
60,theta,11.984496824912648,1.328651322498432,0.6875,4.092177068772946,9.15177675401463,empirical,1.375552544341472
61,naive,47.13419698425468,3.1623615156939127,0.875,16.264656686100324,20.629535686289703,analytic,5.915076491629286
61,naive,47.13419698425468,3.1623615156939127,0.8541666666666666,5.2316373027293235,6.710503456989436,empirical,5.915076491629286
61,naive2,8.68561947698653,0.4938520576999214,1.0,25.472894628505514,25.472894628505514,analytic,1.0
61,naive2,8.68561947698653,0.4938520576999214,0.9583333333333334,5.527211435926919,5.8357654871683176,empirical,1.0
61,seasonal_naive,10.40924604759394,0.6376127469904889,1.0,6.560709165946555,6.560709165946555,analytic,1.2447733670786016
61,seasonal_naive,10.40924604759394,0.6376127469904889,0.9583333333333334,4.939793545783174,5.389582382807472,empirical,1.2447733670786016
61,theta,8.767972072592995,0.5646467845182256,1.0,25.472894628505514,25.472894628505514,analytic,1.0764167911523423
61,theta,8.767972072592995,0.5646467845182256,0.9791666666666666,4.248062427435754,4.397074433577529,empirical,1.0764167911523423
62,naive,4.059872421753384,1.2892337155032467,1.0,10.844977099355392,10.844977099355392,analytic,0.9327812227908385
62,naive,4.059872421753384,1.2892337155032467,0.4583333333333333,2.79992163191626,14.461610366358919,empirical,0.9327812227908385
62,naive2,4.401937361688494,1.3667702328599116,1.0,23.410431874882782,23.410431874882782,analytic,1.0
62,naive2,4.401937361688494,1.3667702328599116,0.4791666666666667,3.0303672116728646,15.170745089094662,empirical,1.0
62,seasonal_naive,3.5473335055575212,1.1263380174512987,1.0,6.029508511703913,6.029508511703913,analytic,0.8149723265739651
62,seasonal_naive,3.5473335055575212,1.1263380174512987,0.9166666666666666,4.481900090469425,5.860797885382849,empirical,0.8149723265739651
62,theta,3.774676649178866,1.1770274889531598,1.0,23.410431874882782,23.410431874882782,analytic,0.8593389279342682
62,theta,3.774676649178866,1.1770274889531598,0.7708333333333334,3.271040285835195,6.29832632419871,empirical,0.8593389279342682
63,naive,38.063644537982974,4.994354505396343,0.7708333333333334,16.492652872316448,38.45245673336774,analytic,3.2614982112170448
63,naive,38.063644537982974,4.994354505396343,0.5208333333333334,4.128534954569392,16.520561432980692,empirical,3.2614982112170448
63,naive2,11.996962585312087,1.490752874420537,1.0,25.319657071566073,25.319657071566073,analytic,1.0
63,naive2,11.996962585312087,1.490752874420537,0.7708333333333334,5.962708096841595,16.15336269263789,empirical,1.0
63,seasonal_naive,8.710688000808492,1.1512434253944763,0.9583333333333334,6.521241839635912,7.398515487474685,analytic,0.749165416971552
63,seasonal_naive,8.710688000808492,1.1512434253944763,0.7916666666666666,4.627012795898912,10.528702027878323,empirical,0.749165416971552
63,theta,9.767928230814054,1.2092155642148146,1.0,25.319657071566073,25.319657071566073,analytic,0.8126721594567181
63,theta,9.767928230814054,1.2092155642148146,0.8125,3.7480997769096884,11.967193663101964,empirical,0.8126721594567181
64,naive,30.380754889977666,3.4390131541175895,0.6666666666666666,10.139254980258785,27.707894815779678,analytic,2.721203438537808
64,naive,30.380754889977666,3.4390131541175895,0.8958333333333334,4.213512987952178,5.396873481877483,empirical,2.721203438537808
64,naive2,10.633428098431946,1.3302140713487947,1.0,23.70606972432892,23.70606972432892,analytic,1.0
64,naive2,10.633428098431946,1.3302140713487947,0.9375,4.854954483105121,5.07602783512762,empirical,1.0
64,seasonal_naive,4.281660247716875,0.5166239936227813,1.0,6.105651956606774,6.105651956606774,analytic,0.39551848302269826
64,seasonal_naive,4.281660247716875,0.5166239936227813,1.0,4.964968826044136,4.964968826044136,empirical,0.39551848302269826
64,theta,6.3326165626813165,0.7995058024158871,1.0,23.70606972432892,23.70606972432892,analytic,0.5982870059740415
64,theta,6.3326165626813165,0.7995058024158871,0.9791666666666666,4.372961171595359,4.472443480647286,empirical,0.5982870059740415
65,naive,28.255648189231614,4.449516797481271,0.8125,19.527171506676307,35.27989741272896,analytic,4.547369275924559
65,naive,28.255648189231614,4.449516797481271,0.6041666666666666,4.735545020161317,21.976546345261042,empirical,4.547369275924559
65,naive2,6.798865325725129,0.9009302601777134,1.0,29.632202787926637,29.632202787926637,analytic,1.0
65,naive2,6.798865325725129,0.9009302601777134,0.9791666666666666,6.362678175662436,6.542393782618233,empirical,1.0
65,seasonal_naive,3.1762963568526867,0.47565677430671877,1.0,7.631965949420772,7.631965949420772,analytic,0.49757108738982303
65,seasonal_naive,3.1762963568526867,0.47565677430671877,1.0,4.970682055636105,4.970682055636105,empirical,0.49757108738982303
65,theta,5.072521859201226,0.6949217434501472,1.0,29.632202787926637,29.632202787926637,analytic,0.7587107947921277
65,theta,5.072521859201226,0.6949217434501472,0.75,4.480359777192627,8.547544278806768,empirical,0.7587107947921277
66,naive,17.284365950784796,3.5711827775327634,0.875,18.74805713389385,24.884266088597,analytic,4.67719741540906
66,naive,17.284365950784796,3.5711827775327634,1.0,4.174654014104314,4.174654014104314,empirical,4.67719741540906
66,naive2,3.5493917166000166,0.7962991756052776,1.0,23.470863374996107,23.470863374996107,analytic,1.0
66,naive2,3.5493917166000166,0.7962991756052776,0.9375,4.749913845431463,5.169415024341107,empirical,1.0
66,seasonal_naive,4.134103624829375,0.8940683501607436,1.0,6.045073036367778,6.045073036367778,analytic,1.1437576282568096
66,seasonal_naive,4.134103624829375,0.8940683501607436,1.0,4.674935000260294,4.674935000260294,empirical,1.1437576282568096
66,theta,3.5877040268064255,0.807646294397367,1.0,23.470863374996107,23.470863374996107,analytic,1.0125219340881424
66,theta,3.5877040268064255,0.807646294397367,1.0,4.494933119307865,4.494933119307865,empirical,1.0125219340881424
67,naive,15.059558366737033,2.918184225822177,0.8333333333333334,14.363533151649364,24.562343834945224,analytic,5.6012364707758735
67,naive,15.059558366737033,2.918184225822177,0.9583333333333334,3.4236960503067237,3.536558058649269,empirical,5.6012364707758735
67,naive2,2.6553261415820697,0.5276033076052989,1.0,23.354003327531025,23.354003327531025,analytic,1.0
67,naive2,2.6553261415820697,0.5276033076052989,0.9791666666666666,4.074908646457587,4.107390171959599,empirical,1.0
67,seasonal_naive,4.535996363515871,0.8942403615175398,1.0,6.014974973477071,6.014974973477071,analytic,1.7015869082162765
67,seasonal_naive,4.535996363515871,0.8942403615175398,0.7083333333333334,3.7232428643355187,7.150715737836364,empirical,1.7015869082162765
67,theta,3.938852400203121,0.7931280700375217,1.0,23.354003327531025,23.354003327531025,analytic,1.4933219620863822
67,theta,3.938852400203121,0.7931280700375217,0.6041666666666666,2.952215606943233,8.272532143694965,empirical,1.4933219620863822
68,naive,22.75559699350904,1.5847207343926681,0.9583333333333334,14.511105765995872,15.512572195420978,analytic,2.4674894973979615
68,naive,22.75559699350904,1.5847207343926681,1.0,4.0564544835743614,4.0564544835743614,empirical,2.4674894973979615
68,naive2,9.65382335336914,0.6147522955580756,1.0,23.88360442659146,23.88360442659146,analytic,1.0
68,naive2,9.65382335336914,0.6147522955580756,0.9791666666666666,4.605631571785265,4.6173815938925795,empirical,1.0
68,seasonal_naive,15.341117702558806,0.9620845235969768,0.9583333333333334,6.151377170226746,6.977603870679041,analytic,1.5770594648530163
68,seasonal_naive,15.341117702558806,0.9620845235969768,0.8541666666666666,4.441854040201155,8.072693771201573,empirical,1.5770594648530163
68,theta,9.328916093230445,0.569924812712021,1.0,23.88360442659146,23.88360442659146,analytic,0.946712301224238
68,theta,9.328916093230445,0.569924812712021,0.9375,3.7379713542254938,5.0761162539191425,empirical,0.946712301224238
69,naive,26.72419059517393,4.0360351590447685,0.7916666666666666,13.912144482142862,28.859503386404146,analytic,0.8562019997891273
69,naive,26.72419059517393,4.0360351590447685,0.625,8.94424786857722,25.303051606549193,empirical,0.8562019997891273
69,naive2,32.25593718949533,4.566169989639819,1.0,24.46129645135782,24.46129645135782,analytic,1.0
69,naive2,32.25593718949533,4.566169989639819,0.6458333333333334,9.2413473719228,22.099441688324426,empirical,1.0
69,seasonal_naive,2.566654352689089,0.40134525421117334,1.0,6.300165496691128,6.300165496691128,analytic,0.08373345708068922
69,seasonal_naive,2.566654352689089,0.40134525421117334,1.0,4.429132689505331,4.429132689505331,empirical,0.08373345708068922
69,theta,21.065365196217876,3.1718567492548306,0.9791666666666666,24.46129645135782,24.971184787121786,analytic,0.6738560554056758
69,theta,21.065365196217876,3.1718567492548306,0.75,5.661879139549682,9.538246805629141,empirical,0.6738560554056758
70,naive,11.495372114474874,2.072100017080253,0.8958333333333334,13.607047207582024,15.711686823539127,analytic,3.9183783068590845
70,naive,11.495372114474874,2.072100017080253,1.0,4.144715491789278,4.144715491789278,empirical,3.9183783068590845
70,naive2,2.8668878564493347,0.5414349640452636,1.0,23.820457882745924,23.820457882745924,analytic,1.0
70,naive2,2.8668878564493347,0.5414349640452636,1.0,4.487958088722287,4.487958088722287,empirical,1.0
70,seasonal_naive,3.8871755047266374,0.6599047165898055,1.0,6.135113368446572,6.135113368446572,analytic,1.2873469109297015
70,seasonal_naive,3.8871755047266374,0.6599047165898055,0.9583333333333334,4.4892116853329425,4.86684387428934,empirical,1.2873469109297015
70,theta,2.9281258572635585,0.5018227915754997,1.0,23.820457882745924,23.820457882745924,analytic,0.974099492571161
70,theta,2.9281258572635585,0.5018227915754997,1.0,4.056424515445044,4.056424515445044,empirical,0.974099492571161
71,naive,56.81224176266887,2.260649721813539,0.9583333333333334,13.908213377746735,14.277898925133094,analytic,2.017438466608667
71,naive,56.81224176266887,2.260649721813539,0.9583333333333334,4.885847073546074,5.029888471750123,empirical,2.017438466608667
71,naive2,28.811428851324877,1.0958004858858297,1.0,27.873050455383396,27.873050455383396,analytic,1.0
71,naive2,28.811428851324877,1.0958004858858297,0.9791666666666666,5.27493448455533,5.522902980848499,empirical,1.0
71,seasonal_naive,20.470997792179823,0.9788527556525123,0.9583333333333334,7.1788848606505375,7.646497024437009,analytic,0.8018965076547137
71,seasonal_naive,20.470997792179823,0.9788527556525123,0.8125,4.103750866690342,7.590467251788343,empirical,0.8018965076547137
71,theta,30.371284633819396,1.2392808737490195,1.0,27.873050455383396,27.873050455383396,analytic,1.0925383862665392
71,theta,30.371284633819396,1.2392808737490195,0.8541666666666666,4.143039973452782,5.361898710782096,empirical,1.0925383862665392
72,naive,30.779637715876955,2.461306376208634,0.9375,16.708225741765396,17.89325868907229,analytic,1.6833860496866189
72,naive,30.779637715876955,2.461306376208634,0.9166666666666666,6.090128154722911,9.79639115986364,empirical,1.6833860496866189
72,naive2,18.698225881051677,1.4304548305770535,1.0,29.037558461155104,29.037558461155104,analytic,1.0
72,naive2,18.698225881051677,1.4304548305770535,0.8958333333333334,5.7163469586930935,11.12022726244594,empirical,1.0
72,seasonal_naive,15.321741748265183,1.16322268134479,0.9166666666666666,7.478811447664134,8.77515033171087,analytic,0.8163030049227031
72,seasonal_naive,15.321741748265183,1.16322268134479,0.7291666666666666,4.556323079530784,16.54149193937841,empirical,0.8163030049227031
72,theta,15.835052800445387,1.2287971100730173,1.0,29.037558461155104,29.037558461155104,analytic,0.8529500332636273
72,theta,15.835052800445387,1.2287971100730173,0.8125,4.119647091199766,9.132152554789768,empirical,0.8529500332636273
73,naive,21.279092603192097,1.4179823254890278,0.9791666666666666,15.496121812774696,16.09695612646904,analytic,2.1044871628301207
73,naive,21.279092603192097,1.4179823254890278,0.9375,3.9079257273359143,4.377789693178433,empirical,2.1044871628301207
73,naive2,10.215082810715447,0.6670130065067249,1.0,23.216739773410968,23.216739773410968,analytic,1.0
73,naive2,10.215082810715447,0.6670130065067249,0.9375,4.315656557228349,4.669831831567842,empirical,1.0
73,seasonal_naive,14.207389188694416,0.8781981266342304,0.9791666666666666,5.979621855160549,6.164222823610403,analytic,1.353718933735704
73,seasonal_naive,14.207389188694416,0.8781981266342304,0.8958333333333334,4.4240768874325616,5.9309977493132084,empirical,1.353718933735704
73,theta,9.027482578802005,0.5548116992424136,1.0,23.216739773410968,23.216739773410968,analytic,0.8577629733155824
73,theta,9.027482578802005,0.5548116992424136,0.9166666666666666,3.646380083612162,4.185460509120532,empirical,0.8577629733155824
74,naive,21.547711008251312,3.511907185953551,0.8958333333333334,17.966635309615015,21.566870937944724,analytic,3.7727613173895915
74,naive,21.547711008251312,3.511907185953551,0.8958333333333334,3.772101737725074,4.278876556706249,empirical,3.7727613173895915
74,naive2,5.516668790436032,0.964917119387582,1.0,23.996021968501303,23.996021968501303,analytic,1.0
74,naive2,5.516668790436032,0.964917119387582,0.9791666666666666,4.430047687349806,4.49904902214651,empirical,1.0
74,seasonal_naive,5.745358400856601,0.9956150745633434,1.0,6.180331037008565,6.180331037008565,analytic,1.036634189502994
74,seasonal_naive,5.745358400856601,0.9956150745633434,1.0,4.597733349467165,4.597733349467165,empirical,1.036634189502994
74,theta,5.657035748592859,0.9867896318168721,1.0,23.996021968501303,23.996021968501303,analytic,1.0240559573255539
74,theta,5.657035748592859,0.9867896318168721,0.9791666666666666,4.767633154071533,4.846837348938379,empirical,1.0240559573255539
75,naive,40.6709798821477,2.684163949697252,0.875,18.651073703453758,23.688099148908606,analytic,1.598546370766386
75,naive,40.6709798821477,2.684163949697252,0.9791666666666666,6.832089349479893,6.974650028463488,empirical,1.598546370766386
75,naive2,25.331402031366085,1.6865232016824931,1.0,32.14742452871281,32.14742452871281,analytic,1.0
75,naive2,25.331402031366085,1.6865232016824931,1.0,7.25503083540745,7.25503083540745,empirical,1.0
75,seasonal_naive,6.274051301076939,0.3808906484500336,1.0,8.279777616285585,8.279777616285585,analytic,0.23676125336522752
75,seasonal_naive,6.274051301076939,0.3808906484500336,0.9583333333333334,6.1542264399937885,6.790939165761008,empirical,0.23676125336522752
75,theta,14.234744482599348,0.7922009698522431,1.0,32.14742452871281,32.14742452871281,analytic,0.5158324859170986
75,theta,14.234744482599348,0.7922009698522431,0.9791666666666666,5.263554872255215,5.280328039852694,empirical,0.5158324859170986
76,naive,25.21265034146669,2.0437705879698567,0.9375,15.327185344711085,15.902610436080343,analytic,1.8816063852856357
76,naive,25.21265034146669,2.0437705879698567,0.8958333333333334,5.320285636929741,6.687883368680715,empirical,1.8816063852856357
76,naive2,13.705001545752276,1.0625021210330823,1.0,24.101081908275013,24.101081908275013,analytic,1.0
76,naive2,13.705001545752276,1.0625021210330823,0.8958333333333334,5.273915835255976,8.678800855181612,empirical,1.0
76,seasonal_naive,18.543309282959527,1.4680068588962591,0.8958333333333334,6.207389905656963,11.737519283136029,analytic,1.3673415105445317
76,seasonal_naive,18.543309282959527,1.4680068588962591,0.7916666666666666,5.038885880601055,18.84069235744476,empirical,1.3673415105445317
76,theta,12.998684703661537,0.9873822595468215,1.0,24.101081908275013,24.101081908275013,analytic,0.9388809680774151
76,theta,12.998684703661537,0.9873822595468215,0.9375,5.006908199024291,6.30217844172608,empirical,0.9388809680774151
77,naive,17.74691566585839,7.420734881325311,0.8125,34.591575814933364,67.05010752645605,analytic,9.51061026781312
77,naive,17.74691566585839,7.420734881325311,0.75,4.472199636250065,11.877754591687363,empirical,9.51061026781312
77,naive2,1.8705534298879236,0.7783688957722633,1.0,26.408224251976733,26.408224251976733,analytic,1.0
77,naive2,1.8705534298879236,0.7783688957722633,0.8958333333333334,6.529664834869915,13.150147137383332,empirical,1.0
77,seasonal_naive,1.5567368995220743,0.676846107241653,1.0,6.801609374712859,6.801609374712859,analytic,0.8509015764989942
77,seasonal_naive,1.5567368995220743,0.676846107241653,0.875,4.701466124759887,11.734897929670312,empirical,0.8509015764989942
77,theta,2.1231633490625743,0.8956053279993587,1.0,26.408224251976733,26.408224251976733,analytic,1.1428318179714432
77,theta,2.1231633490625743,0.8956053279993587,0.8958333333333334,4.477262220607719,10.696819483741674,empirical,1.1428318179714432
78,naive,17.600313315516736,3.796464044650274,0.8958333333333334,23.26649173668816,24.1823494698631,analytic,5.5474369265053385
78,naive,17.600313315516736,3.796464044650274,1.0,4.718854129223291,4.718854129223291,empirical,5.5474369265053385
78,naive2,3.0948845289703693,0.7020128858031061,1.0,24.291296019481777,24.291296019481777,analytic,1.0
78,naive2,3.0948845289703693,0.7020128858031061,1.0,6.3861056895899475,6.3861056895899475,empirical,1.0
78,seasonal_naive,3.3198276915251324,0.7351855231043255,1.0,6.256380783257896,6.256380783257896,analytic,1.0599679244817422
78,seasonal_naive,3.3198276915251324,0.7351855231043255,1.0,4.928668946888027,4.928668946888027,empirical,1.0599679244817422
78,theta,2.91523506389385,0.6657901286044665,1.0,24.291296019481774,24.291296019481774,analytic,0.9451771754059233
78,theta,2.91523506389385,0.6657901286044665,1.0,4.533408275826773,4.533408275826773,empirical,0.9451771754059233
79,naive,19.434434998795087,3.6513574857057813,0.9166666666666666,21.778675302496463,22.772460780438678,analytic,8.855694718994272
79,naive,19.434434998795087,3.6513574857057813,1.0,4.488895469259677,4.488895469259677,empirical,8.855694718994272
79,naive2,2.122632370705797,0.42678123580663985,1.0,25.570731354204618,25.570731354204618,analytic,1.0
79,naive2,2.122632370705797,0.42678123580663985,1.0,6.062713521792316,6.062713521792316,empirical,1.0
79,seasonal_naive,2.181539496540309,0.4733629346662202,1.0,6.585907648978081,6.585907648978081,analytic,1.0684492347509587
79,seasonal_naive,2.181539496540309,0.4733629346662202,1.0,5.237996680185709,5.237996680185709,empirical,1.0684492347509587
79,theta,2.7351300046590756,0.5332720184237595,1.0,25.570731354204618,25.570731354204618,analytic,1.2690382266533131
79,theta,2.7351300046590756,0.5332720184237595,1.0,4.846413177059367,4.846413177059367,empirical,1.2690382266533131
80,naive,20.676759090825904,2.9153402601993825,0.9583333333333334,16.886759118322495,16.97789038629997,analytic,5.6796794502128245
80,naive,20.676759090825904,2.9153402601993825,1.0,4.5818516040473005,4.5818516040473005,empirical,5.6796794502128245
80,naive2,3.474388171713625,0.5390627831682843,1.0,25.47925154581231,25.47925154581231,analytic,1.0
80,naive2,3.474388171713625,0.5390627831682843,1.0,5.825512116886691,5.825512116886691,empirical,1.0
80,seasonal_naive,4.649409994757169,0.6865492993729088,1.0,6.562346431214209,6.562346431214209,analytic,1.3058966761385795
80,seasonal_naive,4.649409994757169,0.6865492993729088,0.9583333333333334,4.712982695263466,4.858612596787625,empirical,1.3058966761385795
80,theta,3.925923024894904,0.5983028872991101,1.0,25.47925154581231,25.47925154581231,analytic,1.1199277985555214
80,theta,3.925923024894904,0.5983028872991101,0.8958333333333334,4.66962848229398,5.905126150893075,empirical,1.1199277985555214
81,naive,15.485652651867365,3.140922511448542,1.0,23.469122915442817,23.469122915442817,analytic,3.330932079709323
81,naive,15.485652651867365,3.140922511448542,0.9791666666666666,4.773887210343283,4.78160852012533,empirical,3.330932079709323
81,naive2,4.612020827156538,0.9505870869523182,1.0,25.740081395291586,25.740081395291586,analytic,1.0
81,naive2,4.612020827156538,0.9505870869523182,1.0,6.30557266760211,6.30557266760211,empirical,1.0
81,seasonal_naive,4.697258857600489,0.9781724511930585,1.0,6.629524850046758,6.629524850046758,analytic,1.0237505008881969
81,seasonal_naive,4.697258857600489,0.9781724511930585,1.0,4.714589789277966,4.714589789277966,empirical,1.0237505008881969
81,theta,4.187117638973297,0.8703917498392617,1.0,25.740081395291586,25.740081395291586,analytic,0.9117532440663059
81,theta,4.187117638973297,0.8703917498392617,1.0,4.132502768262837,4.132502768262837,empirical,0.9117532440663059
82,naive,47.77342393504396,2.2646986488692953,0.8333333333333334,11.722003416669313,19.27623289110735,analytic,2.6338326141090262
82,naive,47.77342393504396,2.2646986488692953,0.8541666666666666,4.242893042289166,5.073820056739326,empirical,2.6338326141090262
82,naive2,19.768476256738683,0.7943472368377132,1.0,23.63537954970462,23.63537954970462,analytic,1.0
82,naive2,19.768476256738683,0.7943472368377132,0.9791666666666666,4.146656684208831,4.247922021628617,empirical,1.0
82,seasonal_naive,27.533480221150477,0.8041090088986856,1.0,6.087445243810142,6.087445243810142,analytic,1.2025431710669716
82,seasonal_naive,27.533480221150477,0.8041090088986856,0.9166666666666666,4.2131690342068735,4.937513878683975,empirical,1.2025431710669716
82,theta,15.231245781353763,0.5722937838128901,1.0,23.63537954970462,23.63537954970462,analytic,0.7454697399591453
82,theta,15.231245781353763,0.5722937838128901,1.0,3.580179290577582,3.580179290577582,empirical,0.7454697399591453
83,naive,16.55087534097664,2.470123797926814,1.0,20.91308405302692,20.91308405302692,analytic,0.979019912533406
83,naive,16.55087534097664,2.470123797926814,1.0,9.088538544398649,9.088538544398649,empirical,0.979019912533406
83,naive2,17.15045527006006,2.4875369901479782,1.0,37.71074451754272,37.71074451754272,analytic,1.0
83,naive2,17.15045527006006,2.4875369901479782,1.0,9.961791798061954,9.961791798061954,empirical,1.0
83,seasonal_naive,0.334212841209318,0.04946843387036343,1.0,9.712646749382277,9.712646749382277,analytic,0.019686811889313392
83,seasonal_naive,0.334212841209318,0.04946843387036343,1.0,7.558644779567875,7.558644779567875,empirical,0.019686811889313392
83,theta,19.356118486042266,2.819568754570801,1.0,37.71074451754272,37.71074451754272,analytic,1.1310424037220324
83,theta,19.356118486042266,2.819568754570801,1.0,8.37941553450213,8.37941553450213,empirical,1.1310424037220324
84,naive,20.288801146617462,1.3372809484727486,0.9791666666666666,8.37070149248557,8.406429123254846,analytic,0.941999041786562
84,naive,20.288801146617462,1.3372809484727486,0.9375,4.8867962763161525,5.434332109933822,empirical,0.941999041786562
84,naive2,21.95576725119126,1.3931142930903484,1.0,25.410187252749896,25.410187252749896,analytic,1.0
84,naive2,21.95576725119126,1.3931142930903484,0.8958333333333334,4.574063302402069,5.837499262654418,empirical,1.0
84,seasonal_naive,19.440801850905352,1.3006573466985119,0.9583333333333334,6.544558474755303,6.743395789812704,analytic,0.9095429959144491
84,seasonal_naive,19.440801850905352,1.3006573466985119,0.8333333333333334,5.224733418786867,7.4715004779865,empirical,0.9095429959144491
84,theta,24.439170460912816,1.5277853658847786,1.0,25.410187252749896,25.410187252749896,analytic,1.104889228211849
84,theta,24.439170460912816,1.5277853658847786,0.9375,4.603807711684085,5.239329859356133,empirical,1.104889228211849
85,naive,22.397253860345774,2.0074493176335024,1.0,13.668160300782985,13.668160300782985,analytic,2.124091064159587
85,naive,22.397253860345774,2.0074493176335024,0.9375,4.162395574520183,5.190842515573801,empirical,2.124091064159587
85,naive2,10.604177813620348,0.9397880111014596,1.0,24.291309375715926,24.291309375715926,analytic,1.0
85,naive2,10.604177813620348,0.9397880111014596,0.9375,4.646583088179699,5.529126765000193,empirical,1.0
85,seasonal_naive,9.70400397941465,0.8679422779158115,0.9583333333333334,6.2563842232425975,7.14034178262016,analytic,0.9193312628966264
85,seasonal_naive,9.70400397941465,0.8679422779158115,0.9166666666666666,4.0736996327103805,5.375993392387746,empirical,0.9193312628966264
85,theta,9.495129345592341,0.8442469881302895,1.0,24.291309375715926,24.291309375715926,analytic,0.8968758469144923
85,theta,9.495129345592341,0.8442469881302895,0.9375,3.9531575548942923,5.166087357187116,empirical,0.8968758469144923
86,naive,11.221119901260762,1.2506538504920623,0.9166666666666666,13.233045927484772,15.398812432168885,analytic,3.941396272143532
86,naive,11.221119901260762,1.2506538504920623,0.9791666666666666,6.668466077320024,6.675614372726504,empirical,3.941396272143532
86,naive2,2.9477655742426085,0.3068230999586451,1.0,32.296531277750965,32.296531277750965,analytic,1.0
86,naive2,2.9477655742426085,0.3068230999586451,1.0,6.1860610825974565,6.1860610825974565,empirical,1.0
86,seasonal_naive,1.8200640710638265,0.22129931195894312,1.0,8.318181026239019,8.318181026239019,analytic,0.6693494048355757
86,seasonal_naive,1.8200640710638265,0.22129931195894312,1.0,7.010333305134929,7.010333305134929,empirical,0.6693494048355757
86,theta,2.3996930875581217,0.2548653201449105,1.0,32.296531277750965,32.296531277750965,analytic,0.8223653639479734
86,theta,2.3996930875581217,0.2548653201449105,1.0,6.229846504362694,6.229846504362694,empirical,0.8223653639479734
87,naive,15.335191498884013,2.9912260020208827,0.8125,15.475579756143272,21.079317625971175,analytic,4.1951699110974605
87,naive,15.335191498884013,2.9912260020208827,0.9791666666666666,4.14358641143828,4.26881376071413,empirical,4.1951699110974605
87,naive2,3.5907389493966915,0.7261001344298048,1.0,27.16997669980077,27.16997669980077,analytic,1.0
87,naive2,3.5907389493966915,0.7261001344298048,1.0,5.518048338231972,5.518048338231972,empirical,1.0
87,seasonal_naive,1.9055609895761736,0.3832715841472999,1.0,6.99780365649773,6.99780365649773,analytic,0.5292685933012647
87,seasonal_naive,1.9055609895761736,0.3832715841472999,1.0,5.278875634642303,5.278875634642303,empirical,0.5292685933012647
87,theta,1.6950426934261797,0.3498489183351642,1.0,27.16997669980077,27.16997669980077,analytic,0.476939339732526
87,theta,1.6950426934261797,0.3498489183351642,0.9791666666666666,4.654911542800316,4.736139138789156,empirical,0.476939339732526
88,naive,20.936540244744354,2.1058930862811893,0.7916666666666666,9.653507724028955,21.76509956760983,analytic,2.416510070075863
88,naive,20.936540244744354,2.1058930862811893,0.75,3.813818412735918,8.17812515383328,empirical,2.416510070075863
88,naive2,9.104071226816323,0.8312745870928886,1.0,24.380896848089076,24.380896848089076,analytic,1.0
88,naive2,9.104071226816323,0.8312745870928886,0.8958333333333334,4.4360087358598665,5.137572485948986,empirical,1.0
88,seasonal_naive,11.56704265408592,1.1283748970342584,0.9791666666666666,6.279458057595713,6.396962907866724,analytic,1.313969250993549
88,seasonal_naive,11.56704265408592,1.1283748970342584,0.875,5.272525130204487,8.456599980965697,empirical,1.313969250993549
88,theta,9.710826807194229,0.9481820379374072,1.0,24.380896848089073,24.380896848089073,analytic,1.1036415015485694
88,theta,9.710826807194229,0.9481820379374072,0.875,4.1946950742687,6.181745056684545,empirical,1.1036415015485694
89,naive,13.212731517394118,1.901541280657296,0.8958333333333334,10.495614557016356,12.306699951640532,analytic,2.7527159468753557
89,naive,13.212731517394118,1.901541280657296,0.7708333333333334,3.0193128311690103,5.140192723618369,empirical,2.7527159468753557
89,naive2,4.728286521741606,0.7014090913144917,1.0,24.506119569052665,24.506119569052665,analytic,1.0
89,naive2,4.728286521741606,0.7014090913144917,0.875,3.151302492827242,4.891881543938998,empirical,1.0
89,seasonal_naive,6.163384782105272,0.9498606726395006,1.0,6.311709981265639,6.311709981265639,analytic,1.3288655910837202
89,seasonal_naive,6.163384782105272,0.9498606726395006,0.8333333333333334,4.593899081244929,7.879319223557417,empirical,1.3288655910837202
89,theta,6.801589206197359,1.0206545400326237,1.0,24.506119569052665,24.506119569052665,analytic,1.4468189706588486
89,theta,6.801589206197359,1.0206545400326237,0.8541666666666666,3.77264710522941,5.592325362183972,empirical,1.4468189706588486
90,naive,23.58698616162862,3.43810390688008,0.8541666666666666,18.2639038122083,26.18244976102713,analytic,5.6518809104142065
90,naive,23.58698616162862,3.43810390688008,0.875,4.6613690559277865,7.169790794249022,empirical,5.6518809104142065
90,naive2,4.135502806606419,0.6139222908842171,1.0,25.516019772456257,25.516019772456257,analytic,1.0
90,naive2,4.135502806606419,0.6139222908842171,0.9791666666666666,5.170167539596067,7.011219524259255,empirical,1.0
90,seasonal_naive,3.503974382838673,0.5040761291023017,0.9791666666666666,6.571816326374399,6.976923066468254,analytic,0.83418291460516
90,seasonal_naive,3.503974382838673,0.5040761291023017,0.9583333333333334,4.606063205688939,6.164325194646068,empirical,0.83418291460516
90,theta,4.318795752345498,0.6496485713084675,1.0,25.516019772456257,25.516019772456257,analytic,1.0512576468884118
90,theta,4.318795752345498,0.6496485713084675,0.9375,4.733060912520513,6.18960820468683,empirical,1.0512576468884118
91,naive,27.997902750976532,3.2838898061856585,0.75,12.023774561641526,33.27039658931859,analytic,3.583959750786226
91,naive,27.997902750976532,3.2838898061856585,0.7291666666666666,3.7422407313009978,10.369324503274568,empirical,3.583959750786226
91,naive2,8.466044161499793,0.8505641209728324,1.0,25.1456236074186,25.1456236074186,analytic,1.0
91,naive2,8.466044161499793,0.8505641209728324,0.9375,4.238389988202369,4.66886619538174,empirical,1.0
91,seasonal_naive,4.356490757635082,0.47833486626551863,1.0,6.476418392592873,6.476418392592873,analytic,0.5384788284250084
91,seasonal_naive,4.356490757635082,0.47833486626551863,1.0,4.414188072310073,4.414188072310073,empirical,0.5384788284250084
91,theta,7.670856921648252,0.769877981014961,1.0,25.1456236074186,25.1456236074186,analytic,0.9056057140039523
91,theta,7.670856921648252,0.769877981014961,0.9375,4.02872941303156,4.786961289366953,empirical,0.9056057140039523
92,naive,16.14736286260018,2.6712389438651276,0.8958333333333334,14.660043761300235,16.226626292686618,analytic,4.560250071777288
92,naive,16.14736286260018,2.6712389438651276,1.0,4.281730963416856,4.281730963416856,empirical,4.560250071777288
92,naive2,3.6175417913801002,0.5736123268218872,1.0,25.61653996739449,25.61653996739449,analytic,1.0
92,naive2,3.6175417913801002,0.5736123268218872,0.9166666666666666,4.333575283337853,4.754996385114657,empirical,1.0
92,seasonal_naive,9.263109086832301,1.6761925520194532,0.9791666666666666,6.597705954306833,6.9064449029619155,analytic,2.741389206449976
92,seasonal_naive,9.263109086832301,1.6761925520194532,0.625,4.727323614935366,15.56350646333394,empirical,2.741389206449976
92,theta,8.807354490869876,1.5107498616843515,1.0,25.61653996739449,25.61653996739449,analytic,2.5341856604535016
92,theta,8.807354490869876,1.5107498616843515,0.5833333333333334,4.379964520674798,9.791155061520081,empirical,2.5341856604535016
93,naive,16.09538048216191,3.4458740228399685,0.8125,16.346818874162143,30.272646931722175,analytic,5.697038362277446
93,naive,16.09538048216191,3.4458740228399685,0.8125,3.7644930869310067,5.366768599149687,empirical,5.697038362277446
93,naive2,2.8600147655056447,0.5975831859361024,1.0,24.17197818843904,24.17197818843904,analytic,1.0
93,naive2,2.8600147655056447,0.5975831859361024,0.9166666666666666,4.361840172152617,4.802587835588714,empirical,1.0
93,seasonal_naive,7.256382239133746,1.5630683953554272,1.0,6.225649702271644,6.225649702271644,analytic,2.576416689780654
93,seasonal_naive,7.256382239133746,1.5630683953554272,0.4375,4.480625254606854,11.812884629713928,empirical,2.576416689780654
93,theta,5.69505694092532,1.245221656488982,1.0,24.17197818843904,24.17197818843904,analytic,2.0375156217009773
93,theta,5.69505694092532,1.245221656488982,0.625,3.888482361523412,10.530515308093593,empirical,2.0375156217009773
94,naive,15.484342038696097,3.317603435025985,0.8125,15.798813448737938,29.276433799488096,analytic,5.761013022127907
94,naive,15.484342038696097,3.317603435025985,0.8333333333333334,3.6873520502185344,4.628015935048341,empirical,5.761013022127907
94,naive2,2.7052559259453757,0.5721755279288584,1.0,24.056731190448644,24.056731190448644,analytic,1.0
94,naive2,2.7052559259453757,0.5721755279288584,0.9375,4.350345798701283,4.714198630829107,empirical,1.0
94,seasonal_naive,7.083599953395524,1.520165634358368,1.0,6.195967090731399,6.195967090731399,analytic,2.637637641484319
94,seasonal_naive,7.083599953395524,1.520165634358368,0.4583333333333333,4.489709829852459,10.688983070501619,empirical,2.637637641484319
94,theta,5.323699060969761,1.167976704973204,1.0,24.056731190448644,24.056731190448644,analytic,2.0046002472449915
94,theta,5.323699060969761,1.167976704973204,0.625,3.890180189175513,9.079967847393242,empirical,2.0046002472449915
95,naive,16.23781978375626,2.7812673359679914,0.9166666666666666,13.946168599085874,14.577315703598506,analytic,1.4059277507895547
95,naive,16.23781978375626,2.7812673359679914,0.6875,4.8950429563808635,10.552575050933996,empirical,1.4059277507895547
95,naive2,11.791387527658358,1.9384842199718824,1.0,26.24513844668076,26.24513844668076,analytic,1.0
95,naive2,11.791387527658358,1.9384842199718824,0.3333333333333333,5.759819409743665,21.178872665279616,empirical,1.0
95,seasonal_naive,10.926786143571873,1.7773644419352463,0.9375,6.759605568186537,7.453628093137861,analytic,0.9217794026754296
95,seasonal_naive,10.926786143571873,1.7773644419352463,0.6666666666666666,4.94452596610946,9.727030854954721,empirical,0.9217794026754296
95,theta,11.451094227463043,1.883151273432331,1.0,26.24513844668076,26.24513844668076,analytic,0.9712980405147431
95,theta,11.451094227463043,1.883151273432331,0.4583333333333333,4.367446087576496,13.45270926774141,empirical,0.9712980405147431
96,naive,13.837391176891092,4.02420260769403,0.8125,17.969417479001994,38.589775035528405,analytic,6.703306811502143
96,naive,13.837391176891092,4.02420260769403,0.9583333333333334,3.8748992042583614,4.319109354000885,empirical,6.703306811502143
96,naive2,2.0821298645165074,0.5952234416236226,1.0,28.297905734683912,28.297905734683912,analytic,1.0
96,naive2,2.0821298645165074,0.5952234416236226,1.0,5.457061225425606,5.457061225425606,empirical,1.0
96,seasonal_naive,2.466843440047779,0.727319307464077,1.0,7.288309092397978,7.288309092397978,analytic,1.2033478845026715
96,seasonal_naive,2.466843440047779,0.727319307464077,0.9791666666666666,4.273978252009462,4.291578265935089,empirical,1.2033478845026715
96,theta,2.171585408411096,0.6455687589771336,1.0,28.297905734683905,28.297905734683905,analytic,1.0637728474870998
96,theta,2.171585408411096,0.6455687589771336,1.0,4.426896448351685,4.426896448351685,empirical,1.0637728474870998
97,naive,3.8240302594462783,0.5451158973220304,1.0,6.805860906831975,6.805860906831975,analytic,1.4006077032876327
97,naive,3.8240302594462783,0.5451158973220304,1.0,3.318271571651745,3.318271571651745,empirical,1.4006077032876327
97,naive2,2.735628027709562,0.3884380551819333,1.0,26.232504896691253,26.232504896691253,analytic,1.0
97,naive2,2.735628027709562,0.3884380551819333,1.0,3.492178831369937,3.492178831369937,empirical,1.0
97,seasonal_naive,3.52328405322137,0.502453682042986,1.0,6.756351715476687,6.756351715476687,analytic,1.2907242186028516
97,seasonal_naive,3.52328405322137,0.502453682042986,1.0,5.421462944312717,5.421462944312717,empirical,1.2907242186028516
97,theta,2.777311244303866,0.39476855757402607,1.0,26.232504896691243,26.232504896691243,analytic,1.015767246673855
97,theta,2.777311244303866,0.39476855757402607,1.0,3.559341970547912,3.559341970547912,empirical,1.015767246673855
98,naive,15.831671141903266,2.6407663812824302,0.8541666666666666,12.662482479301158,21.971177572612216,analytic,2.431874804408227
98,naive,15.831671141903266,2.6407663812824302,0.8333333333333334,4.13991898192284,4.944315416796185,empirical,2.431874804408227
98,naive2,6.484249603553953,1.0902384074592228,1.0,23.208346055040245,23.208346055040245,analytic,1.0
98,naive2,6.484249603553953,1.0902384074592228,0.9375,3.88053428034555,4.068409273471835,empirical,1.0
98,seasonal_naive,7.528877511688465,1.3500020607445873,1.0,5.9774599985732095,5.9774599985732095,analytic,1.1996827619220638
98,seasonal_naive,7.528877511688465,1.3500020607445873,0.8541666666666666,5.085979868643902,6.952945131423501,empirical,1.1996827619220638
98,theta,8.215358871379944,1.410462698407688,1.0,23.208346055040245,23.208346055040245,analytic,1.2803454607036122
98,theta,8.215358871379944,1.410462698407688,0.9583333333333334,4.702816069645718,4.8807821299382095,empirical,1.2803454607036122
99,naive,26.15480554654343,1.692526413607806,0.9375,15.310309694405818,16.915919667328474,analytic,1.0121132099647214
99,naive,26.15480554654343,1.692526413607806,0.9583333333333334,5.865831666700335,6.685209053015764,empirical,1.0121132099647214
99,naive2,23.899726305621254,1.820174212869975,1.0,27.635740316255138,27.635740316255138,analytic,1.0
99,naive2,23.899726305621254,1.820174212869975,0.9583333333333334,6.855738772768335,8.595059224869999,empirical,1.0
99,seasonal_naive,5.057378615172295,0.305559483646795,1.0,7.117764095709732,7.117764095709732,analytic,0.18974099006825879
99,seasonal_naive,5.057378615172295,0.305559483646795,0.9583333333333334,5.073830873787061,5.871016789223114,empirical,0.18974099006825879
99,theta,11.70291130183056,0.8014788297221096,1.0,27.635740316255138,27.635740316255138,analytic,0.46499900127033744
99,theta,11.70291130183056,0.8014788297221096,0.9791666666666666,5.1181467938296175,6.52920468770021,empirical,0.46499900127033744
100,naive,5.110702924490274,0.5653190638854568,1.0,9.253449794656577,9.253449794656577,analytic,0.4917836837977622
100,naive,5.110702924490274,0.5653190638854568,0.8333333333333334,3.6693844029362594,5.612124912178693,empirical,0.4917836837977622
100,naive2,10.690134190473985,1.1183568354940292,1.0,23.4585396080006,23.4585396080006,analytic,1.0
100,naive2,10.690134190473985,1.1183568354940292,0.6666666666666666,3.9042754079387856,7.330072724921357,empirical,1.0
100,seasonal_naive,3.8187040964519534,0.41362562686241733,1.0,6.041898970276523,6.041898970276523,analytic,0.36353440493209
100,seasonal_naive,3.8187040964519534,0.41362562686241733,0.9583333333333334,4.2705489740048925,4.4773106088136245,empirical,0.36353440493209
100,theta,5.795882538629293,0.6173677728828446,1.0,23.4585396080006,23.4585396080006,analytic,0.5471011423318558
100,theta,5.795882538629293,0.6173677728828446,1.0,3.6500222301249785,3.6500222301249785,empirical,0.5471011423318558
101,naive,16.68253619509692,1.6704274316499055,0.8958333333333334,11.940677382693826,14.069477985246076,analytic,2.5353105559375466
101,naive,16.68253619509692,1.6704274316499055,1.0,4.615045623702447,4.615045623702447,empirical,2.5353105559375466
101,naive2,6.521849277946064,0.6648003205559453,1.0,23.17217475914477,23.17217475914477,analytic,1.0
101,naive2,6.521849277946064,0.6648003205559453,0.9583333333333334,4.929241435369436,5.177446534281958,empirical,1.0
101,seasonal_naive,5.57724372367522,0.5425591433135752,1.0,5.968143846797508,5.968143846797508,analytic,0.8356431980673601
101,seasonal_naive,5.57724372367522,0.5425591433135752,1.0,4.578765892522225,4.578765892522225,empirical,0.8356431980673601
101,theta,6.558961697479315,0.6333398465205052,1.0,23.17217475914477,23.17217475914477,analytic,0.9791836408237058
101,theta,6.558961697479315,0.6333398465205052,0.9583333333333334,4.251780803968408,4.9274377714144775,empirical,0.9791836408237058
102,naive,13.304700182839365,2.5115087395415436,0.875,12.802904123472302,18.372671141123735,analytic,2.3827693380818187
102,naive,13.304700182839365,2.5115087395415436,0.9583333333333334,3.8643134992485297,4.339800179879528,empirical,2.3827693380818187
102,naive2,5.550617189781038,1.0603517178389985,1.0,24.160502713387004,24.160502713387004,analytic,1.0
102,naive2,5.550617189781038,1.0603517178389985,1.0,4.090696728422171,4.090696728422171,empirical,1.0
102,seasonal_naive,10.294363391682138,1.989222612750145,0.9791666666666666,6.2226941192703595,6.283477472840887,analytic,1.8653183183910274
102,seasonal_naive,10.294363391682138,1.989222612750145,0.5833333333333334,5.4411125312126485,13.516955420645909,empirical,1.8653183183910274
102,theta,7.881618278164812,1.5347265033651276,1.0,24.160502713387004,24.160502713387004,analytic,1.433664217218721
102,theta,7.881618278164812,1.5347265033651276,0.8958333333333334,4.8142103485983645,5.4033411331494055,empirical,1.433664217218721
103,naive,19.888884478539413,2.2486132396055436,0.7916666666666666,10.935458785737216,15.485240099434034,analytic,3.10217376517084
103,naive,19.888884478539413,2.2486132396055436,0.8958333333333334,3.567635455534826,3.89137945873312,empirical,3.10217376517084
103,naive2,6.3850503661170555,0.7278400430312736,1.0,24.199858402415103,24.199858402415103,analytic,1.0
103,naive2,6.3850503661170555,0.7278400430312736,0.9375,4.169458984180998,4.361222854932976,empirical,1.0
103,seasonal_naive,7.171265024237384,0.7938765991471215,1.0,6.232830432143486,6.232830432143486,analytic,1.1069315780617308
103,seasonal_naive,7.171265024237384,0.7938765991471215,1.0,3.766597259239516,3.766597259239516,empirical,1.1069315780617308
103,theta,4.767593927620521,0.5440427594223053,1.0,24.199858402415096,24.199858402415096,analytic,0.7470782134303626
103,theta,4.767593927620521,0.5440427594223053,1.0,3.036194418691999,3.036194418691999,empirical,0.7470782134303626
104,naive,17.470177106528197,1.9528604586914482,0.9375,10.776389946085361,11.828612514153267,analytic,1.9697019167153438
104,naive,17.470177106528197,1.9528604586914482,0.7291666666666666,3.8339959408221467,5.985745237644631,empirical,1.9697019167153438
104,naive2,8.932555761367738,0.9844948378168179,1.0,22.97088331040707,22.97088331040707,analytic,1.0
104,naive2,8.932555761367738,0.9844948378168179,0.9583333333333334,3.9582969028546238,4.060483419676272,empirical,1.0
104,seasonal_naive,5.655495538895109,0.6078792862285974,1.0,5.916299929095192,5.916299929095192,analytic,0.6252929814097723
104,seasonal_naive,5.655495538895109,0.6078792862285974,0.9791666666666666,4.361547664885066,4.415957180676922,empirical,0.6252929814097723
104,theta,7.285853056750213,0.7840644489709548,1.0,22.970883310407075,22.970883310407075,analytic,0.8060322613998039
104,theta,7.285853056750213,0.7840644489709548,1.0,3.7875860812872926,3.7875860812872926,empirical,0.8060322613998039
105,naive,17.749259489637073,3.323477486811237,0.8333333333333334,22.3892858521565,32.71448577359466,analytic,3.053590691725332
105,naive,17.749259489637073,3.323477486811237,0.7083333333333334,4.380431879889963,15.821284892167716,empirical,3.053590691725332
105,naive2,5.63555713988742,1.1236815151659605,1.0,25.011576213668423,25.011576213668423,analytic,1.0
105,naive2,5.63555713988742,1.1236815151659605,0.8333333333333334,5.060847231034576,16.540258819494685,empirical,1.0
105,seasonal_naive,5.901111336043137,1.119984995177021,1.0,6.441893617231697,6.441893617231697,analytic,1.0219157728330546
105,seasonal_naive,5.901111336043137,1.119984995177021,0.8125,4.443940463005966,10.008645784954686,empirical,1.0219157728330546
105,theta,5.080191637950658,1.006844236373828,1.0,25.011576213668423,25.011576213668423,analytic,0.898738045632255
105,theta,5.080191637950658,1.006844236373828,0.8125,4.02351938533103,14.32152790254121,empirical,0.898738045632255
106,naive,13.888315861374585,3.1283114398785545,0.875,17.759358039634368,22.162152550255577,analytic,6.137553576009071
106,naive,13.888315861374585,3.1283114398785545,1.0,4.4472097179444425,4.4472097179444425,empirical,6.137553576009071
106,naive2,2.1766114685462403,0.5307258316150362,1.0,24.327401374027232,24.327401374027232,analytic,1.0
106,naive2,2.1766114685462403,0.5307258316150362,1.0,5.102373751976638,5.102373751976638,empirical,1.0
106,seasonal_naive,3.2007188185096536,0.7802859457767715,1.0,6.265679951411368,6.265679951411368,analytic,1.4703647625642888
106,seasonal_naive,3.2007188185096536,0.7802859457767715,0.9791666666666666,4.618702085216286,5.001800981622366,empirical,1.4703647625642888
106,theta,2.764924292276312,0.6849763954520307,1.0,24.327401374027232,24.327401374027232,analytic,1.2804645827791683
106,theta,2.764924292276312,0.6849763954520307,0.9791666666666666,4.3426725421424,4.352089026735863,empirical,1.2804645827791683
107,naive,38.625923578289175,2.072378768226278,1.0,18.909177147297836,18.909177147297836,analytic,1.9469748025582834
107,naive,38.625923578289175,2.072378768226278,0.9791666666666666,6.430780871101753,6.496436202542748,empirical,1.9469748025582834
107,naive2,19.337685082447294,1.092734797508067,1.0,24.629143441063373,24.629143441063373,analytic,1.0
107,naive2,19.337685082447294,1.092734797508067,0.9791666666666666,6.911705900664498,7.065397246611253,empirical,1.0
107,seasonal_naive,19.01609444577276,1.057368523287654,1.0,6.3433955771314325,6.3433955771314325,analytic,0.9755024124692329
107,seasonal_naive,19.01609444577276,1.057368523287654,0.9375,4.259733788246204,6.336348384307386,empirical,0.9755024124692329
107,theta,19.465478452196987,1.1002012998358917,1.0,24.629143441063373,24.629143441063373,analytic,1.0067206864708802
107,theta,19.465478452196987,1.1002012998358917,0.8958333333333334,4.0646449537180915,5.915451555117558,empirical,1.0067206864708802
108,naive,16.04111296655103,3.812903241337388,0.8541666666666666,21.097862367543893,28.775660024979874,analytic,6.252834075229067
108,naive,16.04111296655103,3.812903241337388,0.8958333333333334,5.417148909992323,5.820254662309309,empirical,6.252834075229067
108,naive2,2.4685345857956786,0.6346973643723736,1.0,25.22119707966722,25.22119707966722,analytic,1.0
108,naive2,2.4685345857956786,0.6346973643723736,0.8333333333333334,6.144510329720114,8.27691944510858,empirical,1.0
108,seasonal_naive,2.72982125984777,0.6876394095635155,1.0,6.495882830353675,6.495882830353675,analytic,1.0946299647037359
108,seasonal_naive,2.72982125984777,0.6876394095635155,0.9375,5.758057791233779,6.493454129846696,empirical,1.0946299647037359
108,theta,2.3389642154488186,0.6048695876829112,1.0,25.22119707966722,25.22119707966722,analytic,0.9502579725727116
108,theta,2.3389642154488186,0.6048695876829112,0.9375,5.633735831257194,5.996181473148573,empirical,0.9502579725727116
109,naive,15.544456972852014,3.760518800338401,0.8333333333333334,21.067039611004084,29.85760252763227,analytic,5.826015419487069
109,naive,15.544456972852014,3.760518800338401,0.9166666666666666,5.508810526298631,6.12280201410657,empirical,5.826015419487069
109,naive2,2.56713634144104,0.6718983246223104,1.0,25.291552100005084,25.291552100005084,analytic,1.0
109,naive2,2.56713634144104,0.6718983246223104,0.7916666666666666,6.352367258017547,9.493242286483355,empirical,1.0
109,seasonal_naive,2.6708437175387663,0.6840875637558621,1.0,6.514003221990845,6.514003221990845,analytic,1.0292697861610716
109,seasonal_naive,2.6708437175387663,0.6840875637558621,0.9375,5.779004797277141,6.876299706751562,empirical,1.0292697861610716
109,theta,2.3690917912188127,0.6208198640164359,1.0,25.291552100005084,25.291552100005084,analytic,0.9234163932062505
109,theta,2.3690917912188127,0.6208198640164359,0.9375,5.635378549239802,6.161433310135884,empirical,0.9234163932062505
110,naive,17.60748362364,2.0395389471311014,1.0,14.74254897953286,14.74254897953286,analytic,1.6961754783794394
110,naive,17.60748362364,2.0395389471311014,0.9166666666666666,4.54313070679743,4.894105794160749,empirical,1.6961754783794394
110,naive2,10.605988949462674,1.1774231546994514,1.0,23.620251284979858,23.620251284979858,analytic,1.0
110,naive2,10.605988949462674,1.1774231546994514,0.8958333333333334,4.960985847385048,6.18278469557209,empirical,1.0
110,seasonal_naive,7.069598554023202,0.758369969563747,1.0,6.083548861145666,6.083548861145666,analytic,0.6553298084040626
110,seasonal_naive,7.069598554023202,0.758369969563747,0.9583333333333334,4.177720944651111,4.3740911396685815,empirical,0.6553298084040626
110,theta,5.747452914309084,0.6480919623292877,1.0,23.620251284979858,23.620251284979858,analytic,0.5461694287748761
110,theta,5.747452914309084,0.6480919623292877,1.0,3.8306931316291,3.8306931316291,empirical,0.5461694287748761
111,naive,23.846253088789805,3.230688728312275,0.8333333333333334,16.947521193192504,30.104389088099488,analytic,2.803454943177793
111,naive,23.846253088789805,3.230688728312275,0.9583333333333334,4.354714557855396,5.205471388843197,empirical,2.803454943177793
111,naive2,8.496326329486076,1.15371220084375,1.0,24.219391703747043,24.219391703747043,analytic,1.0
111,naive2,8.496326329486076,1.15371220084375,0.9375,5.4820217398984585,6.508621651400184,empirical,1.0
111,seasonal_naive,8.260139519108149,1.1392448521339305,1.0,6.23786136054635,6.23786136054635,analytic,0.9798307386312661
111,seasonal_naive,8.260139519108149,1.1392448521339305,0.9375,4.526272000122408,5.815552172310863,empirical,0.9798307386312661
111,theta,8.272080916742004,1.1251329802223462,1.0,24.219391703747046,24.219391703747046,analytic,0.9744176230070206
111,theta,8.272080916742004,1.1251329802223462,0.9375,4.048126441515679,5.7750985481839425,empirical,0.9744176230070206
112,naive,13.647658933177386,3.7101267701548832,0.8333333333333334,19.420305282396797,32.203600833688704,analytic,2.443229878160249
112,naive,13.647658933177386,3.7101267701548832,1.0,4.709040894078173,4.709040894078173,empirical,2.443229878160249
112,naive2,5.6064787672123675,1.5129825280902416,1.0,25.250429647737633,25.250429647737633,analytic,1.0
112,naive2,5.6064787672123675,1.5129825280902416,0.7916666666666666,6.281806200862101,8.66689785209483,empirical,1.0
112,seasonal_naive,4.430334991277041,1.253376527796371,1.0,6.503411867790551,6.503411867790551,analytic,0.8093157190232397
112,seasonal_naive,4.430334991277041,1.253376527796371,0.9375,5.189942267259838,6.094474031907894,empirical,0.8093157190232397
112,theta,5.284068094937134,1.4333913919992836,1.0,25.250429647737633,25.250429647737633,analytic,0.9449438702033996
112,theta,5.284068094937134,1.4333913919992836,0.8541666666666666,4.4315239611177475,5.9686251807150486,empirical,0.9449438702033996
113,naive,15.386602172125166,2.8635480978105528,0.8333333333333334,13.867996313578386,24.7705932981697,analytic,4.900866043466344
113,naive,15.386602172125166,2.8635480978105528,0.9166666666666666,3.4671648123535124,3.847613420368148,empirical,4.900866043466344
113,naive2,3.103251034044545,0.5912131950042665,1.0,23.41843686288064,23.41843686288064,analytic,1.0
113,naive2,3.103251034044545,0.5912131950042665,0.9583333333333334,4.099504907745881,4.294087222139215,empirical,1.0
113,seasonal_naive,4.90519526827621,0.9252388455382152,1.0,6.03157024826337,6.03157024826337,analytic,1.5728233980007553
113,seasonal_naive,4.90519526827621,0.9252388455382152,0.6875,3.7952941891042116,7.497085619962269,empirical,1.5728233980007553
113,theta,4.246131764755323,0.8197891645238429,1.0,23.41843686288064,23.41843686288064,analytic,1.377453438340801
113,theta,4.246131764755323,0.8197891645238429,0.5833333333333334,2.9630319689718525,9.817524808330445,empirical,1.377453438340801
114,naive,16.53055405222908,1.8767118007372834,1.0,12.717284012471596,12.717284012471596,analytic,4.2588939766164895
114,naive,16.53055405222908,1.8767118007372834,1.0,4.132911427890613,4.132911427890613,empirical,4.2588939766164895
114,naive2,3.812242843554594,0.4488009890261318,1.0,25.562196824978646,25.562196824978646,analytic,1.0
114,naive2,3.812242843554594,0.4488009890261318,0.9375,4.563188810696951,4.676780697753235,empirical,1.0
114,seasonal_naive,11.139950251148383,1.2560762793827005,1.0,6.583709525642023,6.583709525642023,analytic,2.860444518144414
114,seasonal_naive,11.139950251148383,1.2560762793827005,0.7708333333333334,4.765983348050965,6.502341505123139,empirical,2.860444518144414
114,theta,10.858294160062783,1.1898448640449015,1.0,25.562196824978646,25.562196824978646,analytic,2.749716457872391
114,theta,10.858294160062783,1.1898448640449015,0.8333333333333334,4.602700654111619,6.862246994343191,empirical,2.749716457872391
115,naive,15.869742116141659,2.401984896404486,0.9166666666666666,17.08942103290929,17.709359879340674,analytic,3.734002254748244
115,naive,15.869742116141659,2.401984896404486,1.0,4.688632438560522,4.688632438560522,empirical,3.734002254748244
115,naive2,4.122188486439103,0.6638672796440791,1.0,26.756138168526647,26.756138168526647,analytic,1.0
115,naive2,4.122188486439103,0.6638672796440791,1.0,5.843766469868089,5.843766469868089,empirical,1.0
115,seasonal_naive,5.447083415630175,0.8777322621488322,1.0,6.891216859631946,6.891216859631946,analytic,1.3217779606630307
115,seasonal_naive,5.447083415630175,0.8777322621488322,0.9791666666666666,5.052919865121872,5.293308606559546,empirical,1.3217779606630307
115,theta,3.8213940110115274,0.5972289820352242,1.0,26.756138168526647,26.756138168526647,analytic,0.9133257234618051
115,theta,3.8213940110115274,0.5972289820352242,0.9791666666666666,4.839328956393408,4.846205174817786,empirical,0.9133257234618051
116,naive,11.317267298068385,1.4971314765639474,0.9166666666666666,12.12517838581519,13.01150763792538,analytic,2.162749698470015
116,naive,11.317267298068385,1.4971314765639474,0.9791666666666666,4.415972539574713,4.480679511723172,empirical,2.162749698470015
116,naive2,5.279579478877872,0.6861573794789216,1.0,25.231322248165124,25.231322248165124,analytic,1.0
116,naive2,5.279579478877872,0.6861573794789216,0.9583333333333334,5.131433794849839,5.504782304604961,empirical,1.0
116,seasonal_naive,6.213259325268783,0.8048364519648408,1.0,6.49849063314718,6.49849063314718,analytic,1.1749046361211235
116,seasonal_naive,6.213259325268783,0.8048364519648408,0.8333333333333334,4.2411071656477075,6.119696679635234,empirical,1.1749046361211235
116,theta,5.123201866641334,0.6682701716965412,1.0,25.231322248165124,25.231322248165124,analytic,0.972156001319491
116,theta,5.123201866641334,0.6682701716965412,1.0,4.02093288765895,4.02093288765895,empirical,0.972156001319491
117,naive,30.61118403322568,3.281092490930688,0.8541666666666666,13.625656674196732,24.77102844987874,analytic,4.956879928894525
117,naive,30.61118403322568,3.281092490930688,0.8958333333333334,4.904277023339433,5.89986275642878,empirical,4.956879928894525
117,naive2,6.503005953258816,0.6301887035957374,1.0,25.530564089717934,25.530564089717934,analytic,1.0
117,naive2,6.503005953258816,0.6301887035957374,1.0,6.055480641636796,6.055480641636796,empirical,1.0
117,seasonal_naive,8.872605672788032,0.9318356929596456,1.0,6.575562309583719,6.575562309583719,analytic,1.4215233316274243
117,seasonal_naive,8.872605672788032,0.9318356929596456,0.8958333333333334,4.999969902725608,6.559811310154419,empirical,1.4215233316274243
117,theta,7.783108178758826,0.7707222454779382,1.0,25.530564089717934,25.530564089717934,analytic,1.209925044568846
117,theta,7.783108178758826,0.7707222454779382,0.9791666666666666,4.48197622944097,4.755457390301469,empirical,1.209925044568846
118,naive,61.95137230111513,4.631866885499646,0.75,19.42545748463056,40.808877256022924,analytic,2.8024854040731286
118,naive,61.95137230111513,4.631866885499646,0.5416666666666666,5.967418571447632,36.95627677034546,empirical,2.8024854040731286
118,naive2,25.204140454222145,1.4718418189865259,1.0,28.32216540116655,28.32216540116655,analytic,1.0
118,naive2,25.204140454222145,1.4718418189865259,0.9166666666666666,6.9451345612502715,8.593151640376009,empirical,1.0
118,seasonal_naive,21.687310315998438,1.1512015798673658,0.9375,7.294557326788951,8.975219051653905,analytic,0.8213082574510974
118,seasonal_naive,21.687310315998438,1.1512015798673658,0.6458333333333334,4.664565069452784,14.212434783769003,empirical,0.8213082574510974
118,theta,16.784269510696838,0.9480260742659065,1.0,28.32216540116655,28.32216540116655,analytic,0.6550208470559262
118,theta,16.784269510696838,0.9480260742659065,0.5833333333333334,4.110795336698223,10.000792843504273,empirical,0.6550208470559262
119,naive,16.856151180493605,3.45750203901304,0.8333333333333334,17.452882890983346,24.430309557100554,analytic,2.4457947946449803
119,naive,16.856151180493605,3.45750203901304,0.8333333333333334,4.695457462331316,6.640143271759018,empirical,2.4457947946449803
119,naive2,6.8458683546958445,1.4232195955495721,1.0,23.842168110697394,23.842168110697394,analytic,1.0
119,naive2,6.8458683546958445,1.4232195955495721,0.7916666666666666,4.764455591963901,7.081575806993216,empirical,1.0
119,seasonal_naive,5.478758454693091,1.0831835166505326,1.0,6.140704978414473,6.140704978414473,analytic,0.7806905719373137
119,seasonal_naive,5.478758454693091,1.0831835166505326,0.8125,4.951931608284942,8.338548106330819,empirical,0.7806905719373137
119,theta,6.034928305662357,1.2180476177273445,1.0,23.84216811069739,23.84216811069739,analytic,0.8686913463097811
119,theta,6.034928305662357,1.2180476177273445,0.9166666666666666,4.8526036164233135,5.249821637967824,empirical,0.8686913463097811
120,naive,14.839176671527918,4.412705787040344,0.8333333333333334,20.774945084599704,37.69151855809697,analytic,5.42161024085012
120,naive,14.839176671527918,4.412705787040344,0.6041666666666666,3.7883067578265357,10.854452510957747,empirical,5.42161024085012
120,naive2,2.7302632298718845,0.8159364769818891,1.0,25.143782014884547,25.143782014884547,analytic,1.0
120,naive2,2.7302632298718845,0.8159364769818891,0.8958333333333334,4.940919213331852,8.187751802895855,empirical,1.0
120,seasonal_naive,3.0488224255846075,0.9507472389307197,1.0,6.475944078495702,6.475944078495702,analytic,1.1409496145231195
120,seasonal_naive,3.0488224255846075,0.9507472389307197,0.8541666666666666,4.682807097023584,7.967060310531989,empirical,1.1409496145231195
120,theta,3.542680965227819,1.075483388080786,1.0,25.143782014884547,25.143782014884547,analytic,1.3078285903761468
120,theta,3.542680965227819,1.075483388080786,0.7708333333333334,4.162009850645917,8.136667231063727,empirical,1.3078285903761468
121,naive,9.49440884829399,2.1229841986173787,0.9375,13.002035458361146,17.234671598000045,analytic,1.4783424217767558
121,naive,9.49440884829399,2.1229841986173787,0.7708333333333334,3.2400311068885195,10.340412806953946,empirical,1.4783424217767558
121,naive2,6.503899866306432,1.418270522476845,1.0,23.606739531206195,23.606739531206195,analytic,1.0
121,naive2,6.503899866306432,1.418270522476845,0.7916666666666666,3.747110696604611,9.767799378412219,empirical,1.0
121,seasonal_naive,6.371358395917557,1.3990375199496623,0.9166666666666666,6.080068821357346,13.319932617213686,analytic,0.983030173525594
121,seasonal_naive,6.371358395917557,1.3990375199496623,0.8333333333333334,3.6989062584642824,14.813389192387666,empirical,0.983030173525594
121,theta,7.334304190141906,1.6026665259758874,1.0,23.606739531206195,23.606739531206195,analytic,1.1288462990376191
121,theta,7.334304190141906,1.6026665259758874,0.75,3.345248050688028,9.788656371717984,empirical,1.1288462990376191
122,naive,32.0438042674763,2.3604253600557543,1.0,17.372782897166992,17.372782897166992,analytic,1.9663125749313872
122,naive,32.0438042674763,2.3604253600557543,0.875,4.973722636783279,6.722204118588763,empirical,1.9663125749313872
122,naive2,16.97246633762838,1.1544467836188241,1.0,27.26160771789763,27.26160771789763,analytic,1.0
122,naive2,16.97246633762838,1.1544467836188241,0.7708333333333334,5.951006351243846,10.248684638696348,empirical,1.0
122,seasonal_naive,10.08751012528421,0.7208543651383797,1.0,7.021403819301385,7.021403819301385,analytic,0.6093804898776867
122,seasonal_naive,10.08751012528421,0.7208543651383797,0.9791666666666666,4.821210994567451,4.893653716615199,empirical,0.6093804898776867
122,theta,11.068600074102568,0.8375527699011426,1.0,27.26160771789763,27.26160771789763,analytic,0.6888258865019194
122,theta,11.068600074102568,0.8375527699011426,0.9166666666666666,4.513950035991683,4.746315147790754,empirical,0.6888258865019194
123,naive,156.8919137951492,4.094766077296198,0.9375,40.157711915053724,45.07931162653795,analytic,1.5458384924376278
123,naive,156.8919137951492,4.094766077296198,0.875,3.8245317894956448,5.545118030563814,empirical,1.5458384924376278
123,naive2,92.03961525715498,2.9521101930022455,0.9583333333333334,31.563692455426736,34.93000799840048,analytic,1.0
123,naive2,92.03961525715498,2.9521101930022455,0.7708333333333334,21.136764873975743,26.52703048338695,empirical,1.0
123,seasonal_naive,24.89985219400374,0.8037923121055651,0.9791666666666666,8.12943363616409,9.044228191260883,analytic,0.2714056400761965
123,seasonal_naive,24.89985219400374,0.8037923121055651,0.9166666666666666,4.9560376049653145,7.641985552600011,empirical,0.2714056400761965
123,theta,42.31241668586881,1.7833008016267837,1.0,31.563692455426736,31.563692455426736,analytic,0.5318981277686188
123,theta,42.31241668586881,1.7833008016267837,0.8125,10.791969848455578,16.776480530736425,empirical,0.5318981277686188
124,naive,160.08521095915611,5.266179859654574,0.9375,37.26971975856685,42.595334109999165,analytic,1.521627157700655
124,naive,160.08521095915611,5.266179859654574,0.7291666666666666,3.678361428312489,22.18919806312955,empirical,1.521627157700655
124,naive2,96.15913369498635,3.8203365519763173,0.9583333333333334,30.831755325535113,31.743858534105396,analytic,1.0
124,naive2,96.15913369498635,3.8203365519763173,0.7708333333333334,14.806317404449786,23.854053188164816,empirical,1.0
124,seasonal_naive,31.150701005080904,1.0194088402081878,0.9583333333333334,7.940918482821336,9.176591741373217,analytic,0.2953934600954685
124,seasonal_naive,31.150701005080904,1.0194088402081878,0.8333333333333334,4.8535260493539445,10.404151389212567,empirical,0.2953934600954685
124,theta,60.688214172036716,2.9591628463553006,1.0,30.831755325535113,30.831755325535113,analytic,0.7028522193936922
124,theta,60.688214172036716,2.9591628463553006,0.5208333333333334,9.083029074307913,46.42474745626961,empirical,0.7028522193936922
125,naive,150.5006017383468,5.173929583898083,0.9166666666666666,27.71118230369604,35.34007600907596,analytic,2.0478728854759893
125,naive,150.5006017383468,5.173929583898083,0.9583333333333334,4.247497170050194,5.261495491939609,empirical,2.0478728854759893
125,naive2,65.31634141799447,2.887937138568006,1.0,27.67516251580893,27.67516251580893,analytic,1.0
125,naive2,65.31634141799447,2.887937138568006,1.0,16.771081949352368,16.771081949352368,empirical,1.0
125,seasonal_naive,15.14369145156779,0.5733894110229028,1.0,7.127917538799975,7.127917538799975,analytic,0.2151989285872416
125,seasonal_naive,15.14369145156779,0.5733894110229028,0.9583333333333334,4.991372128469791,5.439847182710496,empirical,0.2151989285872416
125,theta,42.66674225721683,2.035776873568047,1.0,27.67516251580892,27.67516251580892,analytic,0.6790782538886018
125,theta,42.66674225721683,2.035776873568047,0.9375,11.044439285300154,11.157339065640535,empirical,0.6790782538886018
126,naive,176.25461318559326,5.406479559500007,0.9166666666666666,29.93312440329824,41.097064590376604,analytic,1.1792161456080708
126,naive,176.25461318559326,5.406479559500007,0.7708333333333334,4.2738296494850605,7.090665117579866,empirical,1.1792161456080708
126,naive2,144.05270497811077,4.763880874740716,0.9166666666666666,27.34133231574495,36.110752085521646,analytic,1.0
126,naive2,144.05270497811077,4.763880874740716,0.75,24.685901680357603,30.078379593113976,empirical,1.0
126,seasonal_naive,26.666351497004083,0.6054600315628706,1.0,7.041937406374093,7.041937406374093,analytic,0.15610455390857703
126,seasonal_naive,26.666351497004083,0.6054600315628706,0.9791666666666666,4.681193532335598,5.1041178377436,empirical,0.15610455390857703
126,theta,67.95980311131508,3.193247956220801,1.0,27.34133231574495,27.34133231574495,analytic,0.5710371558016614
126,theta,67.95980311131508,3.193247956220801,0.6041666666666666,12.046906495999705,26.662788818692253,empirical,0.5710371558016614
127,naive,161.1229549468441,3.986235060306152,1.0,31.209881334701727,31.209881334701727,analytic,1.6327235396299344
127,naive,161.1229549468441,3.986235060306152,0.9375,3.6783125225003315,5.252704145113717,empirical,1.6327235396299344
127,naive2,88.46992972342811,2.760111137299097,1.0,28.35353024581886,28.35353024581886,analytic,1.0
127,naive2,88.46992972342811,2.760111137299097,0.75,9.26606624958628,15.576445046020577,empirical,1.0
127,seasonal_naive,29.65133708161533,0.6960234150819065,1.0,7.302635545884185,7.302635545884185,analytic,0.2936647390673278
127,seasonal_naive,29.65133708161533,0.6960234150819065,0.9583333333333334,4.786657540216382,5.41890475228056,empirical,0.2936647390673278
127,theta,72.92868327142364,2.4546997333754463,1.0,28.35353024581886,28.35353024581886,analytic,0.8568405788469127
127,theta,72.92868327142364,2.4546997333754463,0.6666666666666666,7.569705954957398,18.48492704459663,empirical,0.8568405788469127
128,naive,161.93117785655093,4.510702011000755,0.9791666666666666,47.21605866483592,47.89797710481271,analytic,1.706953403333645
128,naive,161.93117785655093,4.510702011000755,1.0,3.82322206332726,3.82322206332726,empirical,1.706953403333645
128,naive2,83.11540821422832,3.077637709124513,0.9791666666666666,36.385381903149735,36.79863472050364,analytic,1.0
128,naive2,83.11540821422832,3.077637709124513,0.8333333333333334,17.36091406700819,19.74873654803401,empirical,1.0
128,seasonal_naive,11.293631836560985,0.3074329104115379,1.0,9.371291015011968,9.371291015011968,analytic,0.11788570725013985
128,seasonal_naive,11.293631836560985,0.3074329104115379,1.0,5.340209893714507,5.340209893714507,empirical,0.11788570725013985
128,theta,47.66018526503278,2.062944021336187,1.0,36.385381903149735,36.385381903149735,analytic,0.6218614525646369
128,theta,47.66018526503278,2.062944021336187,0.9583333333333334,9.429802045057711,9.608899143908587,empirical,0.6218614525646369
129,naive,125.12820440322024,0.6510849366880448,1.0,32.54233039417471,32.54233039417471,analytic,1.686534207599196
129,naive,125.12820440322024,0.6510849366880448,0.8333333333333334,3.8489117743792116,6.590819355369181,empirical,1.686534207599196
129,naive2,67.1983969849335,0.4308975292753041,1.0,55.09724857522291,55.09724857522291,analytic,1.0
129,naive2,67.1983969849335,0.4308975292753041,0.9583333333333334,5.526432143244572,6.638367703559604,empirical,1.0
129,seasonal_naive,56.51366404128836,0.36900139779641505,1.0,14.190653595425662,14.190653595425662,analytic,0.8486762696990131
129,seasonal_naive,56.51366404128836,0.36900139779641505,0.9375,7.9378307844104565,8.710433974675217,empirical,0.8486762696990131
129,theta,66.73936403926768,0.5066245423569876,1.0,55.0972485752229,55.0972485752229,analytic,1.0844557495137257
129,theta,66.73936403926768,0.5066245423569876,0.9375,5.851622307106463,7.736540470488448,empirical,1.0844557495137257
130,naive,105.60202013634014,2.310082630098453,1.0,36.75099201463866,36.75099201463866,analytic,4.430697114675464
130,naive,105.60202013634014,2.310082630098453,0.9375,3.532081324090817,4.06264692585895,empirical,4.430697114675464
130,naive2,20.872713586865878,0.607586996925534,1.0,33.8619200703552,33.8619200703552,analytic,1.0
130,naive2,20.872713586865878,0.607586996925534,0.9583333333333334,5.106803084972517,5.261683123039683,empirical,1.0
130,seasonal_naive,28.29593977515867,1.02611387381957,0.9375,8.721357059025486,10.131627161455638,analytic,1.5222385445552873
130,seasonal_naive,28.29593977515867,1.02611387381957,0.9166666666666666,4.994638461924854,10.69503528732168,empirical,1.5222385445552873
130,theta,19.636913150206578,0.5648421740766651,1.0,33.8619200703552,33.8619200703552,analytic,0.9352208603340728
130,theta,19.636913150206578,0.5648421740766651,0.9791666666666666,4.410951659325299,4.429377408719369,empirical,0.9352208603340728
131,naive,142.08343658312032,3.3119646837967847,0.9791666666666666,45.3900875135367,46.05242358682605,analytic,1.6243348981499803
131,naive,142.08343658312032,3.3119646837967847,0.875,3.4768670069224457,4.815304176933005,empirical,1.6243348981499803
131,naive2,76.19112457449928,2.3933137800200237,1.0,41.89939326409635,41.89939326409635,analytic,1.0
131,naive2,76.19112457449928,2.3933137800200237,0.7083333333333334,6.325157285748445,9.090459276445452,empirical,1.0
131,seasonal_naive,22.833879887990896,0.44442977824709606,1.0,10.79146039130316,10.79146039130316,analytic,0.24269426683922174
131,seasonal_naive,22.833879887990896,0.44442977824709606,1.0,5.94203185498064,5.94203185498064,empirical,0.24269426683922174
131,theta,38.40899893059055,1.3301397707080402,1.0,41.89939326409635,41.89939326409635,analytic,0.5299435339876873
131,theta,38.40899893059055,1.3301397707080402,0.8958333333333334,5.414567006025923,6.666871968477127,empirical,0.5299435339876873
132,naive,142.1282860434289,2.9679598317977165,0.9791666666666666,42.107239954924886,42.340755820329115,analytic,1.5299032690841776
132,naive,142.1282860434289,2.9679598317977165,0.8958333333333334,3.5214146934821615,4.190211408694122,empirical,1.5299032690841776
132,naive2,84.45432326694329,2.1555293987626842,1.0,38.170055496523545,38.170055496523545,analytic,1.0
132,naive2,84.45432326694329,2.1555293987626842,0.8541666666666666,7.974459085550621,9.430600748219238,empirical,1.0
132,seasonal_naive,22.636877333072206,0.39927815021520646,1.0,9.830945269977073,9.830945269977073,analytic,0.22663565345583755
132,seasonal_naive,22.636877333072206,0.39927815021520646,1.0,5.2383572482194545,5.2383572482194545,empirical,0.22663565345583755
132,theta,48.96045885971691,1.3992341306690705,1.0,38.170055496523545,38.170055496523545,analytic,0.6144321002284656
132,theta,48.96045885971691,1.3992341306690705,0.9166666666666666,6.1219415122015715,6.957598944962583,empirical,0.6144321002284656
133,naive,98.83370320083884,0.4498217526054631,1.0,22.358325261730272,22.358325261730272,analytic,2.2160412648132763
133,naive,98.83370320083884,0.4498217526054631,0.8333333333333334,3.9461059902900666,4.209350092870639,empirical,2.2160412648132763
133,naive2,35.21571723906492,0.2767180218966152,1.0,41.17555085201076,41.17555085201076,analytic,1.0
133,naive2,35.21571723906492,0.2767180218966152,0.9166666666666666,4.1663346052327235,4.503510295097317,empirical,1.0
133,seasonal_naive,38.06001960836065,0.31141505949608983,1.0,10.605030085013725,10.605030085013725,analytic,1.103077842658136
133,seasonal_naive,38.06001960836065,0.31141505949608983,0.8958333333333334,6.420419630765608,6.5217369485973045,empirical,1.103077842658136
133,theta,45.98524534732726,0.3670636619416793,1.0,41.17555085201076,41.17555085201076,analytic,1.3161529275704156
133,theta,45.98524534732726,0.3670636619416793,0.9583333333333334,4.488260002156885,4.542086585294935,empirical,1.3161529275704156
134,naive,129.3339015136075,0.9850635435174762,1.0,24.989432631541895,24.989432631541895,analytic,3.873923531070867
134,naive,129.3339015136075,0.9850635435174762,0.8958333333333334,3.749716868532055,3.9804627984465615,empirical,3.873923531070867
134,naive2,26.586193973812435,0.3416628023967728,1.0,36.68961053114439,36.68961053114439,analytic,1.0
134,naive2,26.586193973812435,0.3416628023967728,1.0,4.302027894385393,4.302027894385393,empirical,1.0
134,seasonal_naive,36.95831231417055,0.5052342587945946,1.0,9.449647070628604,9.449647070628604,analytic,1.434441444611454
134,seasonal_naive,36.95831231417055,0.5052342587945946,0.9583333333333334,5.786374425260073,6.542793202132131,empirical,1.434441444611454
134,theta,35.206693902752065,0.3296854108288462,1.0,36.68961053114439,36.68961053114439,analytic,1.144595529979828
134,theta,35.206693902752065,0.3296854108288462,0.9583333333333334,4.664041308405111,4.717913710449103,empirical,1.144595529979828
135,naive,152.30056519423724,3.1121308680343587,0.9791666666666666,52.984412076280094,55.485683920300765,analytic,1.1870258583974025
135,naive,152.30056519423724,3.1121308680343587,0.9583333333333334,3.5116302005290714,4.003506059961398,empirical,1.1870258583974025
135,naive2,120.19918452963898,2.811361542228984,0.9791666666666666,48.0756073399401,50.52296202621037,analytic,1.0
135,naive2,120.19918452963898,2.811361542228984,0.9166666666666666,4.777966003269289,5.911962744381667,empirical,1.0
135,seasonal_naive,11.157900907034442,0.1626994037158308,1.0,12.382184370229837,12.382184370229837,analytic,0.07535026348828744
135,seasonal_naive,11.157900907034442,0.1626994037158308,1.0,5.9738622734644276,5.9738622734644276,empirical,0.07535026348828744
135,theta,36.78821042218237,1.2116504582902128,1.0,48.0756073399401,48.0756073399401,analytic,0.3685219534341666
135,theta,36.78821042218237,1.2116504582902128,1.0,5.824970266803312,5.824970266803312,empirical,0.3685219534341666
136,naive,143.83904953159234,4.02167485697976,1.0,38.700222482151936,38.700222482151936,analytic,2.487192081513121
136,naive,143.83904953159234,4.02167485697976,0.9791666666666666,3.9473547460382457,4.104645986126106,empirical,2.487192081513121
136,naive2,49.05529774324728,1.969283192183246,1.0,30.38657995940393,30.38657995940393,analytic,1.0
136,naive2,49.05529774324728,1.969283192183246,0.9375,12.038678601015572,12.278831609247266,empirical,1.0
136,seasonal_naive,12.195875759860735,0.3541674422644975,1.0,7.826260680964688,7.826260680964688,analytic,0.214230361045437
136,seasonal_naive,12.195875759860735,0.3541674422644975,0.9583333333333334,4.970717769256542,5.090259111723316,empirical,0.214230361045437
136,theta,33.05333161519622,1.400727296600947,1.0,30.38657995940393,30.38657995940393,analytic,0.6925426428512242
136,theta,33.05333161519622,1.400727296600947,0.9791666666666666,8.485952294633359,8.689797968278764,empirical,0.6925426428512242
137,naive,144.92501411961564,4.693350277657539,0.9166666666666666,30.096645071583517,31.66663992147289,analytic,2.4671916922876473
137,naive,144.92501411961564,4.693350277657539,0.9791666666666666,3.6765098206787346,3.752788876680096,empirical,2.4671916922876473
137,naive2,51.344867491117206,2.2224375112951913,1.0,28.28415375936502,28.28415375936502,analytic,1.0
137,naive2,51.344867491117206,2.2224375112951913,1.0,15.109308813094081,15.109308813094081,empirical,1.0
137,seasonal_naive,16.06561344801389,0.4214105224993248,1.0,7.2847671819932,7.2847671819932,analytic,0.2512562778687524
137,seasonal_naive,16.06561344801389,0.4214105224993248,0.9791666666666666,5.016629670325605,5.0453906258671015,empirical,0.2512562778687524
137,theta,43.259643506240586,1.9478533293810123,1.0,28.28415375936502,28.28415375936502,analytic,0.8594900531715359
137,theta,43.259643506240586,1.9478533293810123,0.9375,10.814758969513846,11.246575501143827,empirical,0.8594900531715359
138,naive,153.1891177181632,4.367695775795637,0.9583333333333334,37.52146658587043,43.626056410302176,analytic,1.668342728147095
138,naive,153.1891177181632,4.367695775795637,1.0,3.5906718070453594,3.5906718070453594,empirical,1.668342728147095
138,naive2,82.44084097936977,2.9541094631802767,0.9583333333333334,33.38864455300561,33.6419393305254,analytic,1.0
138,naive2,82.44084097936977,2.9541094631802767,0.8958333333333334,10.46603236744275,11.43576394137148,empirical,1.0
138,seasonal_naive,14.960465557885538,0.2775575672220401,1.0,8.59946188103426,8.59946188103426,analytic,0.13771276508318622
138,seasonal_naive,14.960465557885538,0.2775575672220401,1.0,4.819596918725327,4.819596918725327,empirical,0.13771276508318622
138,theta,45.28473301637394,2.038841460120396,1.0,33.38864455300561,33.38864455300561,analytic,0.6197355046871322
138,theta,45.28473301637394,2.038841460120396,0.8125,8.03597971349571,9.777967012719445,empirical,0.6197355046871322
139,naive,141.0147865647512,3.4448858334705528,0.9791666666666666,44.02042164731099,45.89053558865854,analytic,2.0871023314947164
139,naive,141.0147865647512,3.4448858334705528,0.9375,3.6102053106951835,3.74161574302773,empirical,2.0871023314947164
139,naive2,57.214466508339825,2.015101634688166,1.0,40.5613546517948,40.5613546517948,analytic,1.0
139,naive2,57.214466508339825,2.015101634688166,0.9166666666666666,5.893871834187094,6.826254327646192,empirical,1.0
139,seasonal_naive,16.009080286234422,0.2817594269718426,1.0,10.446839871486242,10.446839871486242,analytic,0.20981609397090425
139,seasonal_naive,16.009080286234422,0.2817594269718426,1.0,5.735408319153995,5.735408319153995,empirical,0.20981609397090425
139,theta,37.63870558416755,1.4531096705357782,1.0,40.5613546517948,40.5613546517948,analytic,0.6894814082693885
139,theta,37.63870558416755,1.4531096705357782,0.9791666666666666,6.132085733800972,6.664605444057538,empirical,0.6894814082693885
140,naive,145.57488654409568,3.3333832979346836,0.9791666666666666,45.02292082270792,47.16154593811118,analytic,1.7860313522274516
140,naive,145.57488654409568,3.3333832979346836,0.9791666666666666,3.5632609439414114,3.6084865298822186,empirical,1.7860313522274516
140,naive2,69.47497073876079,2.2573109502155293,1.0,42.29519855473441,42.29519855473441,analytic,1.0
140,naive2,69.47497073876079,2.2573109502155293,0.9791666666666666,7.939632153461775,8.167011664625152,empirical,1.0
140,seasonal_naive,13.163009842211649,0.2070931103049026,1.0,10.893402610124,10.893402610124,analytic,0.1406036686328782
140,seasonal_naive,13.163009842211649,0.2070931103049026,1.0,5.575828142095938,5.575828142095938,empirical,0.1406036686328782
140,theta,35.99777320935405,1.3383965136392764,1.0,42.29519855473442,42.29519855473442,analytic,0.5555282480771425
140,theta,35.99777320935405,1.3383965136392764,1.0,6.474264324419279,6.474264324419279,empirical,0.5555282480771425
141,naive,131.61853378636428,4.084328111068654,0.9583333333333334,26.564463139855558,27.837141028826903,analytic,4.71039178085946
141,naive,131.61853378636428,4.084328111068654,0.9791666666666666,3.74225971213858,3.8163088778499543,empirical,4.71039178085946
141,naive2,25.354534576853165,0.9656399252223153,1.0,30.380513240769698,30.380513240769698,analytic,1.0
141,naive2,25.354534576853165,0.9656399252223153,1.0,13.668083415274323,13.668083415274323,empirical,1.0
141,seasonal_naive,24.7661475564218,0.6423334607056426,1.0,7.824698158246665,7.824698158246665,analytic,0.8209915183292309
141,seasonal_naive,24.7661475564218,0.6423334607056426,0.9375,5.248234619793657,5.955145841294103,empirical,0.8209915183292309
141,theta,31.899995589544456,1.2282061273677995,1.0,30.380513240769698,30.380513240769698,analytic,1.2650332138205922
141,theta,31.899995589544456,1.2282061273677995,0.9583333333333334,7.757366119780195,7.8990936789994,empirical,1.2650332138205922
142,naive,144.05987414918806,3.7362080155768296,0.9375,24.91979523241983,29.97001227835425,analytic,3.182379765978104
142,naive,144.05987414918806,3.7362080155768296,0.75,3.356508734923468,10.094022932554495,empirical,3.182379765978104
142,naive2,42.240721962380896,1.2646637371278857,1.0,29.875921067191946,29.875921067191946,analytic,1.0
142,naive2,42.240721962380896,1.2646637371278857,0.75,4.909389279273958,15.786199640206872,empirical,1.0
142,seasonal_naive,46.437860667821,1.2719103250581427,0.9375,7.694737172401269,10.960336547558141,analytic,1.052546216040275
142,seasonal_naive,46.437860667821,1.2719103250581427,0.7291666666666666,5.192415084644924,11.982944588674346,empirical,1.052546216040275
142,theta,63.79783557210256,2.017985100547592,1.0,29.875921067191946,29.875921067191946,analytic,1.5530044555957105
142,theta,63.79783557210256,2.017985100547592,0.75,8.683275539182567,20.899988078508052,empirical,1.5530044555957105
143,naive,87.0805850372088,2.614839236889172,1.0,21.342018708254347,21.342018708254347,analytic,1.3439764833393535
143,naive,87.0805850372088,2.614839236889172,1.0,6.521275586072679,6.521275586072679,empirical,1.3439764833393535
143,naive2,59.88305246246234,2.1193800813517063,1.0,28.25544877313083,28.25544877313083,analytic,1.0
143,naive2,59.88305246246234,2.1193800813517063,1.0,18.87377654475718,18.87377654475718,empirical,1.0
143,seasonal_naive,38.7589665765114,0.8278949009449801,1.0,7.2773740266788325,7.2773740266788325,analytic,0.5189375127843128
143,seasonal_naive,38.7589665765114,0.8278949009449801,0.7916666666666666,5.0220750330640245,7.276890731108966,empirical,0.5189375127843128
143,theta,34.964138282532915,0.8330274739418357,1.0,28.25544877313083,28.25544877313083,analytic,0.48846305155760217
143,theta,34.964138282532915,0.8330274739418357,0.9791666666666666,8.557766817727531,8.563817813148333,empirical,0.48846305155760217
144,naive,154.90598143118646,5.758188068166453,0.9166666666666666,33.34853107951717,36.34526159531543,analytic,1.6566304238121972
144,naive,154.90598143118646,5.758188068166453,0.8958333333333334,4.052114796184471,6.5116665604221975,empirical,1.6566304238121972
144,naive2,83.36754022418475,3.957104749902787,1.0,30.83927916025583,30.83927916025583,analytic,1.0
144,naive2,83.36754022418475,3.957104749902787,1.0,24.586032160694838,24.586032160694838,empirical,1.0
144,seasonal_naive,37.13151771003392,1.594350401990442,0.8958333333333334,7.942856295234693,16.679371415321313,analytic,0.42415184957139884
144,seasonal_naive,37.13151771003392,1.594350401990442,0.6458333333333334,5.109217673671075,14.827287346863095,empirical,0.42415184957139884
144,theta,56.45734724338774,2.8276448828168332,1.0,30.83927916025583,30.83927916025583,analytic,0.6958921820552165
144,theta,56.45734724338774,2.8276448828168332,0.8541666666666666,10.06874526532411,13.166605990777503,empirical,0.6958921820552165
145,naive,147.39138165780236,3.467828467359067,0.9791666666666666,34.542522215071365,36.32801889623037,analytic,1.7048167751104453
145,naive,147.39138165780236,3.467828467359067,0.8958333333333334,3.6590986106882277,4.198438010983683,empirical,1.7048167751104453
145,naive2,76.37457251309804,2.343468268770051,1.0,36.06548219862374,36.06548219862374,analytic,1.0
145,naive2,76.37457251309804,2.343468268770051,0.875,10.312445334574157,11.306545449002583,empirical,1.0
145,seasonal_naive,62.52494529268379,2.1294853795234387,0.8958333333333334,9.288898772030732,19.19154808765184,analytic,0.8636757308310821
145,seasonal_naive,62.52494529268379,2.1294853795234387,0.6041666666666666,5.386795194920891,14.837622354161752,empirical,0.8636757308310821
145,theta,42.39790813522817,1.4789386481334594,1.0,36.06548219862374,36.06548219862374,analytic,0.5931104420767075
145,theta,42.39790813522817,1.4789386481334594,0.9166666666666666,5.972969894734577,6.5911919888298796,empirical,0.5931104420767075
146,naive,159.29236879129914,4.258526447083258,0.9791666666666666,45.042851202148114,46.348482672765684,analytic,1.989589792385559
146,naive,159.29236879129914,4.258526447083258,0.9583333333333334,3.5099519426133288,3.676232946165192,empirical,1.989589792385559
146,naive2,68.16251600519458,2.5931365578039447,1.0,41.58929751947112,41.58929751947112,analytic,1.0
146,naive2,68.16251600519458,2.5931365578039447,0.8958333333333334,8.172699760472884,8.916191527589051,empirical,1.0
146,seasonal_naive,72.96560810721617,2.8432302954367588,0.7916666666666666,10.711593221758669,34.244687950373404,analytic,1.0834548956567254
146,seasonal_naive,72.96560810721617,2.8432302954367588,0.5416666666666666,5.780577864442236,22.676063160330536,empirical,1.0834548956567254
146,theta,45.611742053397506,1.8596976408266863,1.0,41.58929751947112,41.58929751947112,analytic,0.693161565667953
146,theta,45.611742053397506,1.8596976408266863,0.9166666666666666,6.240105050683702,7.029790506066829,empirical,0.693161565667953
147,naive,144.83013016359928,2.275327117656407,1.0,25.030536688626807,25.030536688626807,analytic,4.769969320980525
147,naive,144.83013016359928,2.275327117656407,0.9375,3.392697903974854,3.4738689940138787,empirical,4.769969320980525
147,naive2,27.322337163772588,0.5367422623035077,1.0,29.536273805719734,29.536273805719734,analytic,1.0
147,naive2,27.322337163772588,0.5367422623035077,0.9791666666666666,8.446083228862472,8.46113747976773,empirical,1.0
147,seasonal_naive,37.04629615354377,1.0183689145521004,0.9583333333333334,7.6072588180945795,8.312068104396467,analytic,1.6266061721849314
147,seasonal_naive,37.04629615354377,1.0183689145521004,0.9375,4.732110416556303,6.050543783440166,empirical,1.6266061721849314
147,theta,30.264802775628198,0.6008193108168677,1.0,29.536273805719734,29.536273805719734,analytic,1.113537958554088
147,theta,30.264802775628198,0.6008193108168677,0.9583333333333334,6.023764659574494,6.330575107984611,empirical,1.113537958554088
148,naive,105.92997212949804,1.8933389759725585,1.0,24.14921101930301,24.14921101930301,analytic,2.9461111290853284
148,naive,105.92997212949804,1.8933389759725585,0.6666666666666666,2.4550237022726766,5.4817800135805905,empirical,2.9461111290853284
148,naive2,36.14971344721469,0.6392292118274878,1.0,31.652456455468624,31.652456455468624,analytic,1.0
148,naive2,36.14971344721469,0.6392292118274878,0.9166666666666666,3.6670019201822592,3.956892840174438,empirical,1.0
148,seasonal_naive,40.27725945792431,1.5886699311087946,0.8333333333333334,8.15229537987928,18.30330269568672,analytic,1.7997345802289875
148,seasonal_naive,40.27725945792431,1.5886699311087946,0.6875,3.844891020552596,7.1755082360217175,empirical,1.7997345802289875
148,theta,27.775005097076416,0.548612801632861,1.0,31.652456455468624,31.652456455468624,analytic,0.8132868899759305
148,theta,27.775005097076416,0.548612801632861,0.8333333333333334,3.210475418152897,4.8899685922924,empirical,0.8132868899759305
149,naive,105.77288484164644,1.8692768647005436,1.0,18.529528596473675,18.529528596473675,analytic,2.5459131534765698
149,naive,105.77288484164644,1.8692768647005436,0.8125,3.1646496954586705,5.568929676650373,empirical,2.5459131534765698
149,naive2,35.17665703683403,0.8965697364919433,1.0,30.36213240079574,30.36213240079574,analytic,1.0
149,naive2,35.17665703683403,0.8965697364919433,0.9375,5.666409453023876,7.338463974682005,empirical,1.0
149,seasonal_naive,40.97372091666404,1.6456658902776409,0.8541666666666666,7.819964053738573,25.525112526359454,analytic,1.500156070336053
149,seasonal_naive,40.97372091666404,1.6456658902776409,0.8333333333333334,4.275589672932453,14.059031810079937,empirical,1.500156070336053
149,theta,26.241007589362926,0.6893435998683727,1.0,30.36213240079574,30.36213240079574,analytic,0.7574228330251143
149,theta,26.241007589362926,0.6893435998683727,0.9166666666666666,3.9461563552079437,4.596899710606437,empirical,0.7574228330251143
150,naive,105.3252032350401,2.47078826932303,0.8958333333333334,28.083485437717812,39.129837345135826,analytic,2.301425181265772
150,naive,105.3252032350401,2.47078826932303,0.875,3.6144141131223604,16.973172406791402,empirical,2.301425181265772
150,naive2,39.54335175682397,1.2740535125966659,0.9375,29.3430434316381,31.638316276694514,analytic,1.0
150,naive2,39.54335175682397,1.2740535125966659,0.9166666666666666,4.870929378704184,14.185920110297925,empirical,1.0
150,seasonal_naive,50.90338329299019,1.5568901403628213,0.8541666666666666,7.557491082434181,18.783120820420805,analytic,1.2546389443078767
150,seasonal_naive,50.90338329299019,1.5568901403628213,0.7916666666666666,4.87766422609343,17.00611681109048,empirical,1.2546389443078767
150,theta,38.700374645626326,1.2459850441595366,0.9375,29.3430434316381,32.65462193612996,analytic,0.9783256821883378
150,theta,38.700374645626326,1.2459850441595366,0.8125,4.736853476907586,24.46098609054786,empirical,0.9783256821883378
151,naive,144.4826437044491,1.3276895869003078,1.0,28.67944173294195,28.67944173294195,analytic,3.1944512083387355
151,naive,144.4826437044491,1.3276895869003078,0.8541666666666666,2.5646239498709424,4.634549568909838,empirical,3.1944512083387355
151,naive2,38.63393293104473,0.5011820572071873,1.0,46.68409514975084,46.68409514975084,analytic,1.0
151,naive2,38.63393293104473,0.5011820572071873,1.0,4.862772400482472,4.862772400482472,empirical,1.0
151,seasonal_naive,47.3228900240461,0.6162146737407258,1.0,12.023791383730181,12.023791383730181,analytic,1.2272137094051971
151,seasonal_naive,47.3228900240461,0.6162146737407258,0.9375,5.11982110521606,5.209524497335484,empirical,1.2272137094051971
151,theta,39.56878157879779,0.5431675904855665,1.0,46.68409514975084,46.68409514975084,analytic,1.053985311267444
151,theta,39.56878157879779,0.5431675904855665,1.0,4.237509681887494,4.237509681887494,empirical,1.053985311267444
152,naive,76.88337673659346,2.0556013799866903,1.0,18.412116917492217,18.412116917492217,analytic,0.5435665475324309
152,naive,76.88337673659346,2.0556013799866903,0.8958333333333334,4.850973608630169,11.229538282371896,empirical,0.5435665475324309
152,naive2,102.80391487946443,6.0589165432845595,1.0,36.91774535513892,36.91774535513892,analytic,1.0
152,naive2,102.80391487946443,6.0589165432845595,0.9375,11.09665139714333,15.794779325183946,empirical,1.0
152,seasonal_naive,56.3197701991604,1.6211297327589225,1.0,9.508404673668254,9.508404673668254,analytic,0.40769890887695803
152,seasonal_naive,56.3197701991604,1.6211297327589225,0.7708333333333334,4.938874207558403,13.131091643024762,empirical,0.40769890887695803
152,theta,66.22900633060648,2.519699888836327,1.0,36.91774535513892,36.91774535513892,analytic,0.5300464567425748
152,theta,66.22900633060648,2.519699888836327,0.9375,7.050563981864319,12.52097760682959,empirical,0.5300464567425748
153,naive,148.5566151206169,1.5656272652254506,1.0,14.842426521498385,14.842426521498385,analytic,5.280213597862132
153,naive,148.5566151206169,1.5656272652254506,0.9166666666666666,3.638562696424047,4.5028686376166,empirical,5.280213597862132
153,naive2,26.685883863419015,0.31352891090098545,1.0,38.499836582845624,38.499836582845624,analytic,1.0
153,naive2,26.685883863419015,0.31352891090098545,0.9583333333333334,5.746981161752106,6.121965444663145,empirical,1.0
153,seasonal_naive,26.48445186943379,0.4196482990586695,1.0,9.915882526906167,9.915882526906167,analytic,1.1654596861140325
153,seasonal_naive,26.48445186943379,0.4196482990586695,0.9166666666666666,7.106913499426873,7.4786625481889475,empirical,1.1654596861140325
153,theta,29.85862488309993,0.3459819539135511,1.0,38.499836582845624,38.499836582845624,analytic,1.1112005210932083
153,theta,29.85862488309993,0.3459819539135511,0.9583333333333334,5.040206747543083,5.412464504475586,empirical,1.1112005210932083
154,naive,121.23662346580349,2.4712512535314892,1.0,18.438696788380184,18.438696788380184,analytic,1.4068683011265257
154,naive,121.23662346580349,2.4712512535314892,0.9166666666666666,4.281938673181101,4.753643554557093,empirical,1.4068683011265257
154,naive2,68.60593122534291,2.3612372587542962,1.0,37.801339857534465,37.801339857534465,analytic,1.0
154,naive2,68.60593122534291,2.3612372587542962,0.8333333333333334,8.11732043481528,12.44554788105337,empirical,1.0
154,seasonal_naive,59.41355393659439,1.1982896986549574,0.9791666666666666,9.735980166575105,9.919758418566785,analytic,0.6867478667748914
154,seasonal_naive,59.41355393659439,1.1982896986549574,0.7916666666666666,5.0237510178806595,8.961336277659518,empirical,0.6867478667748914
154,theta,43.98712650468997,0.9424363512079117,1.0,37.801339857534465,37.801339857534465,analytic,0.5201422553704154
154,theta,43.98712650468997,0.9424363512079117,0.7291666666666666,5.266979416305357,8.009713031461311,empirical,0.5201422553704154
155,naive,135.92310898960707,3.558822368791928,0.9791666666666666,36.96991591881923,39.35718990677759,analytic,3.8790017198458244
155,naive,135.92310898960707,3.558822368791928,0.8958333333333334,3.404055752860928,4.248150684931508,empirical,3.8790017198458244
155,naive2,29.10168194472793,1.1527012456969188,1.0,33.268438998318615,33.268438998318615,analytic,1.0
155,naive2,29.10168194472793,1.1527012456969188,0.9375,4.793307512892731,5.236688688694883,empirical,1.0
155,seasonal_naive,18.644264832547016,0.4711116748407464,1.0,8.568502161067835,8.568502161067835,analytic,0.524680838964175
155,seasonal_naive,18.644264832547016,0.4711116748407464,0.9583333333333334,5.284215288347708,5.524296465415186,empirical,0.524680838964175
155,theta,26.030120159113018,0.9869452926266575,1.0,33.268438998318615,33.268438998318615,analytic,0.875328152876367
155,theta,26.030120159113018,0.9869452926266575,0.9375,5.127914622454008,5.336907306439654,empirical,0.875328152876367
156,naive,132.03190001361878,3.4084862792881983,1.0,34.89297701989675,34.89297701989675,analytic,3.6373344981005165
156,naive,132.03190001361878,3.4084862792881983,0.9583333333333334,3.5960173761835854,4.192341596222679,empirical,3.6373344981005165
156,naive2,30.59226185649097,1.1519789074175422,1.0,32.26887706942081,32.26887706942081,analytic,1.0
156,naive2,30.59226185649097,1.1519789074175422,1.0,7.479339276577093,7.479339276577093,empirical,1.0
156,seasonal_naive,33.9586409564332,1.1422397380245222,0.9375,8.311058505586589,10.50721806067436,analytic,1.0507929605101352
156,seasonal_naive,33.9586409564332,1.1422397380245222,0.8333333333333334,4.612986126976874,8.26600823750413,empirical,1.0507929605101352
156,theta,33.77710027883548,1.262489949694066,1.0,32.26887706942081,32.26887706942081,analytic,1.1000187470225855
156,theta,33.77710027883548,1.262489949694066,0.9583333333333334,5.3477812138646454,5.519061908972131,empirical,1.1000187470225855
157,naive,133.2062302753011,3.574635055727363,1.0,29.20385558782384,29.20385558782384,analytic,1.0662810613109281
157,naive,133.2062302753011,3.574635055727363,0.9375,3.5986583884186896,9.985159538579131,empirical,1.0662810613109281
157,naive2,85.6460307244935,6.192515033168362,0.8958333333333334,29.556690963740337,44.489875812985886,analytic,1.0
157,naive2,85.6460307244935,6.192515033168362,0.8541666666666666,11.568938705393283,17.8084166512677,empirical,1.0
157,seasonal_naive,45.39675059674802,1.4166294181847694,0.9583333333333334,7.612517389518121,12.26605526023074,analytic,0.37940781677695334
157,seasonal_naive,45.39675059674802,1.4166294181847694,0.7916666666666666,5.162733953777965,13.055734509779697,empirical,0.37940781677695334
157,theta,59.51001578049726,2.8028987808745014,0.9791666666666666,29.556690963740337,29.992529040700035,analytic,0.5737318526349635
157,theta,59.51001578049726,2.8028987808745014,0.9375,7.550732708652419,11.745949592644664,empirical,0.5737318526349635
158,naive,142.9498709210374,3.350917009280465,0.9791666666666666,27.173796208383827,27.53092734523289,analytic,1.3824893581777205
158,naive,142.9498709210374,3.350917009280465,0.8125,4.952366219659133,6.736050444708114,empirical,1.3824893581777205
158,naive2,97.52928149642811,2.5790839027152854,1.0,32.846290762689975,32.846290762689975,analytic,1.0
158,naive2,97.52928149642811,2.5790839027152854,0.9583333333333334,16.175482271818378,16.54120052762442,empirical,1.0
158,seasonal_naive,27.984926377446044,0.5937842038943002,1.0,8.459775145969298,8.459775145969298,analytic,0.2585846886728723
158,seasonal_naive,27.984926377446044,0.5937842038943002,0.9791666666666666,5.517296708148229,5.97429292789934,empirical,0.2585846886728723
158,theta,50.52988164985507,1.3813843129080507,1.0,32.846290762689975,32.846290762689975,analytic,0.5268550290761819
158,theta,50.52988164985507,1.3813843129080507,0.9791666666666666,8.659536088325007,8.87985731652669,empirical,0.5268550290761819
159,naive,131.11860181497272,3.415724620747405,1.0,29.05281089427319,29.05281089427319,analytic,2.416774874895823
159,naive,131.11860181497272,3.415724620747405,0.9166666666666666,5.170279059804092,6.233296333080173,empirical,2.416774874895823
159,naive2,47.119013819059816,1.6655257531584575,1.0,36.49744542159074,36.49744542159074,analytic,1.0
159,naive2,47.119013819059816,1.6655257531584575,0.9166666666666666,7.306364241671144,10.25192256668471,empirical,1.0
159,seasonal_naive,33.77328001586036,1.004189304979455,1.0,9.400153700754066,9.400153700754066,analytic,0.6598458705603683
159,seasonal_naive,33.77328001586036,1.004189304979455,0.7291666666666666,5.769419290763568,15.211513894568755,empirical,0.6598458705603683
159,theta,25.555481040432067,0.8403335759344246,1.0,36.49744542159074,36.49744542159074,analytic,0.5234529004477362
159,theta,25.555481040432067,0.8403335759344246,0.8333333333333334,9.97330855434008,15.565560909615169,empirical,0.5234529004477362
160,naive,147.77781141188902,5.951413185284153,0.8333333333333334,26.874343480755716,34.53705383239198,analytic,3.585362900653347
160,naive,147.77781141188902,5.951413185284153,0.9375,4.1894829789991075,5.08267067863842,empirical,3.585362900653347
160,naive2,39.527605877548424,1.7340299633060792,1.0,28.678803074081095,28.678803074081095,analytic,1.0
160,naive2,39.527605877548424,1.7340299633060792,0.9166666666666666,15.016077242738476,15.315278610575756,empirical,1.0
160,seasonal_naive,35.78852995328235,1.216838015225112,0.9791666666666666,7.386411671720519,8.194543473184083,analytic,0.8035729307192461
160,seasonal_naive,35.78852995328235,1.216838015225112,0.7916666666666666,4.498723440658924,7.706417519320748,empirical,0.8035729307192461
160,theta,44.231849497932636,2.189926470094347,1.0,28.678803074081095,28.678803074081095,analytic,1.1909615754097245
160,theta,44.231849497932636,2.189926470094347,0.8958333333333334,6.947850602769375,8.282474015219698,empirical,1.1909615754097245
161,naive,105.87939118847478,1.8059117511672258,1.0,33.270335673032555,33.270335673032555,analytic,1.2355293969166055
161,naive,105.87939118847478,1.8059117511672258,0.5625,3.2531416452949298,8.685077230515187,empirical,1.2355293969166055
161,naive2,72.36029365985685,1.7918745874073565,1.0,34.28721001495236,34.28721001495236,analytic,1.0
161,naive2,72.36029365985685,1.7918745874073565,0.5,5.246471983160331,31.927693759878323,empirical,1.0
161,seasonal_naive,66.2513697788389,1.3385356159078787,0.9583333333333334,8.830893241638243,12.730185561259711,analytic,0.8312896275650807
161,seasonal_naive,66.2513697788389,1.3385356159078787,0.7083333333333334,5.074704631638938,10.220163959580018,empirical,0.8312896275650807
161,theta,79.47462090496934,2.281175633390213,0.9791666666666666,34.28721001495236,35.05048869089414,analytic,1.1856923391296506
161,theta,79.47462090496934,2.281175633390213,0.375,4.802304924229689,23.486509993078766,empirical,1.1856923391296506
162,naive,148.8987541009222,3.788579717718012,0.9583333333333334,30.946737065120136,32.602326398088046,analytic,2.2706307554442984
162,naive,148.8987541009222,3.788579717718012,0.9791666666666666,3.7212665403854843,3.9751570350049255,empirical,2.2706307554442984
162,naive2,55.34965784213463,2.0466487105271827,1.0,33.94691243492454,33.94691243492454,analytic,1.0
162,naive2,55.34965784213463,2.0466487105271827,1.0,7.231244507994229,7.231244507994229,empirical,1.0
162,seasonal_naive,20.263269336860628,0.4893831273099387,1.0,8.743247393571195,8.743247393571195,analytic,0.3026050158708979
162,seasonal_naive,20.263269336860628,0.4893831273099387,1.0,5.600470152462755,5.600470152462755,empirical,0.3026050158708979
162,theta,45.55040907023136,1.7356774872623821,1.0,33.94691243492454,33.94691243492454,analytic,0.8355078519366796
162,theta,45.55040907023136,1.7356774872623821,1.0,6.121050046182945,6.121050046182945,empirical,0.8355078519366796
163,naive,96.80777815560478,3.819184247538678,1.0,30.16403020644148,30.16403020644148,analytic,0.47113942680480037
163,naive,96.80777815560478,3.819184247538678,0.3958333333333333,5.174487576183778,21.199654008438817,empirical,0.47113942680480037
163,naive2,132.84667627976344,17.883362308928618,0.4791666666666667,28.623880049037847,337.4757771395294,analytic,1.0
163,naive2,132.84667627976344,17.883362308928618,0.0,19.182583637071918,235.37883566363723,empirical,1.0
163,seasonal_naive,57.21444209767901,1.7234599156118142,0.8958333333333334,7.372265890525339,10.284212459309254,analytic,0.2635262602923673
163,seasonal_naive,57.21444209767901,1.7234599156118142,0.6875,5.136115330520393,17.13219596812002,empirical,0.2635262602923673
163,theta,101.51996081711413,8.715374658198437,0.7708333333333334,28.623880049037847,72.2149898306875,analytic,0.6257671787316695
163,theta,101.51996081711413,8.715374658198437,0.10416666666666667,11.03343852107061,111.45648053087555,empirical,0.6257671787316695
164,naive,151.81892515119196,3.286301870180633,0.9375,21.16659047561178,22.472910410165618,analytic,2.124560421785392
164,naive,151.81892515119196,3.286301870180633,0.8958333333333334,3.375331853055853,4.416876372642924,empirical,2.124560421785392
164,naive2,62.6576619279539,1.7995988298877383,1.0,34.933376898087516,34.933376898087516,analytic,1.0
164,naive2,62.6576619279539,1.7995988298877383,0.8958333333333334,4.293725614182791,5.334210475288383,empirical,1.0
164,seasonal_naive,20.227530178936252,0.4490332240056502,1.0,8.997317711834572,8.997317711834572,analytic,0.28617231881105737
164,seasonal_naive,20.227530178936252,0.4490332240056502,0.875,5.537844793390028,6.43877262744415,empirical,0.28617231881105737
164,theta,17.921021941629064,0.4942763227035725,1.0,34.933376898087516,34.933376898087516,analytic,0.280337011795566
164,theta,17.921021941629064,0.4942763227035725,0.8958333333333334,4.83917698147272,5.382766216524628,empirical,0.280337011795566
165,naive,111.4371441386284,3.135534591194969,0.8333333333333334,20.664512405642903,25.355263888264012,analytic,5.229378997925306
165,naive,111.4371441386284,3.135534591194969,0.9583333333333334,4.013476163041912,4.170881703394306,empirical,5.229378997925306
165,naive2,31.136352413236697,0.45576263373599185,1.0,34.544032742678354,34.544032742678354,analytic,1.0
165,naive2,31.136352413236697,0.45576263373599185,0.9583333333333334,5.417457111179182,5.485844339168533,empirical,1.0
165,seasonal_naive,15.311198106435286,0.4089298574103414,1.0,8.897039600282925,8.897039600282925,analytic,0.694494869908887
165,seasonal_naive,15.311198106435286,0.4089298574103414,0.9583333333333334,5.56891065341591,5.580269816121754,empirical,0.694494869908887
165,theta,24.300589905438912,1.0335236263580738,1.0,34.544032742678354,34.544032742678354,analytic,1.5240683910281971
165,theta,24.300589905438912,1.0335236263580738,1.0,5.765128497131802,5.765128497131802,empirical,1.5240683910281971
166,naive,96.24126893208752,3.153633065913931,0.9375,23.621589970882617,26.86363560731129,analytic,6.596448120142616
166,naive,96.24126893208752,3.153633065913931,0.9791666666666666,4.508769437428811,4.70963112217105,empirical,6.596448120142616
166,naive2,18.46679162276944,0.39512722731563416,1.0,31.630197742864503,31.630197742864503,analytic,1.0
166,naive2,18.46679162276944,0.39512722731563416,1.0,5.455624802072298,5.455624802072298,empirical,1.0
166,seasonal_naive,16.716010766321173,0.48280035160699253,1.0,8.146562504132971,8.146562504132971,analytic,1.0635394112041379
166,seasonal_naive,16.716010766321173,0.48280035160699253,0.9791666666666666,5.3806869954934875,5.426717798246917,empirical,1.0635394112041379
166,theta,25.332766161616437,1.163355486429694,1.0,31.630197742864503,31.630197742864503,analytic,2.1580282971437574
166,theta,25.332766161616437,1.163355486429694,0.9166666666666666,6.059099640697171,6.568724118301054,empirical,2.1580282971437574
167,naive,108.89525048797385,3.596102172207354,1.0,32.08284961015489,32.08284961015489,analytic,0.5361052244538652
167,naive,108.89525048797385,3.596102172207354,0.4583333333333333,4.46804001547738,14.979339040617376,empirical,0.5361052244538652
167,naive2,130.1230515776409,15.280012407131927,0.5416666666666666,32.241452064367124,235.25977894325996,analytic,1.0
167,naive2,130.1230515776409,15.280012407131927,0.0,15.957363077326615,220.24890666452228,empirical,1.0
167,seasonal_naive,57.18962638332813,1.4940240114360646,0.9791666666666666,8.303995017724064,8.648201123215463,analytic,0.2686402755706066
167,seasonal_naive,57.18962638332813,1.4940240114360646,0.6458333333333334,5.308417169144122,12.633221820956804,empirical,0.2686402755706066
167,theta,96.32937885033827,7.138745618083964,0.875,32.241452064367124,46.54323410474885,analytic,0.6037447551134498
167,theta,96.32937885033827,7.138745618083964,0.14583333333333334,9.767826665073843,83.08403957860966,empirical,0.6037447551134498
168,naive,135.01836930144793,4.003176104059837,0.9791666666666666,30.54953551316651,30.62701550563221,analytic,2.616821172131549
168,naive,135.01836930144793,4.003176104059837,0.8333333333333334,3.5623965038610277,6.514585227479364,empirical,2.616821172131549
168,naive2,44.38606662082967,1.8264885453765205,1.0,33.559851412247276,33.559851412247276,analytic,1.0
168,naive2,44.38606662082967,1.8264885453765205,0.875,5.977573244601592,8.344018617392564,empirical,1.0
168,seasonal_naive,15.163657137470937,0.6340752324496006,1.0,8.643557317657418,8.643557317657418,analytic,0.34439317379855783
168,seasonal_naive,15.163657137470937,0.6340752324496006,1.0,5.272197270005213,5.272197270005213,empirical,0.34439317379855783
168,theta,15.98939851298946,0.6627656634438213,1.0,33.559851412247276,33.559851412247276,analytic,0.3615489682259085
168,theta,15.98939851298946,0.6627656634438213,0.9375,4.419462397537508,5.598937125657564,empirical,0.3615489682259085
169,naive,14.861525814459576,17.918294849023088,1.0,89.97823651237138,89.97823651237138,analytic,5.660477949104664
169,naive,14.861525814459576,17.918294849023088,0.9791666666666666,3.4959147424511596,3.703730017761986,empirical,5.660477949104664
169,naive2,2.565224510464109,3.241665929675707,0.75,10.93238184582388,19.43957630654323,analytic,1.0
169,naive2,2.565224510464109,3.241665929675707,0.5625,13.000070075857007,20.189524825797573,empirical,1.0
169,seasonal_naive,0.5131364809403516,0.6003552397868552,1.0,2.815705824859864,2.815705824859864,analytic,0.19261765103302952
169,seasonal_naive,0.5131364809403516,0.6003552397868552,0.9166666666666666,2.530728241563059,3.1541740674956036,empirical,0.19261765103302952
169,theta,2.515513971981,2.8653703691955066,0.8333333333333334,10.93238184582388,25.09861575080973,analytic,0.9322702251016927
169,theta,2.515513971981,2.8653703691955066,0.6666666666666666,3.78851118051433,9.659364746898905,empirical,0.9322702251016927
170,naive,17.5017337900633,7.960489775309264,0.7916666666666666,39.5003729163287,67.07078302740655,analytic,0.6885033514977161
170,naive,17.5017337900633,7.960489775309264,0.625,26.457428679626357,62.34609315829341,empirical,0.6885033514977161
170,naive2,24.365948686695482,12.084782926438928,0.5208333333333334,26.58003707306133,178.91593607466692,analytic,1.0
170,naive2,24.365948686695482,12.084782926438928,0.6875,31.83393156108556,57.11193232285032,empirical,1.0
170,seasonal_naive,6.570198603754427,2.8898005554152983,0.6041666666666666,6.845860880737442,26.804322050630503,analytic,0.2543869798638628
170,seasonal_naive,6.570198603754427,2.8898005554152983,0.5833333333333334,7.654033072456451,40.913815955566754,empirical,0.2543869798638628
170,theta,18.78212811274439,8.85569856595786,0.6875,26.58003707306133,110.95179903984852,analytic,0.7518162859770512
170,theta,18.78212811274439,8.85569856595786,0.5625,21.50525608416314,82.85440267796064,empirical,0.7518162859770512
171,naive,16.727439377899103,24.61165048543689,1.0,137.4274505684259,137.4274505684259,analytic,4.268199825476287
171,naive,16.727439377899103,24.61165048543689,0.6666666666666666,3.7667475728155417,10.203640776699016,empirical,4.268199825476287
171,naive2,3.8274659883332625,5.907698139480995,0.3541666666666667,9.509412394316081,97.84962115680297,analytic,1.0
171,naive2,3.8274659883332625,5.907698139480995,0.3333333333333333,20.43903318021366,30.357100088442905,empirical,1.0
171,seasonal_naive,0.9989500951109488,1.4563106796116518,0.4166666666666667,2.4492108167534106,17.911250685403548,analytic,0.25375291911335635
171,seasonal_naive,0.9989500951109488,1.4563106796116518,0.8958333333333334,1.838592233009725,3.2657766990291686,empirical,0.25375291911335635
171,theta,4.052340908431943,5.366663648941689,0.5,9.509412394316083,85.44778557286932,analytic,0.983585840959633
171,theta,4.052340908431943,5.366663648941689,0.5,5.294813451027155,18.489575917511942,empirical,0.983585840959633
172,naive,15.554704072772072,22.854058078927775,1.0,127.42612325219159,127.42612325219159,analytic,5.099311549534165
172,naive,15.554704072772072,22.854058078927775,0.8958333333333334,3.4266567386448368,5.052866716306774,empirical,5.099311549534165
172,naive2,3.0706841526062774,4.4523149359020655,0.4583333333333333,9.11199834537381,56.81425104845253,analytic,1.0
172,naive2,3.0706841526062774,4.4523149359020655,0.5,17.504193127335736,26.02677596503059,empirical,1.0
172,seasonal_naive,0.875202232798943,1.248696947133284,0.4375,2.3468542518008944,10.753591596541824,analytic,0.28273940054822827
172,seasonal_naive,0.875202232798943,1.248696947133284,0.9791666666666666,1.8774013402829657,2.13875651526434,empirical,0.28273940054822827
172,theta,3.245466293147207,4.3042626718246915,0.5416666666666666,9.11199834537381,63.480909158735194,analytic,1.0118333677641393
172,theta,3.245466293147207,4.3042626718246915,0.4791666666666667,4.23773781396965,12.168857557338082,empirical,1.0118333677641393
173,naive,19.612446945805413,5.168613707165109,0.7916666666666666,22.157930665179663,44.27361674037401,analytic,0.869941836992824
173,naive,19.612446945805413,5.168613707165109,0.6875,14.781425233644862,22.293886292834877,empirical,0.869941836992824
173,naive2,22.24041069597029,6.023707056784212,0.7708333333333334,22.328303499707694,57.95382803458492,analytic,1.0
173,naive2,22.24041069597029,6.023707056784212,1.0,17.76385517716456,17.76385517716456,empirical,1.0
173,seasonal_naive,5.913576249309802,1.4781931464174451,0.875,5.750799332661602,8.966092498097446,analytic,0.2556446122059109
173,seasonal_naive,5.913576249309802,1.4781931464174451,0.8541666666666666,5.8494937694704054,9.479166666666663,empirical,0.2556446122059109
173,theta,18.61898559528258,4.846868333330382,0.8125,22.32830349970769,37.66621114155208,analytic,0.8209006450216287
173,theta,18.61898559528258,4.846868333330382,1.0,13.897015158536156,13.897015158536156,empirical,0.8209006450216287
174,naive,17.076212290249096,24.838923556942266,1.0,136.1416022349458,136.1416022349458,analytic,7.363687397442126
174,naive,17.076212290249096,24.838923556942266,0.8333333333333334,5.526774570982846,8.386368954758245,empirical,7.363687397442126
174,naive2,2.252700260618881,3.475411963241168,0.75,11.061115775441657,32.108082060715454,analytic,1.0
174,naive2,2.252700260618881,3.475411963241168,0.4583333333333333,15.332692144015871,62.19672519468369,empirical,1.0
174,seasonal_naive,0.7302780731131324,1.0495319812792474,0.8541666666666666,2.848862083083728,5.2876576317804345,analytic,0.3130833855390287
174,seasonal_naive,0.7302780731131324,1.0495319812792474,0.9583333333333334,2.381220748829966,2.6550117004680636,empirical,0.3130833855390287
174,theta,2.408227007998387,3.3507183463327332,0.6666666666666666,11.061115775441658,31.52864700736526,analytic,1.0165806704471165
174,theta,2.408227007998387,3.3507183463327332,0.4583333333333333,3.2370882928168214,32.119327327953776,empirical,1.0165806704471165
175,naive,13.612578777811834,16.662031047865455,1.0,81.64713235359069,81.64713235359069,analytic,6.402559189353264
175,naive,13.612578777811834,16.662031047865455,1.0,2.73201811125486,2.73201811125486,empirical,6.402559189353264
175,naive2,2.0170486515124004,2.7511636663125496,0.8125,9.93329630708778,24.10183531380961,analytic,1.0
175,naive2,2.0170486515124004,2.7511636663125496,1.0,13.15174569016776,13.15174569016776,empirical,1.0
175,seasonal_naive,0.6620938028034841,0.8450840879689531,0.7916666666666666,2.5583848667534497,4.789116479535363,analytic,0.3177110627925975
175,seasonal_naive,0.6620938028034841,0.8450840879689531,0.875,2.3031694695989717,4.220375161707598,empirical,0.3177110627925975
175,theta,1.94829404072019,2.3481231976803505,0.8541666666666666,9.93329630708778,16.479889951473464,analytic,0.9097075407832735
175,theta,1.94829404072019,2.3481231976803505,1.0,3.5739431147357688,3.5739431147357688,empirical,0.9097075407832735
176,naive,12.962519633561499,15.362567811934902,0.9583333333333334,76.10645418950074,76.30309817037602,analytic,4.9309927847274295
176,naive,12.962519633561499,15.362567811934902,1.0,3.2370705244123026,3.2370705244123026,empirical,4.9309927847274295
176,naive2,2.5665351924266777,3.19295532750913,0.6666666666666666,8.768035707680465,29.144974374181853,analytic,1.0
176,naive2,2.5665351924266777,3.19295532750913,0.4583333333333333,11.355564928970091,32.21634527022871,empirical,1.0
176,seasonal_naive,1.18607404254266,1.3517179023508152,0.2916666666666667,2.258264444369556,15.107244727987696,analytic,0.44273713045007557
176,seasonal_naive,1.18607404254266,1.3517179023508152,0.9791666666666666,1.9129746835443104,2.124547920434011,empirical,0.44273713045007557
176,theta,2.723882205642923,3.068518173896778,0.6875,8.768035707680465,28.35664802561027,analytic,1.0111673824004515
176,theta,2.723882205642923,3.068518173896778,0.6666666666666666,3.1863427329955094,15.239879658634806,empirical,1.0111673824004515
177,naive,15.606772556121232,21.996781115879823,1.0,109.92835442875013,109.92835442875013,analytic,7.663159602619224
177,naive,15.606772556121232,21.996781115879823,1.0,2.360783261802583,2.360783261802583,empirical,7.663159602619224
177,naive2,1.9669402454745026,2.975845238389283,0.8541666666666666,11.082277059277766,19.13117127308022,analytic,1.0
177,naive2,1.9669402454745026,2.975845238389283,0.8333333333333334,16.445995540647903,17.854327261073408,empirical,1.0
177,seasonal_naive,0.6909951376447325,0.9624463519313267,0.9375,2.8543123089355995,4.103830079518718,analytic,0.3373620407322585
177,seasonal_naive,0.6909951376447325,0.9624463519313267,1.0,2.4842274678111664,2.4842274678111664,empirical,0.3373620407322585
177,theta,2.0090645513691,2.659149299439289,0.8541666666666666,11.082277059277766,22.327546782805292,analytic,0.9574969894922848
177,theta,2.0090645513691,2.659149299439289,0.9583333333333334,3.241649263001623,3.3422496975227185,empirical,0.9574969894922848
178,naive,15.518729308439974,20.018026565464893,1.0,100.07065250858811,100.07065250858811,analytic,5.705029770171851
178,naive,15.518729308439974,20.018026565464893,1.0,2.3157020872865366,2.3157020872865366,empirical,5.705029770171851
178,naive2,2.657322225895978,3.5938543347348038,0.5625,8.60997787196523,37.34154628740921,analytic,1.0
178,naive2,2.657322225895978,3.5938543347348038,0.9791666666666666,15.62510177775276,15.746934949676383,empirical,1.0
178,seasonal_naive,0.8790917245300006,1.1223908918406074,0.5833333333333334,2.2175556240077627,8.934752027960263,analytic,0.3215635192131304
178,seasonal_naive,0.8790917245300006,1.1223908918406074,0.9791666666666666,1.7261385199241102,2.2194971537001904,empirical,0.3215635192131304
178,theta,2.652702379124387,3.1614793484429646,0.6666666666666666,8.609977871965233,34.27049156368399,analytic,0.9389759592718936
178,theta,2.652702379124387,3.1614793484429646,1.0,4.06830580283988,4.06830580283988,empirical,0.9389759592718936
179,naive,14.801961769850472,19.31504065040651,1.0,98.48520365859028,98.48520365859028,analytic,5.91612696190732
179,naive,14.801961769850472,19.31504065040651,0.8333333333333334,3.794308943089432,5.458943089430958,empirical,5.91612696190732
179,naive2,2.514154931632644,3.2490627627735615,0.7291666666666666,10.21015780517992,22.68583158543216,analytic,1.0
179,naive2,2.514154931632644,3.2490627627735615,0.6875,13.09624657275835,18.028915530368675,empirical,1.0
179,seasonal_naive,1.4484393744458564,1.849593495934958,0.14583333333333334,2.6296923406279906,26.674381395677724,analytic,0.5726918333171526
179,seasonal_naive,1.4484393744458564,1.849593495934958,0.9791666666666666,2.2175304878048814,2.455335365853652,empirical,0.5726918333171526
179,theta,2.837443797308718,3.3685435305297826,0.7083333333333334,10.21015780517992,34.34347997489397,analytic,1.0826807027382481
179,theta,2.837443797308718,3.3685435305297826,0.6041666666666666,3.6260768892633957,12.649661079255154,empirical,1.0826807027382481
180,naive,20.593531547466924,37.419999999999995,1.0,198.2354562351102,198.2354562351102,analytic,10.644211398941216
180,naive,20.593531547466924,37.419999999999995,0.25,5.9510000000000085,62.55100000000015,empirical,10.644211398941216
180,naive2,2.005108456749076,3.396294476377104,0.8333333333333334,14.843086524875657,34.71316713882589,analytic,1.0
180,naive2,2.005108456749076,3.396294476377104,0.8125,22.989563868762176,29.447366328710114,empirical,1.0
180,seasonal_naive,1.2176712840071353,2.219999999999994,0.2916666666666667,3.8229331701358538,24.02493417011932,analytic,0.6304690329902375
180,seasonal_naive,1.2176712840071353,2.219999999999994,0.9166666666666666,3.139000000000013,4.2190000000000545,empirical,0.6304690329902375
180,theta,1.9599550502721548,3.294872054624998,0.8333333333333334,14.843086524875659,35.01550018150618,analytic,0.9738090728647001
180,theta,1.9599550502721548,3.294872054624998,0.7708333333333334,4.89161798606391,10.745639277536077,empirical,0.9738090728647001
181,naive,7.110746303459213,98.19230769230747,1.0,619.6879709747769,619.6879709747769,analytic,15.527560089141485
181,naive,7.110746303459213,98.19230769230747,0.7291666666666666,12.63461538461545,64.09615384615275,empirical,15.527560089141485
181,naive2,0.44857149360151294,6.458685899141932,0.9791666666666666,43.104501576248055,43.701477353559895,analytic,1.0
181,naive2,0.44857149360151294,6.458685899141932,0.9375,54.004619771687246,59.05249467792774,empirical,1.0
181,seasonal_naive,0.05763725029119189,0.8076923076923092,0.9375,11.101843850458275,13.451661971091852,analytic,0.12677293730314615
181,seasonal_naive,0.05763725029119189,0.8076923076923092,0.9583333333333334,8.740384615384665,10.817307692307981,empirical,0.12677293730314615
181,theta,0.3750219822405281,5.311501783338828,0.9791666666666666,43.104501576248055,45.372584761021066,analytic,0.8292086665228586
181,theta,0.3750219822405281,5.311501783338828,0.7083333333333334,9.307906356664732,31.9282876551144,empirical,0.8292086665228586
182,naive,18.06594381635668,26.34447004608296,1.0,146.20881128273868,146.20881128273868,analytic,5.525276029530222
182,naive,18.06594381635668,26.34447004608296,0.9583333333333334,6.006509216589863,6.006509216589906,empirical,5.525276029530222
182,naive2,3.201230617356187,4.872186096777315,0.5625,11.93712520309286,55.0262783868302,analytic,1.0
182,naive2,3.201230617356187,4.872186096777315,0.5416666666666666,18.662410151113846,32.6216430480927,empirical,1.0
182,seasonal_naive,1.2968930846061058,1.842165898617516,0.22916666666666666,3.0744839908120762,20.355263892474547,analytic,0.3916108591939857
182,seasonal_naive,1.2968930846061058,1.842165898617516,0.9583333333333334,2.6292050691244304,3.4978686635944527,empirical,0.3916108591939857
182,theta,3.48182084868471,4.692940735626975,0.625,11.93712520309286,51.385527538325114,analytic,1.0254306125537247
182,theta,3.48182084868471,4.692940735626975,0.6875,5.726541277961157,7.918802944788916,empirical,1.0254306125537247
183,naive,19.66828822103984,30.523911187019635,0.9791666666666666,156.49634026352223,156.56553803509416,analytic,12.653178063405853
183,naive,19.66828822103984,30.523911187019635,0.4166666666666667,6.443659265584977,26.693018787361158,empirical,12.653178063405853
183,naive2,1.5909056128536558,2.3582597478827227,0.875,12.44916456792195,20.17553220755681,analytic,1.0
183,naive2,1.5909056128536558,2.3582597478827227,0.9583333333333334,17.156981053049783,17.36649466534433,empirical,1.0
183,seasonal_naive,0.806967951175379,1.2822374039282627,0.6875,3.206363049048374,11.285666298836071,analytic,0.5254799892235922
183,seasonal_naive,0.806967951175379,1.2822374039282627,0.9791666666666666,2.5852903501281106,2.8850341588386024,empirical,0.5254799892235922
183,theta,1.6170006349613482,2.3556207074921938,0.8541666666666666,12.44916456792195,21.179698422701694,analytic,1.0076417792697874
183,theta,1.6170006349613482,2.3556207074921938,0.875,3.5880574565097927,5.089581220576711,empirical,1.0076417792697874
184,naive,15.306124691873057,20.61584089323098,1.0,107.25841159442716,107.25841159442716,analytic,5.13502149132951
184,naive,15.306124691873057,20.61584089323098,1.0,3.370655966503842,3.370655966503842,empirical,5.13502149132951
184,naive2,2.93820797163617,4.073711001503946,0.5625,10.17937531343971,41.6193555618882,analytic,1.0
184,naive2,2.93820797163617,4.073711001503946,0.375,14.679738909420385,41.98942131940751,empirical,1.0
184,seasonal_naive,1.4320853275425849,1.8642707606420077,0.1875,2.621764110300968,28.547588171929583,analytic,0.4725177278151242
184,seasonal_naive,1.4320853275425849,1.8642707606420077,0.8958333333333334,2.040491974877888,3.5645673412421655,empirical,0.4725177278151242
184,theta,3.113926779955352,3.877113002292692,0.6041666666666666,10.17937531343971,43.75809970498661,analytic,1.005772290886888
184,theta,3.113926779955352,3.877113002292692,0.375,3.743445560312676,17.28939799319544,empirical,1.005772290886888
185,naive,11.206110013816579,12.487048192771082,0.9166666666666666,58.29294692460401,62.54234980000875,analytic,5.647381976379633
185,naive,11.206110013816579,12.487048192771082,1.0,3.9305421686747013,3.9305421686747013,empirical,5.647381976379633
185,naive2,1.9467602844277867,2.254599459896824,0.9583333333333334,11.418983904637601,11.690575240245947,analytic,1.0
185,naive2,1.9467602844277867,2.254599459896824,0.9166666666666666,9.265766609040696,9.832739261128417,empirical,1.0
185,seasonal_naive,1.1850272780354665,1.327409638554217,0.875,2.94103334000827,5.604054557816209,analytic,0.5987369582538754
185,seasonal_naive,1.1850272780354665,1.327409638554217,1.0,2.3881626506024167,2.3881626506024167,empirical,0.5987369582538754
185,theta,2.0602371692479156,2.1480133703492967,0.8541666666666666,11.418983904637601,20.32394734266799,analytic,1.0055075806768936
185,theta,2.0602371692479156,2.1480133703492967,0.9166666666666666,3.6928998895983893,4.958832546935436,empirical,1.0055075806768936
186,naive,5.339997474167344,94.85357142857136,1.0,613.56559664147,613.56559664147,analytic,16.343304417144203
186,naive,5.339997474167344,94.85357142857136,0.9583333333333334,17.87732142857148,29.020178571428378,empirical,16.343304417144203
186,naive2,0.324387293573535,5.846204378470959,1.0,46.07843823083323,46.07843823083323,analytic,1.0
186,naive2,0.324387293573535,5.846204378470959,1.0,60.18282325861279,60.18282325861279,empirical,1.0
186,seasonal_naive,0.08723148905381335,1.532142857142853,0.8958333333333334,11.86780051746591,19.242427000138868,analytic,0.265493174860801
186,seasonal_naive,0.08723148905381335,1.532142857142853,0.9375,8.190000000000067,15.711428571428522,empirical,0.265493174860801
186,theta,0.2776671759672804,4.870907745224803,1.0,46.07843823083323,46.07843823083323,analytic,0.8445743268457501
186,theta,0.2776671759672804,4.870907745224803,0.8541666666666666,12.85514124869388,17.85289872193736,empirical,0.8445743268457501
187,naive,13.323870962757944,16.907662082514733,1.0,92.26747109622997,92.26747109622997,analytic,4.9175782070173595
187,naive,13.323870962757944,16.907662082514733,0.8125,3.4006876227897878,7.895776031434111,empirical,4.9175782070173595
187,naive2,2.716193331583394,3.429678686285454,0.6666666666666666,9.138326392674381,35.73207707137245,analytic,1.0
187,naive2,2.716193331583394,3.429678686285454,0.5,12.508652699294007,20.03870803572365,empirical,1.0
187,seasonal_naive,1.0975623901874467,1.3791748526522583,0.2708333333333333,2.3536352110819223,13.497508520632588,analytic,0.40310528229766573
187,seasonal_naive,1.0975623901874467,1.3791748526522583,1.0,2.0438605108055095,2.0438605108055095,empirical,0.40310528229766573
187,theta,3.0270240671142745,3.53180781135917,0.6666666666666666,9.138326392674381,45.051781766996285,analytic,1.0721071024835687
187,theta,3.0270240671142745,3.53180781135917,0.5625,3.738944531917345,9.48188378041275,empirical,1.0721071024835687
188,naive,15.19750333781882,20.251031636863825,1.0,100.31740061887682,100.31740061887682,analytic,5.716383375450922
188,naive,15.19750333781882,20.251031636863825,0.7708333333333334,2.0505845942228427,5.832565337001337,empirical,5.716383375450922
188,naive2,2.565055882411104,3.676695758638735,0.6666666666666666,10.848275280983424,28.886587613797825,analytic,1.0
188,naive2,2.565055882411104,3.676695758638735,0.22916666666666666,14.72402756050359,40.802117454806066,empirical,1.0
188,seasonal_naive,0.6750878166324047,0.8314993122420897,0.7916666666666666,2.7940436337774255,5.499410641797583,analytic,0.24467017957575277
188,seasonal_naive,0.6750878166324047,0.8314993122420897,0.9166666666666666,2.4193947730398984,3.492297111416805,empirical,0.24467017957575277
188,theta,2.415287139778417,3.052838643838711,0.8541666666666666,10.848275280983424,26.9249380188697,analytic,0.8859665778526009
188,theta,2.415287139778417,3.052838643838711,0.5625,2.9887784862507556,14.121212249691252,empirical,0.8859665778526009
189,naive,20.058999545286312,30.594827586206893,0.9166666666666666,144.22859174544553,150.18313383995033,analytic,8.762689161734176
189,naive,20.058999545286312,30.594827586206893,0.7916666666666666,2.7660658307210144,5.975313479623935,empirical,8.762689161734176
189,naive2,2.165303100259779,3.703280053533206,0.7708333333333334,12.836899614859378,27.207021437097534,analytic,1.0
189,naive2,2.165303100259779,3.703280053533206,0.8958333333333334,21.89513842788208,23.53951076937272,empirical,1.0
189,seasonal_naive,0.9872096182076737,1.528213166144202,0.5,3.3062267242803927,10.254640958598166,analytic,0.434293447714084
189,seasonal_naive,0.9872096182076737,1.528213166144202,1.0,3.1206112852664685,3.1206112852664685,empirical,0.434293447714084
189,theta,1.9136732107846726,2.6825767225953685,0.875,12.83689961485938,21.797932560408892,analytic,0.8040842830302984
189,theta,1.9136732107846726,2.6825767225953685,0.9375,3.944122528164576,4.524716992671829,empirical,0.8040842830302984
190,naive,17.190295106277805,22.7234693877551,0.9583333333333334,111.38519199029922,113.98153120709735,analytic,7.125156591032712
190,naive,17.190295106277805,22.7234693877551,0.8541666666666666,3.517959183673477,5.773061224489751,empirical,7.125156591032712
190,naive2,2.3484726174568387,3.2787460813910334,0.7083333333333334,9.15982987573844,31.48084925767216,analytic,1.0
190,naive2,2.3484726174568387,3.2787460813910334,0.7291666666666666,15.427886687213695,17.778527928479516,empirical,1.0
190,seasonal_naive,1.2739683480370934,1.631632653061224,0.22916666666666666,2.3591735725636194,23.368651955211284,analytic,0.52005299507689
190,seasonal_naive,1.2739683480370934,1.631632653061224,1.0,2.0209693877551107,2.0209693877551107,empirical,0.52005299507689
190,theta,2.5795667258232804,3.1869536135545076,0.6875,9.159829875738438,30.166521213564025,analytic,1.0352028317662683
190,theta,2.5795667258232804,3.1869536135545076,0.6666666666666666,3.382123635902103,8.203107570059885,empirical,1.0352028317662683
191,naive,15.14887933461964,23.094874100719416,1.0,134.6427303157823,134.6427303157823,analytic,5.690031811989989
191,naive,15.14887933461964,23.094874100719416,0.9791666666666666,5.784240107913675,5.7842401079136865,empirical,5.690031811989989
191,naive2,2.5963674270629182,4.164675568801948,0.7916666666666666,13.321607353979324,32.93041898271604,analytic,1.0
191,naive2,2.5963674270629182,4.164675568801948,0.5,15.208070944082955,69.14911890817703,empirical,1.0
191,seasonal_naive,1.0270664194968204,1.4905575539568352,0.6875,3.4310663451097776,9.308608247486884,analytic,0.3767415340439675
191,seasonal_naive,1.0270664194968204,1.4905575539568352,0.9791666666666666,3.040737410071953,3.040737410071978,empirical,0.3767415340439675
191,theta,2.9379233971167773,4.221811543085086,0.7083333333333334,13.321607353979324,35.14861618369723,analytic,1.0726353334003065
191,theta,2.9379233971167773,4.221811543085086,0.2916666666666667,4.4946214808891,35.588882593090794,empirical,1.0726353334003065
192,naive,16.200630412902708,22.33686440677966,1.0,114.25489684829087,114.25489684829087,analytic,5.114559654874019
192,naive,16.200630412902708,22.33686440677966,0.8958333333333334,3.3525953389830607,5.197934322033873,empirical,5.114559654874019
192,naive2,3.0951017333778,4.471988970440839,0.5208333333333334,9.393195228383233,57.66516037554896,analytic,1.0
192,naive2,3.0951017333778,4.471988970440839,0.7708333333333334,17.117974664225272,18.312017423299665,empirical,1.0
192,seasonal_naive,1.1772785281524778,1.6249999999999987,0.22916666666666666,2.419278332169463,22.506189154239383,analytic,0.37187063548857585
192,seasonal_naive,1.1772785281524778,1.6249999999999987,0.9583333333333334,1.8969809322034044,2.392743644067791,empirical,0.37187063548857585
192,theta,3.293278733528413,4.204171776978439,0.5416666666666666,9.393195228383235,53.77465699294777,analytic,1.0020707614690896
192,theta,3.293278733528413,4.204171776978439,0.5416666666666666,4.2303590903297446,11.176478943932596,empirical,1.0020707614690896
193,naive,14.571441258544072,18.824324324324323,0.9166666666666666,90.411214035935,97.26335774537837,analytic,5.771426374522724
193,naive,14.571441258544072,18.824324324324323,1.0,3.088513513513517,3.088513513513517,empirical,5.771426374522724
193,naive2,2.4088942180576334,3.4264444772496057,0.75,10.541190006125058,31.12692597858137,analytic,1.0
193,naive2,2.4088942180576334,3.4264444772496057,1.0,15.6834746086303,15.6834746086303,empirical,1.0
193,seasonal_naive,0.8438793473091233,1.0945945945945923,0.7291666666666666,2.714951830239888,6.109803608471225,analytic,0.3348865381551598
193,seasonal_naive,0.8438793473091233,1.0945945945945923,0.9375,2.289864864864876,3.614189189189167,empirical,0.3348865381551598
193,theta,2.4359644581604547,3.0481148824494473,0.8541666666666666,10.541190006125058,21.800059782193596,analytic,0.9504114961069328
193,theta,2.4359644581604547,3.0481148824494473,0.9791666666666666,3.627355894793466,3.7945242155262373,empirical,0.9504114961069328
194,naive,12.886007523524645,14.361176470588234,1.0,66.46755425296465,66.46755425296465,analytic,7.697213056958605
194,naive,12.886007523524645,14.361176470588234,0.7083333333333334,2.621602941176473,7.439250000000006,empirical,7.697213056958605
194,naive2,1.6636025356844941,1.877626244041349,0.9791666666666666,9.1322082427426,9.229333048161655,analytic,1.0
194,naive2,1.6636025356844941,1.877626244041349,0.9791666666666666,9.60330755436239,9.60755195598668,empirical,1.0
194,seasonal_naive,0.9532546526254263,1.0552941176470587,0.6041666666666666,2.3520594418997653,6.168328329263325,analytic,0.5675212784894363
194,seasonal_naive,0.9532546526254263,1.0552941176470587,1.0,1.97007352941177,1.97007352941177,empirical,0.5675212784894363
194,theta,1.7797054193131472,1.873410620339618,0.8541666666666666,9.1322082427426,16.045405976687114,analytic,1.0337724248894835
194,theta,1.7797054193131472,1.873410620339618,0.9791666666666666,2.688916180831667,2.7419770873986975,empirical,1.0337724248894835
195,naive,18.632073472948953,29.038227628149443,0.8958333333333334,147.1389454599876,160.92131061941942,analytic,10.272288067710015
195,naive,18.632073472948953,29.038227628149443,0.4166666666666667,5.218071242397922,32.596003475238916,empirical,10.272288067710015
195,naive2,1.8250614551268072,2.809544402265837,0.875,12.440198356547805,21.87116681032705,analytic,1.0
195,naive2,1.8250614551268072,2.809544402265837,0.8541666666666666,18.022009368740306,23.345155161022547,empirical,1.0
195,seasonal_naive,1.489596181609992,2.2701998262380574,0.14583333333333334,3.2040537431762157,32.48992347932797,analytic,0.8121104525681944
195,seasonal_naive,1.489596181609992,2.2701998262380574,0.9583333333333334,2.5836229365769037,2.8885751520417284,empirical,0.8121104525681944
195,theta,2.2252104748344297,3.226630611700261,0.75,12.440198356547802,29.39041648049362,analytic,1.1838528395670727
195,theta,2.2252104748344297,3.226630611700261,0.6875,4.012041866294491,13.707221989083724,empirical,1.1838528395670727
196,naive,16.334305958663244,21.554646596858635,0.9583333333333334,107.19155850237802,108.64515729911729,analytic,5.527091910204892
196,naive,16.334305958663244,21.554646596858635,0.9375,2.893095549738226,4.1437500000000105,empirical,5.527091910204892
196,naive2,2.8258465479577404,4.087071609709376,0.5833333333333334,9.560968611598355,47.068991953035905,analytic,1.0
196,naive2,2.8258465479577404,4.087071609709376,0.6875,17.199050843394446,20.91441473983095,empirical,1.0
196,seasonal_naive,0.6573492818371461,0.8550392670157058,0.8958333333333334,2.462489454780937,4.109170328400109,analytic,0.22091307396006482
196,seasonal_naive,0.6573492818371461,0.8550392670157058,0.9166666666666666,2.103141361256554,3.0730366492146937,empirical,0.22091307396006482
196,theta,2.676816678449219,3.3240111985772316,0.7083333333333334,9.560968611598355,29.751252443830737,analytic,0.8802804271079587
196,theta,2.676816678449219,3.3240111985772316,0.875,3.7807881326126496,4.0498852612134035,empirical,0.8802804271079587
197,naive,17.74466336392661,24.032359081419624,0.9583333333333334,119.81498588484085,120.66708771515806,analytic,6.033980114573733
197,naive,17.74466336392661,24.032359081419624,0.7291666666666666,3.61435281837161,13.52040709812099,empirical,6.033980114573733
197,naive2,2.8989378993756305,4.04117849262124,0.5,8.700883007806276,50.45132565036491,analytic,1.0
197,naive2,2.8989378993756305,4.04117849262124,0.7291666666666666,16.83492961983624,21.430354673231363,empirical,1.0
197,seasonal_naive,1.185162528847455,1.5605427974947836,0.2916666666666667,2.240968831130139,22.406433326267102,analytic,0.3974933938490457
197,seasonal_naive,1.185162528847455,1.5605427974947836,1.0,1.80480167014615,1.80480167014615,empirical,0.3974933938490457
197,theta,3.152575642790284,3.948663934389522,0.5,8.700883007806274,49.637485119587694,analytic,1.0323001847108864
197,theta,3.152575642790284,3.948663934389522,0.6458333333333334,4.3191751910832785,9.37490501980138,empirical,1.0323001847108864
198,naive,14.636953591608096,18.112359550561802,0.9375,90.00435351717536,91.03820337028942,analytic,4.577630009140902
198,naive,14.636953591608096,18.112359550561802,0.9791666666666666,2.5068820224719124,2.5068820224719297,empirical,4.577630009140902
198,naive2,3.1008157072040086,4.084047569149549,0.5208333333333334,8.72885014824665,51.730509111792436,analytic,1.0
198,naive2,3.1008157072040086,4.084047569149549,0.3958333333333333,14.014086010886766,32.221256744132866,empirical,1.0
198,seasonal_naive,1.404082840225226,1.679775280898877,0.08333333333333333,2.2481719494764594,25.135895515852475,analytic,0.43205619757219704
198,seasonal_naive,1.404082840225226,1.679775280898877,0.9583333333333334,1.8641853932584356,2.0832865168539496,empirical,0.43205619757219704
198,theta,3.230411598708972,3.7444214367641226,0.5833333333333334,8.72885014824665,44.94763541615638,analytic,0.979317464011128
198,theta,3.230411598708972,3.7444214367641226,0.4375,3.6710809146573604,16.01527303529521,empirical,0.979317464011128
199,naive,17.834533179522836,23.206291390728474,1.0,112.4475717924222,112.4475717924222,analytic,9.092486453619308
199,naive,17.834533179522836,23.206291390728474,0.8958333333333334,2.572450331125828,5.6717880794702245,empirical,9.092486453619308
199,naive2,1.8825414679087475,2.663921821447603,0.875,12.51694778216219,14.599849005608332,analytic,1.0
199,naive2,1.8825414679087475,2.663921821447603,1.0,17.02573288118323,17.02573288118323,empirical,1.0
199,seasonal_naive,0.7318827525555189,0.9427152317880776,1.0,3.22382105535071,3.22382105535071,analytic,0.3713281219360076
199,seasonal_naive,0.7318827525555189,0.9427152317880776,1.0,2.9863410596026556,2.9863410596026556,empirical,0.3713281219360076
199,theta,1.8867381109968981,2.2948739795803097,0.9166666666666666,12.51694778216219,17.10946622096179,analytic,0.9318468528463809
199,theta,1.8867381109968981,2.2948739795803097,1.0,4.305059294565806,4.305059294565806,empirical,0.9318468528463809
200,naive,15.57621658056411,19.06179775280899,1.0,94.58723065478658,94.58723065478658,analytic,6.077979457162883
200,naive,15.57621658056411,19.06179775280899,0.7916666666666666,2.2676966292134906,5.911694263749248,empirical,6.077979457162883
200,naive2,2.501171765274393,3.2153407510341663,0.7083333333333334,9.695465729900478,25.642971443802452,analytic,1.0
200,naive2,2.501171765274393,3.2153407510341663,0.9583333333333334,14.35564010160228,15.00926447347357,empirical,1.0
200,seasonal_naive,0.8371631693003735,1.0493790656416324,0.5625,2.4971300596162593,6.760860292680106,analytic,0.33053737525908633
200,seasonal_naive,0.8371631693003735,1.0493790656416324,0.8958333333333334,2.3536073329390956,3.645150798344203,empirical,0.33053737525908633
200,theta,2.532810312566011,2.843416015290492,0.8333333333333334,9.695465729900478,28.14451258558179,analytic,0.9484887698317614
200,theta,2.532810312566011,2.843416015290492,0.9791666666666666,3.8855580982222477,3.8913113545968536,empirical,0.9484887698317614
201,naive,11.34814505402436,3.3884782608695647,1.0,20.821046268058634,20.821046268058634,analytic,0.8306389224273542
201,naive,11.34814505402436,3.3884782608695647,0.9791666666666666,14.160391304347826,14.21126086956522,empirical,0.8306389224273542
201,naive2,13.690061830098408,4.071003248723563,0.9791666666666666,20.992773481055416,21.01893547655198,analytic,1.0
201,naive2,13.690061830098408,4.071003248723563,1.0,16.77417698165433,16.77417698165433,empirical,1.0
201,seasonal_naive,4.854899402702299,1.4328260869565212,0.8958333333333334,5.406824917403606,7.357798057534115,analytic,0.35329421828962304
201,seasonal_naive,4.854899402702299,1.4328260869565212,0.875,4.8871521739130435,5.684108695652161,empirical,0.35329421828962304
201,theta,13.712719534406725,4.1437384626943725,0.8333333333333334,20.992773481055416,35.07107084166266,analytic,1.009760851732434
201,theta,13.712719534406725,4.1437384626943725,1.0,13.668321519483658,13.668321519483658,empirical,1.009760851732434
202,naive,17.60816680242311,23.201871657754012,1.0,116.51265069013098,116.51265069013098,analytic,8.292251935415507
202,naive,17.60816680242311,23.201871657754012,1.0,2.770538101604285,2.770538101604285,empirical,8.292251935415507
202,naive2,2.058625361718058,2.888987697250628,0.8958333333333334,13.17898127063702,14.564692678950866,analytic,1.0
202,naive2,2.058625361718058,2.888987697250628,1.0,17.560904914379673,17.560904914379673,empirical,1.0
202,seasonal_naive,0.9388135623597332,1.1470588235294152,0.8958333333333334,3.3943320726239303,5.50125489204068,analytic,0.4265421486827725
202,seasonal_naive,0.9388135623597332,1.1470588235294152,1.0,3.1237800802139093,3.1237800802139093,empirical,0.4265421486827725
202,theta,2.018433559671493,2.4450350737833784,0.8541666666666666,13.178981270637017,20.2039911482704,analytic,0.913402868115678
202,theta,2.018433559671493,2.4450350737833784,1.0,4.458487032398341,4.458487032398341,empirical,0.913402868115678
203,naive,16.79708580442456,24.949592290585617,1.0,127.35566303984506,127.35566303984506,analytic,5.653745415134052
203,naive,16.79708580442456,24.949592290585617,0.8125,4.149351371386221,9.815770941438092,empirical,5.653745415134052
203,naive2,2.9575070186036543,4.4331059096842145,0.5,9.689086315988568,51.22648778674551,analytic,1.0
203,naive2,2.9575070186036543,4.4331059096842145,0.9791666666666666,19.56297171315755,19.601622445559297,empirical,1.0
203,seasonal_naive,1.3076076416163174,1.9948109710896949,0.2708333333333333,2.495487000202105,35.61672386300483,analytic,0.4460560786648077
203,seasonal_naive,1.3076076416163174,1.9948109710896949,0.7291666666666666,1.9709599703484226,9.314177168272666,empirical,0.4460560786648077
203,theta,3.2997010840593206,4.350526797524367,0.5625,9.689086315988568,62.31935587758058,analytic,1.0485378642265142
203,theta,3.2997010840593206,4.350526797524367,0.8541666666666666,4.59779636852849,5.542641456897747,empirical,1.0485378642265142
204,naive,20.022017772428082,30.065617805065227,1.0,161.48889871377338,161.48889871377338,analytic,5.077917503637664
204,naive,20.022017772428082,30.065617805065227,0.8333333333333334,5.796124328472763,10.794589409055973,empirical,5.077917503637664
204,naive2,3.8001458838585807,6.152055136986519,0.4166666666666667,10.501459480384181,103.939499404994,analytic,1.0
204,naive2,3.8001458838585807,6.152055136986519,0.6458333333333334,22.212806946379512,25.587283050818797,empirical,1.0
204,seasonal_naive,0.8032477894804025,1.1822716807367641,0.7916666666666666,2.704718975741118,6.999139462468396,analytic,0.20177398066203162
204,seasonal_naive,0.8032477894804025,1.1822716807367641,1.0,2.2545471987720775,2.2545471987720775,empirical,0.20177398066203162
204,theta,3.8840512614127403,5.478025513279779,0.4166666666666667,10.501459480384181,80.55563407491016,analytic,0.9562589070774474
204,theta,3.8840512614127403,5.478025513279779,0.5833333333333334,6.189825301413655,14.135651481964842,empirical,0.9562589070774474
205,naive,13.175324586269932,16.02439024390244,1.0,84.98685600866884,84.98685600866884,analytic,4.407533891421785
205,naive,13.175324586269932,16.02439024390244,0.9375,2.2304878048780568,2.889024390243918,empirical,4.407533891421785
205,naive2,2.9375249072695278,3.700877896291102,0.5625,8.765543958152424,39.98968824752594,analytic,1.0
205,naive2,2.9375249072695278,3.700877896291102,0.4166666666666667,12.860958469123212,21.559309101004352,empirical,1.0
205,seasonal_naive,1.1172252595340724,1.317073170731707,0.4375,2.257622678123245,14.919012118223728,analytic,0.3681050302696238
205,seasonal_naive,1.1172252595340724,1.317073170731707,1.0,1.868292682926839,1.868292682926839,empirical,0.3681050302696238
205,theta,3.1704484201046608,3.606745118703391,0.5416666666666666,8.765543958152424,41.61853950692735,analytic,1.0269285910954575
205,theta,3.1704484201046608,3.606745118703391,0.6041666666666666,3.6818697528213487,11.288045984123116,empirical,1.0269285910954575
206,naive,17.731876418753163,20.95506535947712,0.9791666666666666,107.16399498686174,107.29056204954998,analytic,6.560699121909628
206,naive,17.731876418753163,20.95506535947712,0.7708333333333334,2.6573529411764745,7.436764705882418,empirical,6.560699121909628
206,naive2,2.576418466878551,3.358708954790726,0.6875,9.412566219549001,32.971767097835425,analytic,1.0
206,naive2,2.576418466878551,3.358708954790726,0.7291666666666666,14.895440454567204,18.561276242811385,empirical,1.0
206,seasonal_naive,0.7458029441301336,0.8602941176470593,0.7291666666666666,2.424267456536681,3.7203977600588503,analytic,0.2728055432771616
206,seasonal_naive,0.7458029441301336,0.8602941176470593,0.9375,2.179942810457526,3.2207924836601145,empirical,0.2728055432771616
206,theta,2.68479305190141,3.007104637423329,0.8125,9.412566219548998,20.743694688043334,analytic,0.9686898400440194
206,theta,2.68479305190141,3.007104637423329,0.9375,3.7988127546403962,4.153610418205096,empirical,0.9686898400440194
207,naive,15.277399063927808,22.582885648503456,1.0,123.19085650888297,123.19085650888297,analytic,4.2351285878683935
207,naive,15.277399063927808,22.582885648503456,0.7291666666666666,4.722352264006144,13.312528779739083,empirical,4.2351285878683935
207,naive2,3.6351020176540674,5.29181251610684,0.5,10.457980566440124,73.23121064772229,analytic,1.0
207,naive2,3.6351020176540674,5.29181251610684,0.25,18.12374473402499,35.20363869143354,empirical,1.0
207,seasonal_naive,1.2500096710415616,1.8108211818879483,0.20833333333333334,2.693520699557829,23.926690304287987,analytic,0.34303248038053047
207,seasonal_naive,1.2500096710415616,1.8108211818879483,0.9583333333333334,2.2268610897927963,2.496239447429052,empirical,0.34303248038053047
207,theta,3.8435361075080934,5.0767726509618845,0.5625,10.457980566440124,82.85900631725534,analytic,1.0083514667413767
207,theta,3.8435361075080934,5.0767726509618845,0.3958333333333333,5.1064945487871745,18.77620527779765,empirical,1.0083514667413767
208,naive,25.25644051393095,45.83559782608695,1.0,247.3735130711099,247.3735130711099,analytic,6.373266389258752
208,naive,25.25644051393095,45.83559782608695,0.5416666666666666,7.542119565217401,21.460597826086847,empirical,6.373266389258752
208,naive2,3.7553016543230564,7.612634296171685,0.5833333333333334,18.617911334074822,67.5133822905105,analytic,1.0
208,naive2,3.7553016543230564,7.612634296171685,0.8333333333333334,36.21919224840922,37.84167218304863,empirical,1.0
208,seasonal_naive,0.17622846430655215,0.3002717391304324,1.0,4.795163773949609,4.795163773949609,analytic,0.0431858896232417
208,seasonal_naive,0.17622846430655215,0.3002717391304324,0.7916666666666666,4.33892663043479,10.485665760869507,empirical,0.0431858896232417
208,theta,2.7942791679386643,4.782091889742385,0.875,18.61791133407482,37.56261906668835,analytic,0.6861337329937186
208,theta,2.7942791679386643,4.782091889742385,0.7291666666666666,6.168537393836174,9.493561199479695,empirical,0.6861337329937186
209,naive,16.892101197709227,21.640243902439018,1.0,107.0988298786504,107.0988298786504,analytic,6.172826634710438
209,naive,16.892101197709227,21.640243902439018,1.0,2.362403722721441,2.362403722721441,empirical,6.172826634710438
209,naive2,2.6385936645382553,3.6408587172351243,0.7708333333333334,12.355999721705752,21.880282052413776,analytic,1.0
209,naive2,2.6385936645382553,3.6408587172351243,1.0,17.068565758195973,17.068565758195973,empirical,1.0
209,seasonal_naive,0.42414425824964147,0.5381899871630291,1.0,3.182367838867936,3.182367838867936,analytic,0.15428292684367034
209,seasonal_naive,0.42414425824964147,0.5381899871630291,0.9583333333333334,2.8248716302952563,3.275449293966611,empirical,0.15428292684367034
209,theta,2.4021122496718115,2.9506922493515826,0.8541666666666666,12.35599972170575,22.973606806953907,analytic,0.8604072553555417
209,theta,2.4021122496718115,2.9506922493515826,0.9583333333333334,4.375850791058055,4.733785468506911,empirical,0.8604072553555417
210,naive,15.355665373298969,19.512956810631223,1.0,97.62748498199868,97.62748498199868,analytic,7.135277647026605
210,naive,15.355665373298969,19.512956810631223,0.8541666666666666,2.0717940199335665,5.362823920265727,empirical,7.135277647026605
210,naive2,2.1441629943691685,2.7448466657645856,0.8541666666666666,10.562908082342993,12.610845925817918,analytic,1.0
210,naive2,2.1441629943691685,2.7448466657645856,0.9791666666666666,14.560360604109308,14.735603487890154,empirical,1.0
210,seasonal_naive,0.6294490479857217,0.7774086378737514,0.875,2.720545461579697,3.6932681863679955,analytic,0.28839439413336276
210,seasonal_naive,0.6294490479857217,0.7774086378737514,0.9791666666666666,2.3555481727574845,2.588770764119601,empirical,0.28839439413336276
210,theta,2.2052317403142276,2.581486897030492,0.8333333333333334,10.562908082342993,22.3579208234897,analytic,0.9844831558415916
210,theta,2.2052317403142276,2.581486897030492,1.0,3.914736147945846,3.914736147945846,empirical,0.9844831558415916
211,naive,16.088935213007886,20.472537878787882,0.9791666666666666,97.44117571865058,98.36000930544465,analytic,6.007562794912365
211,naive,16.088935213007886,20.472537878787882,0.2708333333333333,2.62769886363637,27.56898674242405,empirical,6.007562794912365
211,naive2,2.6882704395408266,3.3949672661912773,0.6875,10.441991650400022,25.79883511450329,analytic,1.0
211,naive2,2.6882704395408266,3.3949672661912773,0.7708333333333334,14.379244562184194,19.070700248736422,empirical,1.0
211,seasonal_naive,2.009606269247887,2.5729166666666687,0.0,2.6894026505670063,51.818016305893636,analytic,0.7527040823725761
211,seasonal_naive,2.009606269247887,2.5729166666666687,0.6041666666666666,2.334090909090914,10.77916666666676,empirical,0.7527040823725761
211,theta,3.0993636488161873,3.518417804325324,0.6458333333333334,10.441991650400022,40.18511551580315,analytic,1.09464194150418
211,theta,3.0993636488161873,3.518417804325324,0.5625,3.7314293519622503,14.084862871106667,empirical,1.09464194150418
212,naive,21.47646870368407,40.43638392857142,0.8333333333333334,183.68395454394084,254.80512187142924,analytic,7.186355820132075
212,naive,21.47646870368407,40.43638392857142,0.8958333333333334,4.79556361607143,6.536635044642883,empirical,7.186355820132075
212,naive2,2.786291451009099,6.067149987891112,0.5833333333333334,15.080126530057901,63.523578019036464,analytic,1.0
212,naive2,2.786291451009099,6.067149987891112,0.9583333333333334,31.419161857319956,32.320609711054686,empirical,1.0
212,seasonal_naive,0.19040920083914561,0.3482142857142859,1.0,3.88398436032746,3.88398436032746,analytic,0.06286562440429547
212,seasonal_naive,0.19040920083914561,0.3482142857142859,0.8541666666666666,3.1567801339285837,8.510574776785711,empirical,0.06286562440429547
212,theta,1.9681653401951316,3.9698773798269062,0.8333333333333334,15.080126530057901,23.57468293482258,analytic,0.6803489013914068
212,theta,1.9681653401951316,3.9698773798269062,0.7708333333333334,5.323445231374635,8.16360724798907,empirical,0.6803489013914068
213,naive,17.218314593704022,25.474406528189917,1.0,133.82602809904617,133.82602809904617,analytic,5.133979948441077
213,naive,17.218314593704022,25.474406528189917,0.9583333333333334,3.249758902077165,4.407028931750752,empirical,5.133979948441077
213,naive2,3.3235895715276706,5.007429702738067,0.375,8.572145660359155,79.57674271350643,analytic,1.0
213,naive2,3.3235895715276706,5.007429702738067,0.8958333333333334,19.882294321315456,20.127027711607344,empirical,1.0
213,seasonal_naive,0.7227514477938443,1.113872403560833,0.5,2.207811692622175,11.480855459555329,analytic,0.21995252166414003
213,seasonal_naive,0.7227514477938443,1.113872403560833,0.8333333333333334,1.681658011869454,3.8226075667655612,empirical,0.21995252166414003
213,theta,3.453134358729706,4.6012464287087065,0.4791666666666667,8.572145660359155,72.5543290002336,analytic,0.9789306254783822
213,theta,3.453134358729706,4.6012464287087065,0.875,4.799210957879539,5.109521112951975,empirical,0.9789306254783822
214,naive,18.237535146404596,26.50990099009901,1.0,139.56155376755592,139.56155376755592,analytic,4.957918070194809
214,naive,18.237535146404596,26.50990099009901,0.9375,6.690594059405948,7.551980198019818,empirical,4.957918070194809
214,naive2,3.60181796590154,5.46324296147612,0.5,10.16955144861974,85.57647585725876,analytic,1.0
214,naive2,3.60181796590154,5.46324296147612,0.4583333333333333,19.07060743545937,41.90328417734585,empirical,1.0
214,seasonal_naive,1.0956013937458868,1.5594059405940617,0.4583333333333333,2.6192339102232225,19.237791651998702,analytic,0.2948080308206742
214,seasonal_naive,1.0956013937458868,1.5594059405940617,1.0,2.022029702970311,2.022029702970311,empirical,0.2948080308206742
214,theta,3.800240228581454,5.113795578877937,0.4791666666666667,10.16955144861974,77.03044938490574,analytic,0.9955630571874775
214,theta,3.800240228581454,5.113795578877937,0.5,5.553384338140462,17.649471750924118,empirical,0.9955630571874775
215,naive,15.215325024435463,19.266540642722124,1.0,100.2783103279731,100.2783103279731,analytic,4.709928101980533
215,naive,15.215325024435463,19.266540642722124,0.9583333333333334,2.212948960302471,2.9256143667296723,empirical,4.709928101980533
215,naive2,3.164588814820831,4.177605725837242,0.5208333333333334,9.143695717760535,50.02189444473866,analytic,1.0
215,naive2,3.164588814820831,4.177605725837242,0.25,13.984736386009452,45.27778284448696,empirical,1.0
215,seasonal_naive,1.5162108779263228,1.8431001890359187,0.0625,2.3550181155700765,29.942884322135203,analytic,0.46015179125438044
215,seasonal_naive,1.5162108779263228,1.8431001890359187,0.875,1.865217391304355,3.2413988657844772,empirical,0.46015179125438044
215,theta,3.3853260588343836,3.9617782281115335,0.5833333333333334,9.143695717760535,47.564128310146806,analytic,1.0090446510894302
215,theta,3.3853260588343836,3.9617782281115335,0.22916666666666666,3.3497660135394294,23.84518854448536,empirical,1.0090446510894302
216,naive,15.873301240342332,22.015670553935855,0.9791666666666666,112.09150729620815,112.15514623770899,analytic,6.1883814096516225
216,naive,15.873301240342332,22.015670553935855,0.875,3.0813411078717188,6.066034985422711,empirical,6.1883814096516225
216,naive2,2.5316409710488754,3.605109022998662,0.6875,10.035811282905753,33.2257965635685,analytic,1.0
216,naive2,2.5316409710488754,3.605109022998662,0.8333333333333334,16.19175227738118,17.715120199759983,empirical,1.0
216,seasonal_naive,1.0542512639657968,1.4923469387755106,0.4375,2.584788263434694,17.89243465346088,analytic,0.4151916752890855
216,seasonal_naive,1.0542512639657968,1.4923469387755106,0.9791666666666666,2.13618804664724,2.392018950437317,empirical,0.4151916752890855
216,theta,2.70386623941334,3.4405195569691926,0.6875,10.035811282905753,37.13454515084792,analytic,1.0111873000488807
216,theta,2.70386623941334,3.4405195569691926,0.7708333333333334,3.592179229930667,5.227134717400511,empirical,1.0111873000488807
217,naive,17.420608296987997,25.667918858001503,1.0,140.23266951585848,140.23266951585848,analytic,6.189168403785182
217,naive,17.420608296987997,25.667918858001503,0.5416666666666666,4.625939143501132,15.613918106686802,empirical,6.189168403785182
217,naive2,2.909903175683772,4.015836497357552,0.5208333333333334,9.177474362010074,48.81772284754568,analytic,1.0
217,naive2,2.909903175683772,4.015836497357552,0.75,17.762873120984473,19.749210936325955,empirical,1.0
217,seasonal_naive,1.163817685498888,1.6994740796393677,0.22916666666666666,2.3637180244015275,25.596976977427975,analytic,0.4115718512661637
217,seasonal_naive,1.163817685498888,1.6994740796393677,0.9583333333333334,1.8855371900826536,2.1492486851991175,empirical,0.4115718512661637
217,theta,3.211518144644785,4.1078828809004,0.5833333333333334,9.177474362010074,65.29657558250264,analytic,1.0632860269160895
217,theta,3.211518144644785,4.1078828809004,0.7291666666666666,4.757069313638345,8.515545879888451,empirical,1.0632860269160895
218,naive,17.772628599540976,34.48901903367496,0.8541666666666666,200.03238548521972,238.8183271465924,analytic,10.546608577568275
218,naive,17.772628599540976,34.48901903367496,0.5625,9.708601756954629,37.23129575402642,empirical,10.546608577568275
218,naive2,1.7895363531925477,3.089914986553965,0.8958333333333334,22.998194014957765,29.06162134647119,analytic,1.0
218,naive2,1.7895363531925477,3.089914986553965,0.9583333333333334,27.427366354606875,28.00397560573979,empirical,1.0
218,seasonal_naive,0.7231228237755749,1.3133235724743797,0.9791666666666666,5.923333978122089,6.162770583560073,analytic,0.4145597004124771
218,seasonal_naive,0.7231228237755749,1.3133235724743797,0.9375,5.184773060029304,5.698682284041057,empirical,0.4145597004124771
218,theta,1.578737647386784,2.664817756701199,0.9375,22.998194014957765,26.45862491957945,analytic,0.8723145722144102
218,theta,1.578737647386784,2.664817756701199,0.7916666666666666,4.958117570483251,10.622545085197254,empirical,0.8723145722144102
219,naive,21.78758128518602,31.665137614678898,1.0,154.1304208194442,154.1304208194442,analytic,11.624522651145831
219,naive,21.78758128518602,31.665137614678898,0.6041666666666666,5.048394495412854,17.29610091743117,empirical,11.624522651145831
219,naive2,1.8251706359760305,2.799311122881139,0.75,8.127381419299422,26.669469181025953,analytic,1.0
219,naive2,1.8251706359760305,2.799311122881139,0.7916666666666666,18.020206760791762,19.687778614501916,empirical,1.0
219,seasonal_naive,1.0789652867553619,1.5550458715596338,0.1875,2.0932597786932265,23.978695051133393,analytic,0.5733343896439687
219,seasonal_naive,1.0789652867553619,1.5550458715596338,1.0,1.6100917431192792,1.6100917431192792,empirical,0.5733343896439687
219,theta,1.9589050274134028,2.716735359524607,0.6875,8.127381419299422,21.673892969644704,analytic,1.0218868330878168
219,theta,1.9589050274134028,2.716735359524607,0.6666666666666666,3.0541400862669983,6.757044798248367,empirical,1.0218868330878168
220,naive,14.029874160798975,19.324324324324326,1.0,98.71171701795015,98.71171701795015,analytic,7.527956215826242
220,naive,14.029874160798975,19.324324324324326,0.9166666666666666,2.471903153153156,4.17010135135137,empirical,7.527956215826242
220,naive2,1.8617482322761434,2.5697060858836496,0.875,11.595229852168488,13.074098301499703,analytic,1.0
220,naive2,1.8617482322761434,2.5697060858836496,0.9166666666666666,14.723148541687124,15.51647377887497,empirical,1.0
220,seasonal_naive,0.885863984303595,1.200450450450453,0.6458333333333334,2.9864266264914114,6.323473535270871,analytic,0.4714892479667514
220,seasonal_naive,0.885863984303595,1.200450450450453,1.0,2.907432432432436,2.907432432432436,empirical,0.4714892479667514
220,theta,1.9769505862716092,2.5049859390871325,0.8541666666666666,11.595229852168488,22.621523876496614,analytic,1.0183463861659336
220,theta,1.9769505862716092,2.5049859390871325,0.9375,3.856597967320021,4.479439910854529,empirical,1.0183463861659336
221,naive,13.630157135865142,0.8951366105152877,0.9791666666666666,8.481667765691318,8.67759862213626,analytic,0.9531853800094956
221,naive,13.630157135865142,0.8951366105152877,0.9375,4.519015191199581,5.626511538143422,empirical,0.9531853800094956
221,naive2,14.249782294727053,0.9423940022870259,1.0,23.089887466594046,23.089887466594046,analytic,1.0
221,naive2,14.249782294727053,0.9423940022870259,0.9166666666666666,4.536230502141137,5.902870379506951,empirical,1.0
221,seasonal_naive,21.038426328392724,1.3435113451517742,0.9166666666666666,5.946950221088622,7.069001444451719,analytic,1.4510199562412933
221,seasonal_naive,21.038426328392724,1.3435113451517742,0.8333333333333334,4.56159466240247,7.420655620192437,empirical,1.4510199562412933
221,theta,14.997606840221946,0.9839804788716326,1.0,23.089887466594046,23.089887466594046,analytic,1.048304131354894
221,theta,14.997606840221946,0.9839804788716326,0.9375,3.7304242933130416,4.255681565536917,empirical,1.048304131354894
222,naive,12.198251700999094,0.5841654778887304,1.0,5.993350791357878,5.993350791357878,analytic,0.9724265791776949
222,naive,12.198251700999094,0.5841654778887304,0.6041666666666666,0.14587964038085122,0.6245977507215604,empirical,0.9724265791776949
222,naive2,12.562565358471497,0.5998496879245462,1.0,18.85732678012497,18.85732678012497,analytic,1.0
222,naive2,12.562565358471497,0.5998496879245462,0.6458333333333334,0.3859293269422917,0.6880628654698021,empirical,1.0
222,seasonal_naive,11.78214231254529,0.567345652390273,1.0,4.856826774337966,4.856826774337966,analytic,0.941845064092589
222,seasonal_naive,11.78214231254529,0.567345652390273,0.4583333333333333,0.14500630328766226,0.8799032942971825,empirical,0.941845064092589
222,theta,11.793972452713842,0.5653803310562675,1.0,18.85732678012497,18.85732678012497,analytic,0.940677734817972
222,theta,11.793972452713842,0.5653803310562675,0.5208333333333334,0.1603263321136446,0.6351323549244937,empirical,0.940677734817972
223,naive,23.78482106668045,4.4102103857071295,0.7916666666666666,21.399530976536024,36.63115154252934,analytic,0.920293385997631
223,naive,23.78482106668045,4.4102103857071295,0.9791666666666666,14.463992319251963,14.486784104191013,empirical,0.920293385997631
223,naive2,26.001786729071164,4.763423873170309,0.7916666666666666,21.443590027756095,41.04430721185336,analytic,1.0
223,naive2,26.001786729071164,4.763423873170309,0.9791666666666666,15.563549983057035,15.784005718270725,empirical,1.0
223,seasonal_naive,8.388767033722884,1.5351895141092,0.875,5.5229356418907125,7.514940233065378,analytic,0.32245484963713095
223,seasonal_naive,8.388767033722884,1.5351895141092,0.8958333333333334,5.328963516446817,6.432737101352481,empirical,0.32245484963713095
223,theta,26.328342458506132,4.810900624755696,0.7708333333333334,21.443590027756095,42.86677144331699,analytic,1.0112629554684642
223,theta,26.328342458506132,4.810900624755696,1.0,12.968518330558824,12.968518330558824,empirical,1.0112629554684642
224,naive,17.04044123385049,24.901340282948624,1.0,134.86241868599225,134.86241868599225,analytic,5.633603022514179
224,naive,17.04044123385049,24.901340282948624,0.875,3.9965562174236875,5.942200297840649,empirical,5.633603022514179
224,naive2,3.0412555846991927,4.396336184734586,0.4583333333333333,9.07347164007145,57.1026354550502,analytic,1.0
224,naive2,3.0412555846991927,4.396336184734586,0.3333333333333333,17.956768790261215,30.187905417984087,empirical,1.0
224,seasonal_naive,1.0826739666600549,1.5245718540580784,0.3333333333333333,2.33693144906104,20.19506419354482,analytic,0.35138904107495733
224,seasonal_naive,1.0826739666600549,1.5245718540580784,0.9583333333333334,1.66105733432615,1.6610573343261916,empirical,0.35138904107495733
224,theta,3.2108763367177424,4.19194844894637,0.5625,9.07347164007145,62.41985779609687,analytic,1.0046413971983785
224,theta,3.2108763367177424,4.19194844894637,0.4791666666666667,4.259633809274819,12.727532408296302,empirical,1.0046413971983785
225,naive,15.660920768599215,22.496453900709213,0.9375,111.38751097493297,114.38580767622224,analytic,6.266640909083505
225,naive,15.660920768599215,22.496453900709213,0.7291666666666666,3.062529550827426,11.421867612293077,empirical,6.266640909083505
225,naive2,2.44335013513056,3.6736868874924227,0.6666666666666666,9.948797609556355,33.95727841650025,analytic,1.0
225,naive2,2.44335013513056,3.6736868874924227,0.8958333333333334,16.69394784989511,17.29863606821757,empirical,1.0
225,seasonal_naive,1.0448660561326772,1.505910165484633,0.4375,2.562377327707453,15.349141679327252,analytic,0.41877729345854353
225,seasonal_naive,1.0448660561326772,1.505910165484633,0.9791666666666666,1.9492316784870143,2.5638888888889033,empirical,0.41877729345854353
225,theta,2.6396931431643544,3.5144409851995166,0.6875,9.948797609556355,35.777304455175035,analytic,1.0185052034337285
225,theta,2.6396931431643544,3.5144409851995166,0.9166666666666666,4.115273131908569,5.624532379119727,empirical,1.0185052034337285
226,naive,15.37181771606001,19.224115755627004,0.9791666666666666,94.78746947094687,95.25643730827886,analytic,7.212653540575008
226,naive,15.37181771606001,19.224115755627004,0.75,3.2886655948553103,9.985128617363337,empirical,7.212653540575008
226,naive2,2.045148465819389,2.7824456327681575,0.7916666666666666,9.794673511728073,19.33712393410208,analytic,1.0
226,naive2,2.045148465819389,2.7824456327681575,0.3541666666666667,12.63097810070595,37.40241463355462,empirical,1.0
226,seasonal_naive,0.3985681043419205,0.48906752411575233,1.0,2.522681667042984,2.522681667042984,analytic,0.1853268108400622
226,seasonal_naive,0.3985681043419205,0.48906752411575233,0.6458333333333334,2.096093247588432,7.087090032154317,empirical,0.1853268108400622
226,theta,2.0489154346239267,2.4691841845418323,0.8333333333333334,9.794673511728073,19.4576913553657,analytic,0.9446284871496156
226,theta,2.0489154346239267,2.4691841845418323,0.625,3.2176702827609374,12.803446962757908,empirical,0.9446284871496156
227,naive,22.012732614714917,19.42517985611511,0.7916666666666666,72.19926752858974,157.69924969209228,analytic,1.1147765227786484
227,naive,22.012732614714917,19.42517985611511,0.08333333333333333,9.972122302158278,375.1505395683452,empirical,1.1147765227786484
227,naive2,19.77825001656103,17.397091538710153,0.4375,24.856449648977105,343.77841500016325,analytic,1.0
227,naive2,19.77825001656103,17.397091538710153,0.22916666666666666,17.8390671829439,313.8336720626705,empirical,1.0
227,seasonal_naive,5.444891910787933,4.966187050359713,0.375,6.4019397647271035,97.54869096369353,analytic,0.28037885736339235
227,seasonal_naive,5.444891910787933,4.966187050359713,0.5416666666666666,6.1048561151079195,80.8688848920863,empirical,0.28037885736339235
227,theta,19.96966771487262,17.446782650517164,0.4375,24.856449648977105,355.0806779558338,analytic,1.0062672401601191
227,theta,19.96966771487262,17.446782650517164,0.14583333333333334,10.063455719877597,330.5343753895744,empirical,1.0062672401601191
228,naive,17.68701577710833,24.420957215373463,0.9166666666666666,117.15589119113972,120.39953847159902,analytic,7.633241472123098
228,naive,17.68701577710833,24.420957215373463,0.9791666666666666,2.7715736040609213,3.026105873821587,empirical,7.633241472123098
228,naive2,2.1812450079894354,3.411794692623947,0.8125,12.466131937212516,22.652868491722504,analytic,1.0
228,naive2,2.1812450079894354,3.411794692623947,1.0,18.938122041032265,18.938122041032265,empirical,1.0
228,seasonal_naive,0.2631151138425413,0.3535170413342971,1.0,3.2107331050176557,3.2107331050176557,analytic,0.11212113467826978
228,seasonal_naive,0.2631151138425413,0.3535170413342971,0.4375,2.8748005801305347,18.88205221174743,empirical,0.11212113467826978
228,theta,1.8391326191225965,2.603811217959456,0.875,12.466131937212516,16.689326634871723,analytic,0.8031683120081667
228,theta,1.8391326191225965,2.603811217959456,0.8125,4.351254230893864,5.514222847320215,empirical,0.8031683120081667
229,naive,15.315334507378983,3.681655747468732,0.8958333333333334,21.305058916289738,23.588103100616,analytic,0.8538447669626978
229,naive,15.315334507378983,3.681655747468732,0.8541666666666666,14.309562239428232,15.415220369267415,empirical,0.8538447669626978
229,naive2,17.899276419475072,4.320940308272037,0.8958333333333334,21.401840274113663,25.095307655503046,analytic,1.0
229,naive2,17.899276419475072,4.320940308272037,0.9791666666666666,15.953884737298397,16.117064557694803,empirical,1.0
229,seasonal_naive,6.418344617032817,1.5260869565217394,0.875,5.512182722154163,7.113650866516284,analytic,0.35588261381451347
229,seasonal_naive,6.418344617032817,1.5260869565217394,0.8541666666666666,5.154434187016083,6.501664681357951,empirical,0.35588261381451347
229,theta,19.636713554190376,4.641952308218576,0.8125,21.40184027411366,43.307993717360894,analytic,1.0856798067398725
229,theta,19.636713554190376,4.641952308218576,1.0,13.244614091120326,13.244614091120326,empirical,1.0856798067398725
230,naive,16.824327157694864,20.388489208633096,0.9791666666666666,98.87193823512393,99.43275245687788,analytic,6.512483427315612
230,naive,16.824327157694864,20.388489208633096,0.8541666666666666,3.367491007194248,6.640872302158257,empirical,6.512483427315612
230,naive2,2.490250618151257,3.252328976371582,0.7708333333333334,10.219617167813794,21.714598953994717,analytic,1.0
230,naive2,2.490250618151257,3.252328976371582,0.875,14.375684087361016,15.621938642580474,empirical,1.0
230,seasonal_naive,0.5531574838051746,0.6546762589928035,0.9375,2.632128660804434,2.7122255834475895,analytic,0.21171192111101478
230,seasonal_naive,0.5531574838051746,0.6546762589928035,0.8541666666666666,2.4012589928057633,4.1782374100719455,empirical,0.21171192111101478
230,theta,2.4449353549745427,2.831100653255679,0.8333333333333334,10.219617167813794,23.048037575314577,analytic,0.9261435140000924
230,theta,2.4449353549745427,2.831100653255679,0.7083333333333334,3.9935971323399433,8.512991335568275,empirical,0.9261435140000924
231,naive,16.140086990802114,21.616071428571423,1.0,107.19564447797094,107.19564447797094,analytic,6.575889007189543
231,naive,16.140086990802114,21.616071428571423,1.0,2.3504464285714346,2.3504464285714346,empirical,6.575889007189543
231,naive2,2.3466645441794043,3.4453996302224854,0.8125,11.042861440385334,26.597910530431115,analytic,1.0
231,naive2,2.3466645441794043,3.4453996302224854,0.9791666666666666,16.82882117917606,16.873736343832594,empirical,1.0
231,seasonal_naive,0.7286783769542406,0.9642857142857151,0.8958333333333334,2.8441605607373637,3.937913667646336,analytic,0.29519646933072796
231,seasonal_naive,0.7286783769542406,0.9642857142857151,1.0,2.492410714285721,2.492410714285721,empirical,0.29519646933072796
231,theta,2.220834959851856,2.8361033957105715,0.8541666666666666,11.042861440385334,21.656942474058223,analytic,0.8847679878093337
231,theta,2.220834959851856,2.8361033957105715,0.9791666666666666,3.7269459296888616,3.804499983377247,empirical,0.8847679878093337
232,naive,13.906110646791003,28.292191435768263,1.0,178.53648102781864,178.53648102781864,analytic,15.860725566812711
232,naive,13.906110646791003,28.292191435768263,0.6666666666666666,5.159886649874066,18.32361460957159,empirical,15.860725566812711
232,naive2,0.9009658116648347,1.7371261074191466,1.0,23.8634384499134,23.8634384499134,analytic,1.0
232,naive2,0.9009658116648347,1.7371261074191466,0.9375,19.085819492694345,20.025169415884427,empirical,1.0
232,seasonal_naive,1.4205211429573676,2.799748110831236,0.7916666666666666,6.146183292186519,15.437970155209543,analytic,1.594188756035273
232,seasonal_naive,1.4205211429573676,2.799748110831236,0.875,5.6670340050378,8.859729219143533,empirical,1.594188756035273
232,theta,1.3394936360574172,2.5430474447737716,1.0,23.8634384499134,23.8634384499134,analytic,1.4753351346998618
232,theta,1.3394936360574172,2.5430474447737716,0.8333333333333334,6.031716651620784,11.981523161951806,empirical,1.4753351346998618
233,naive,15.118783994334658,23.237499999999997,0.9791666666666666,132.28878132254476,132.33927975821538,analytic,8.820601070741144
233,naive,15.118783994334658,23.237499999999997,0.6458333333333334,4.687222222222218,13.462222222222268,empirical,8.820601070741144
233,naive2,1.698425156515784,2.6588886962285834,0.9375,13.342974088446264,16.19212324219996,analytic,1.0
233,naive2,1.698425156515784,2.6588886962285834,0.9166666666666666,14.717920652071978,15.252029704742082,empirical,1.0
233,seasonal_naive,0.8999483611713167,1.3541666666666674,0.7708333333333334,3.4365694861036973,9.077005971663667,analytic,0.519585120230238
233,seasonal_naive,0.8999483611713167,1.3541666666666674,1.0,2.8446527777777875,2.8446527777777875,empirical,0.519585120230238
233,theta,2.0006230156856275,2.9021941380223577,0.875,13.342974088446264,19.382546676848143,analytic,1.134717358286644
233,theta,2.0006230156856275,2.9021941380223577,0.875,4.107164734687264,5.452537853270906,empirical,1.134717358286644
234,naive,15.90252959176077,26.80772994129159,1.0,157.11280685584538,157.11280685584538,analytic,7.395601308759317
234,naive,15.90252959176077,26.80772994129159,0.7083333333333334,4.275880626223098,19.730870841487388,empirical,7.395601308759317
234,naive2,2.1518915268921637,3.6220892090960937,0.8333333333333334,13.73704858895687,26.785664270160208,analytic,1.0
234,naive2,2.1518915268921637,3.6220892090960937,0.9166666666666666,18.919509157826155,20.162455576654946,empirical,1.0
234,seasonal_naive,0.8377327639548021,1.3546966731898231,0.8541666666666666,3.5380659287055742,7.475582142930451,analytic,0.38165519767987516
234,seasonal_naive,0.8377327639548021,1.3546966731898231,1.0,2.768542074364004,2.768542074364004,empirical,0.38165519767987516
234,theta,2.4421587354154606,3.831146953243751,0.75,13.73704858895687,32.39880701278728,analytic,1.0963033893203562
234,theta,2.4421587354154606,3.831146953243751,0.9791666666666666,4.746295479317792,5.210772944547233,empirical,1.0963033893203562
235,naive,18.150527603089564,32.19111570247934,0.9166666666666666,150.28137321704463,159.7504450485982,analytic,26.119959976444942
235,naive,18.150527603089564,32.19111570247934,0.5,5.880216942148769,17.241787190082654,empirical,26.119959976444942
235,naive2,0.6864970124555372,1.2476895939132489,1.0,14.84608366164784,14.84608366164784,analytic,1.0
235,naive2,0.6864970124555372,1.2476895939132489,0.9166666666666666,19.426055406368302,21.156928687903317,empirical,1.0
235,seasonal_naive,0.7693837698360507,1.329545454545454,0.8958333333333334,3.82370510214358,5.541344267769375,analytic,1.093172325202311
235,seasonal_naive,0.7693837698360507,1.329545454545454,1.0,3.243285123966952,3.243285123966952,empirical,1.093172325202311
235,theta,0.6246524787493876,1.1138849700987277,1.0,14.84608366164784,14.84608366164784,analytic,0.9013354851899753
235,theta,0.6246524787493876,1.1138849700987277,0.8125,3.9711142113072624,6.995799465428306,empirical,0.9013354851899753
236,naive,26.296641472786735,63.6961932650073,0.9375,303.0062427030566,322.4604204993395,analytic,20.27221510265303
236,naive,26.296641472786735,63.6961932650073,0.7291666666666666,10.950549048316256,23.684077598828758,empirical,20.27221510265303
236,naive2,1.3412441069214611,3.042093788241505,0.9375,20.97707210651789,27.4265839313185,analytic,1.0
236,naive2,1.3412441069214611,3.042093788241505,0.75,37.879105443350056,58.734135018611,empirical,1.0
236,seasonal_naive,0.43972826783532415,1.113469985358716,0.9583333333333334,5.402780926591074,6.610565976784243,analytic,0.3469359802006037
236,seasonal_naive,0.43972826783532415,1.113469985358716,0.7083333333333334,4.563799414348484,19.695571010248994,empirical,0.3469359802006037
236,theta,1.2936266432741867,2.936205502646496,0.9375,20.97707210651789,25.277729421844814,analytic,0.9648449209873504
236,theta,1.2936266432741867,2.936205502646496,0.8125,6.200136452394445,17.154018800744804,empirical,0.9648449209873504
237,naive,24.685876715937237,40.90709046454767,0.9583333333333334,194.22940866437037,197.63081549796888,analytic,21.11942323370763
237,naive,24.685876715937237,40.90709046454767,0.25,8.217176039119808,45.81864303178464,empirical,21.11942323370763
237,naive2,1.1489466669751158,1.9711232912792938,0.9375,13.397474249050903,14.06157784555521,analytic,1.0
237,naive2,1.1489466669751158,1.9711232912792938,0.9166666666666666,21.331438233661483,22.082948277166583,empirical,1.0
237,seasonal_naive,0.99469850353149,1.7163814180929078,0.5416666666666666,3.4506063558210456,17.874895463241955,analytic,0.8682556452835959
237,seasonal_naive,0.99469850353149,1.7163814180929078,1.0,3.099022004889982,3.099022004889982,empirical,0.8682556452835959
237,theta,1.1255540506483304,1.7178697749600171,0.9791666666666666,13.397474249050903,13.502369627489388,analytic,0.9255790608036742
237,theta,1.1255540506483304,1.7178697749600171,0.875,3.7530946862440935,4.749975310616221,empirical,0.9255790608036742
238,naive,15.871871767820092,23.444486692015214,1.0,124.51890553485298,124.51890553485298,analytic,4.699345866285201
238,naive,15.871871767820092,23.444486692015214,1.0,5.271673003802286,5.271673003802286,empirical,4.699345866285201
238,naive2,3.401229764946507,4.954265631358044,0.5208333333333334,10.726395721020229,58.156521684881916,analytic,1.0
238,naive2,3.401229764946507,4.954265631358044,0.5,17.717622517949053,45.496494349316634,empirical,1.0
238,seasonal_naive,1.4765090097473816,2.0908745247148275,0.16666666666666666,2.7626527628986586,34.02818629536381,analytic,0.4280727738583967
238,seasonal_naive,1.4765090097473816,2.0908745247148275,0.875,2.1160836501901277,3.717604562737591,empirical,0.4280727738583967
238,theta,3.751856674764483,4.897292638398207,0.5625,10.726395721020227,74.92688933123954,analytic,1.045794244729497
238,theta,3.751856674764483,4.897292638398207,0.3958333333333333,5.080203644781305,17.719379125531958,empirical,1.045794244729497
239,naive,6.179164986250371,0.6085662577920774,0.9791666666666666,13.477016096919842,13.972818625044718,analytic,0.9453368310663885
239,naive,6.179164986250371,0.6085662577920774,0.8958333333333334,3.381973657751859,5.1167011864066,empirical,0.9453368310663885
239,naive2,6.521052951563082,0.6452814838671616,1.0,21.644356342250443,21.644356342250443,analytic,1.0
239,naive2,6.521052951563082,0.6452814838671616,0.8958333333333334,3.4325765843220255,4.749800873401373,empirical,1.0
239,seasonal_naive,9.179953687419177,0.898733159058918,1.0,5.574644307863931,5.574644307863931,analytic,1.4002589675706623
239,seasonal_naive,9.179953687419177,0.898733159058918,0.8125,3.4951387492459287,5.09811482002815,empirical,1.4002589675706623
239,theta,6.104062664621738,0.6002083016894544,1.0,21.644356342250443,21.644356342250443,analytic,0.9331021710762919
239,theta,6.104062664621738,0.6002083016894544,0.8333333333333334,2.3613766972134753,4.19116051955956,empirical,0.9331021710762919
240,naive,10.924407477207133,110.99242424242408,1.0,707.1299757998795,707.1299757998795,analytic,28.36986915336668
240,naive,10.924407477207133,110.99242424242408,0.875,11.616287878787945,26.97992424242403,empirical,28.36986915336668
240,naive2,0.3946228677751772,3.8198723237012016,1.0,39.48794304436028,39.48794304436028,analytic,1.0
240,naive2,0.3946228677751772,3.8198723237012016,1.0,68.83546381503739,68.83546381503739,empirical,1.0
240,seasonal_naive,0.24054370770926117,2.462121212121212,0.7708333333333334,10.170375752490987,17.372483114800243,analytic,0.6270546420160259
240,seasonal_naive,0.24054370770926117,2.462121212121212,0.7083333333333334,8.213636363636429,41.698484848485194,empirical,0.6270546420160259
240,theta,0.4029578178433273,3.8875074041897855,1.0,39.48794304436028,39.48794304436028,analytic,1.0194137077723107
240,theta,0.4029578178433273,3.8875074041897855,0.8125,10.76506942786092,22.902735543065663,empirical,1.0194137077723107
241,naive,17.19520506891975,73.0608552631579,0.8958333333333334,333.07808437517303,386.3450671547272,analytic,13.944917581496735
241,naive,17.19520506891975,73.0608552631579,0.875,14.817434210526336,31.110197368420977,empirical,13.944917581496735
241,naive2,1.200845643921491,5.383764725021734,0.9791666666666666,32.812660782962496,34.264774000527915,analytic,1.0
241,naive2,1.200845643921491,5.383764725021734,0.9166666666666666,53.503028243702644,57.88067361552988,empirical,1.0
241,seasonal_naive,0.18477191207921861,0.8338815789473724,1.0,8.451113526649356,8.451113526649356,analytic,0.15437817649386987
241,seasonal_naive,0.18477191207921861,0.8338815789473724,1.0,6.831414473684247,6.831414473684247,empirical,0.15437817649386987
241,theta,1.1656436914787154,5.211867955412155,0.9791666666666666,32.8126607829625,34.29050020664207,analytic,0.969378483820964
241,theta,1.1656436914787154,5.211867955412155,0.5625,11.389018670865894,42.757591269534785,empirical,0.969378483820964
242,naive,15.721686196842514,18.95963855421687,0.9166666666666666,94.70995538559121,101.69496643398584,analytic,4.383682070192142
242,naive,15.721686196842514,18.95963855421687,0.8958333333333334,2.5250150602409707,3.887665662650622,empirical,4.383682070192142
242,naive2,3.443228349014687,4.512704479103825,0.4791666666666667,8.724882331264286,66.58586057777792,analytic,1.0
242,naive2,3.443228349014687,4.512704479103825,0.7916666666666666,15.37581205748824,17.684809228874396,empirical,1.0
242,seasonal_naive,1.0129227461620856,1.1981927710843392,0.4375,2.247150012487184,10.340216123027965,analytic,0.2798468302779513
242,seasonal_naive,1.0129227461620856,1.1981927710843392,1.0,1.9717319277108525,1.9717319277108525,empirical,0.2798468302779513
242,theta,3.2550235650932304,3.820088057408886,0.5625,8.724882331264284,40.12712008491648,analytic,0.8959295772726648
242,theta,3.2550235650932304,3.820088057408886,0.75,4.348893188937593,6.939470027878657,empirical,0.8959295772726648
243,naive,13.650070561909786,0.9258696764292107,0.9583333333333334,5.217460495868509,5.248216418024396,analytic,1.009249883222858
243,naive,13.650070561909786,0.9258696764292107,0.9375,2.4531805537792555,2.5367270431001403,empirical,1.009249883222858
243,naive2,13.520100871099075,0.9177142296462547,1.0,21.09926205204112,21.09926205204112,analytic,1.0
243,naive2,13.520100871099075,0.9177142296462547,0.9166666666666666,2.496191411767539,2.5411690718902653,empirical,1.0
243,seasonal_naive,12.42991063553595,0.848557999744213,1.0,5.434251739283228,5.434251739283228,analytic,0.9220040934925058
243,seasonal_naive,12.42991063553595,0.848557999744213,0.8125,2.7536985228290067,3.7213414439186603,empirical,0.9220040934925058
243,theta,10.13810016053413,0.7008484187835303,1.0,21.09926205204112,21.09926205204112,analytic,0.7567715276237288
243,theta,10.13810016053413,0.7008484187835303,0.8333333333333334,2.07295339726554,2.4156387233958565,empirical,0.7567715276237288
244,naive,16.506741158683376,20.511385199240987,1.0,102.76401392781082,102.76401392781082,analytic,6.935542652435631
244,naive,16.506741158683376,20.511385199240987,0.9583333333333334,3.1007590132827376,3.322770398481987,empirical,6.935542652435631
244,naive2,2.3016788311001344,3.061640191274196,0.8333333333333334,11.803301606442991,18.732305807140552,analytic,1.0
244,naive2,2.3016788311001344,3.061640191274196,1.0,15.07887862072872,15.07887862072872,empirical,1.0
244,seasonal_naive,0.5062656472855775,0.6290322580645156,1.0,3.040016855845068,3.040016855845068,analytic,0.21270545938334048
244,seasonal_naive,0.5062656472855775,0.6290322580645156,0.9791666666666666,2.820161290322587,3.042172675521819,empirical,0.21270545938334048
244,theta,2.2724061641145115,2.663714018064522,0.8333333333333334,11.803301606442991,20.825244370292165,analytic,0.9286552348385034
244,theta,2.2724061641145115,2.663714018064522,0.9791666666666666,4.446986435842123,4.478640191209561,empirical,0.9286552348385034
245,naive,14.113011455095748,17.54755944931164,1.0,91.36138761996409,91.36138761996409,analytic,3.949594804738794
245,naive,14.113011455095748,17.54755944931164,0.8125,2.3728254067584578,5.691974342928652,empirical,3.949594804738794
245,naive2,3.4773555485016456,4.56891252959817,0.4791666666666667,8.60874405137718,66.98832476810675,analytic,1.0
245,naive2,3.4773555485016456,4.56891252959817,0.25,14.703097539132372,28.193496162955892,empirical,1.0
245,seasonal_naive,0.9013898274282064,1.0738423028786002,0.625,2.217237845515776,8.871320962952122,analytic,0.24712470309452433
245,seasonal_naive,0.9013898274282064,1.0738423028786002,0.9375,1.8798341677096453,3.344164580725919,empirical,0.24712470309452433
245,theta,3.399422974567428,3.9936107403829593,0.5625,8.608744051377178,53.78506196946966,analytic,0.9258359914359526
245,theta,3.399422974567428,3.9936107403829593,0.3125,3.8838778836017793,14.514773247471615,empirical,0.9258359914359526
246,naive,32.62160469002131,5.086306735927788,0.8333333333333334,21.51634853947455,36.440435065118,analytic,0.886171668788341
246,naive,32.62160469002131,5.086306735927788,0.8333333333333334,14.602416333134634,18.630943966618414,empirical,0.886171668788341
246,naive2,37.36877810620494,5.655353124381838,0.7916666666666666,21.54301743583232,44.730554513896365,analytic,1.0
246,naive2,37.36877810620494,5.655353124381838,1.0,15.419876478596958,15.419876478596958,empirical,1.0
246,seasonal_naive,9.604504905698038,1.5426637145533513,0.8541666666666666,5.54854381548171,7.711054581380903,analytic,0.26489944283898803
246,seasonal_naive,9.604504905698038,1.5426637145533513,0.8125,5.393926168781403,7.389923784382181,empirical,0.26489944283898803
246,theta,27.886297510335417,4.473277235585988,0.8541666666666666,21.54301743583232,25.403316334748457,analytic,0.7686134831611435
246,theta,27.886297510335417,4.473277235585988,0.9791666666666666,13.4784947967075,13.520606612490019,empirical,0.7686134831611435
247,naive,15.315180128296877,4.068365993811697,0.9375,21.47865573242305,22.440328125020724,analytic,0.8356213208635159
247,naive,15.315180128296877,4.068365993811697,0.875,14.060284367172533,15.31297333136878,empirical,0.8356213208635159
247,naive2,18.522819161333707,4.817970212664532,0.875,21.8583421705364,28.761545662023764,analytic,1.0
247,naive2,18.522819161333707,4.817970212664532,1.0,15.760546042523677,15.760546042523677,empirical,1.0
247,seasonal_naive,5.216372430765692,1.384853396198615,0.9166666666666666,5.6297577453233405,7.968789708957404,analytic,0.28452686810690886
247,seasonal_naive,5.216372430765692,1.384853396198615,0.875,5.359555031678209,6.853587741270072,empirical,0.28452686810690886
247,theta,14.569982320092292,3.9073534085432873,0.8958333333333334,21.858342170536403,26.162118348520426,analytic,0.7987960645566667
247,theta,14.569982320092292,3.9073534085432873,1.0,13.41809868102804,13.41809868102804,empirical,0.7987960645566667
248,naive,24.642378471184575,4.284656624968088,1.0,21.27646378552212,21.27646378552212,analytic,0.8238470499851296
248,naive,24.642378471184575,4.284656624968088,0.8958333333333334,14.301742404901711,16.1669453663518,empirical,0.8238470499851296
248,naive2,29.23692595271115,5.323593819892847,0.8541666666666666,21.32033182019768,30.458600087588575,analytic,1.0
248,naive2,29.23692595271115,5.323593819892847,1.0,16.46695497050224,16.46695497050224,empirical,1.0
248,seasonal_naive,9.313989302591125,1.5665049782997194,0.8958333333333334,5.491189691385277,7.222452305795015,analytic,0.3064132105370989
248,seasonal_naive,9.313989302591125,1.5665049782997194,0.875,5.3078631605820785,7.428618840949705,empirical,0.3064132105370989
248,theta,25.483370390980188,4.349930001427857,0.875,21.320331820197673,32.4065199988562,analytic,0.8443599832523055
248,theta,25.483370390980188,4.349930001427857,1.0,13.086051972125025,13.086051972125025,empirical,0.8443599832523055
249,naive,15.750494752426194,21.33259911894273,0.8958333333333334,100.06024285881618,111.73675386164024,analytic,8.510614341451255
249,naive,15.750494752426194,21.33259911894273,0.8958333333333334,2.9257158590308454,4.471971365638792,empirical,8.510614341451255
249,naive2,1.7559045798980575,2.6496136478624974,0.8333333333333334,11.822831840954763,18.77844826094679,analytic,1.0
249,naive2,1.7559045798980575,2.6496136478624974,0.875,14.912164889046798,15.944991335299731,empirical,1.0
249,seasonal_naive,0.5894515410073642,0.8017621145374453,0.9583333333333334,3.0450469943685348,3.5082582903234045,analytic,0.31914632673012533
249,seasonal_naive,0.5894515410073642,0.8017621145374453,0.9583333333333334,2.883480176211458,3.39889867841409,empirical,0.31914632673012533
249,theta,1.4975640164663175,2.0317173016966694,0.9166666666666666,11.822831840954763,13.89980265399544,analytic,0.8098354007330409
249,theta,1.4975640164663175,2.0317173016966694,0.875,3.500106985118632,4.918340350633995,empirical,0.8098354007330409
250,naive,14.67359262734534,16.900763358778626,0.8958333333333334,80.9613601873444,90.75234984995424,analytic,5.124328071217853
250,naive,14.67359262734534,16.900763358778626,1.0,2.7263358778626,2.7263358778626,empirical,5.124328071217853
250,naive2,2.7279686718308205,3.4705882589379264,0.6041666666666666,8.584282700180884,40.95635120650366,analytic,1.0
250,naive2,2.7279686718308205,3.4705882589379264,0.8333333333333334,13.74759202149282,14.172844203002919,empirical,1.0
250,seasonal_naive,0.7905595262763717,0.9160305343511437,0.8125,2.210937665919183,4.012413194845156,analytic,0.2768694376998664
250,seasonal_naive,0.7905595262763717,0.9160305343511437,0.9166666666666666,1.873854961832068,2.079961832061132,empirical,0.2768694376998664
250,theta,2.5044380665647794,2.8475027880326635,0.7291666666666666,8.584282700180884,23.624418349669863,analytic,0.8692632935039697
250,theta,2.5044380665647794,2.8475027880326635,0.9583333333333334,3.8540034121189084,3.92365785049649,empirical,0.8692632935039697
251,naive,16.209721683750686,18.497457627118646,0.875,82.4234621769465,94.21342650383785,analytic,5.772204542760396
251,naive,16.209721683750686,18.497457627118646,0.9166666666666666,3.7980932203389934,4.833686440677974,empirical,5.772204542760396
251,naive2,2.6484651830212096,3.410305669222805,0.75,10.722941994344529,31.753984692166163,analytic,1.0
251,naive2,2.6484651830212096,3.410305669222805,0.6458333333333334,13.186996812390143,17.132822662617716,empirical,1.0
251,seasonal_naive,1.139326159621276,1.2889830508474556,0.875,2.7617632332009947,5.11159243833414,analytic,0.40407528300280793
251,seasonal_naive,1.139326159621276,1.2889830508474556,1.0,2.5013983050847504,2.5013983050847504,empirical,0.40407528300280793
251,theta,2.3932278510817846,2.6669402850087116,0.8541666666666666,10.722941994344529,18.97000528644841,analytic,0.8428260173847207
251,theta,2.3932278510817846,2.6669402850087116,0.7291666666666666,3.5504100977373385,5.158581801949957,empirical,0.8428260173847207
252,naive,17.799046035963876,26.781294452347083,1.0,156.99968970461248,156.99968970461248,analytic,4.222472171656749
252,naive,17.799046035963876,26.781294452347083,0.625,3.6600640113798093,13.063335704125187,empirical,4.222472171656749
252,naive2,4.204497698582512,6.358921355400474,0.4375,11.704818388530096,91.71974313401361,analytic,1.0
252,naive2,4.204497698582512,6.358921355400474,0.5416666666666666,22.460783695659387,31.11081631868698,empirical,1.0
252,seasonal_naive,0.6723093116965214,0.9569701280227613,0.8541666666666666,3.0146518645523304,3.868440753721536,analytic,0.1551974668877629
252,seasonal_naive,0.6723093116965214,0.9569701280227613,1.0,2.7238975817923277,2.7238975817923277,empirical,0.1551974668877629
252,theta,4.255244568651819,5.71256763062463,0.5208333333333334,11.704818388530096,83.41410817606831,analytic,0.9552122399778435
252,theta,4.255244568651819,5.71256763062463,0.5833333333333334,5.749590935506306,12.942024230045611,empirical,0.9552122399778435
253,naive,6.032950631725906,6.087340345604812,0.8125,28.128187395949492,33.84382848157663,analytic,0.8569862773048132
253,naive,6.032950631725906,6.087340345604812,0.75,16.774614951164533,19.089415852742313,empirical,0.8569862773048132
253,naive2,7.010456667165641,7.132977965878603,0.7708333333333334,27.045102293628553,52.10791922971265,analytic,1.0
253,naive2,7.010456667165641,7.132977965878603,1.0,18.786703802857016,18.786703802857016,empirical,1.0
253,seasonal_naive,1.6661283793894242,1.6628474830954165,0.875,6.965641443560629,15.21977084327372,analytic,0.23539219500623176
253,seasonal_naive,1.6661283793894242,1.6628474830954165,0.8541666666666666,7.524201728024045,16.10947595792636,empirical,0.23539219500623176
253,theta,5.450161920107019,5.463963819181016,0.9791666666666666,27.045102293628553,27.82871601711173,analytic,0.7717238101725257
253,theta,5.450161920107019,5.463963819181016,0.9583333333333334,15.049739224580645,15.274598478388821,empirical,0.7717238101725257
254,naive,18.8743099951726,4.341312353531972,0.8125,21.229984373929376,36.83210093689659,analytic,0.8817978267433995
254,naive,18.8743099951726,4.341312353531972,0.6041666666666666,14.072706729159693,20.54006528289254,empirical,0.8817978267433995
254,naive2,21.190575344920408,4.973424420988142,0.7916666666666666,21.393889762797837,44.73545355283625,analytic,1.0
254,naive2,21.190575344920408,4.973424420988142,0.9791666666666666,16.911865984636993,17.038079576870004,empirical,1.0
254,seasonal_naive,6.96836627179302,1.5297957817207901,0.8541666666666666,5.5101350164173635,8.97360864800185,analytic,0.31821838333566543
254,seasonal_naive,6.96836627179302,1.5297957817207901,0.875,5.081293940408438,6.856988617341817,empirical,0.31821838333566543
254,theta,20.127884722484175,4.681164987025436,0.8125,21.393889762797837,40.73222446567371,analytic,0.9455432820492509
254,theta,20.127884722484175,4.681164987025436,1.0,13.369601454818463,13.369601454818463,empirical,0.9455432820492509
255,naive,18.28526387908413,32.27164366373904,1.0,208.65626911743908,208.65626911743908,analytic,13.596766154621967
255,naive,18.28526387908413,32.27164366373904,0.7708333333333334,6.724686323713937,12.449905897114254,empirical,13.596766154621967
255,naive2,1.3362910784885018,2.3887335134471583,0.9791666666666666,24.61889764502962,27.81656233740463,analytic,1.0
255,naive2,1.3362910784885018,2.3887335134471583,1.0,23.290778658581548,23.290778658581548,empirical,1.0
255,seasonal_naive,0.6618393245470099,1.1988707653701443,1.0,6.340756705933983,6.340756705933983,analytic,0.4985831646038618
255,seasonal_naive,0.6618393245470099,1.1988707653701443,0.9791666666666666,6.029830614805537,6.4702321204516915,empirical,0.4985831646038618
255,theta,1.3020015024451845,2.3065322926363576,0.9791666666666666,24.61889764502962,27.885011965304727,analytic,0.969963844398072
255,theta,1.3020015024451845,2.3065322926363576,0.9791666666666666,8.849424676406882,8.875074791555505,empirical,0.969963844398072
256,naive,14.974192662643285,19.95661157024794,1.0,101.84733089094998,101.84733089094998,analytic,6.137929611924791
256,naive,14.974192662643285,19.95661157024794,0.6041666666666666,2.832334710743808,9.73522727272734,empirical,6.137929611924791
256,naive2,2.4460999299707087,3.242763452046176,0.625,8.686382015994795,31.095601996955953,analytic,1.0
256,naive2,2.4460999299707087,3.242763452046176,0.625,13.592495499518808,20.741006656359172,empirical,1.0
256,seasonal_naive,1.345460046162847,1.7995867768595042,0.14583333333333334,2.237234006671427,31.121401597743446,analytic,0.5524988235946321
256,seasonal_naive,1.345460046162847,1.7995867768595042,0.9166666666666666,1.8674070247933998,2.834349173553691,empirical,0.5524988235946321
256,theta,2.728824373317529,3.295176766061642,0.6875,8.686382015994795,42.08474703897425,analytic,1.0658724427213584
256,theta,2.728824373317529,3.295176766061642,0.5625,3.6060980681586376,8.882909697416878,empirical,1.0658724427213584
257,naive,13.73401554479343,18.16383989145183,1.0,98.93575473322798,98.93575473322798,analytic,5.091531895171048
257,naive,13.73401554479343,18.16383989145183,0.9375,3.0056987788331164,3.7729986431479228,empirical,5.091531895171048
257,naive2,2.728728143288103,3.526997535054095,0.625,9.14425332987493,32.224420524079804,analytic,1.0
257,naive2,2.728728143288103,3.526997535054095,0.5625,13.711424711490341,23.58658930649235,empirical,1.0
257,seasonal_naive,1.0870102460648359,1.3890773405698769,0.3958333333333333,2.355161732185412,14.282421250643813,analytic,0.39609957600151485
257,seasonal_naive,1.0870102460648359,1.3890773405698769,1.0,1.8666553595658206,1.8666553595658206,empirical,0.39609957600151485
257,theta,3.010826830268264,3.5790258395303938,0.6458333333333334,9.14425332987493,48.15304331412238,analytic,1.0590662295374602
257,theta,3.010826830268264,3.5790258395303938,0.6458333333333334,3.732315428408801,9.525982283813722,empirical,1.0590662295374602
258,naive,15.02528017968083,18.586876155268026,1.0,96.23098860653778,96.23098860653778,analytic,4.5269036462817525
258,naive,15.02528017968083,18.586876155268026,0.9583333333333334,2.7009242144177508,3.1815157116451145,empirical,4.5269036462817525
258,naive2,3.2411592870365333,4.207047032705569,0.5625,9.811245623356292,44.15807104907918,analytic,1.0
258,naive2,3.2411592870365333,4.207047032705569,0.3333333333333333,14.771565225957822,25.461236044516205,empirical,1.0
258,seasonal_naive,0.844303082082645,1.0212569316081326,0.6875,2.5269499218386753,5.173225777507925,analytic,0.2516216385288754
258,seasonal_naive,0.844303082082645,1.0212569316081326,1.0,2.1308225508317995,2.1308225508317995,empirical,0.2516216385288754
258,theta,3.2563095108279323,3.761819844306407,0.625,9.811245623356292,40.915345970050836,analytic,0.9494227078430033
258,theta,3.2563095108279323,3.761819844306407,0.3333333333333333,3.788154320481229,13.558698184865452,empirical,0.9494227078430033
259,naive,15.733550382808856,19.26730310262529,1.0,98.2288313882097,98.2288313882097,analytic,4.538870466874577
259,naive,15.733550382808856,19.26730310262529,0.8125,2.198985680190936,4.595763723150399,empirical,4.538870466874577
259,naive2,3.36293747548084,4.379702118799922,0.5833333333333334,10.472923926705926,46.08668051725183,analytic,1.0
259,naive2,3.36293747548084,4.379702118799922,0.5208333333333334,15.685851847382411,22.547860145302796,empirical,1.0
259,seasonal_naive,0.3782659550122892,0.4188544152744631,1.0,2.697369458880049,2.697369458880049,analytic,0.1040580915568551
259,seasonal_naive,0.3782659550122892,0.4188544152744631,0.75,2.421211217183774,5.655698090692112,empirical,0.1040580915568551
259,theta,3.1838334042319096,3.7117598805709764,0.7291666666666666,10.472923926705926,34.890250641075404,analytic,0.8971165889469018
259,theta,3.1838334042319096,3.7117598805709764,0.5208333333333334,4.152556827333669,18.322680691177894,empirical,0.8971165889469018
260,naive,37.11132110378776,22.57045980813761,0.75,74.58932071668099,213.74899914469296,analytic,1.017172368526762
260,naive,37.11132110378776,22.57045980813761,0.10416666666666667,18.529837909361568,384.8047304002644,empirical,1.017172368526762
260,naive2,36.638007371353225,22.097007485663116,0.5208333333333334,32.58310148698518,451.41092196973943,analytic,1.0
260,naive2,36.638007371353225,22.097007485663116,0.22916666666666666,22.562338964279387,331.04112887620664,empirical,1.0
260,seasonal_naive,9.775806341576686,6.147370162090637,0.3333333333333333,8.391989041614943,111.35345540165069,analytic,0.272510334305547
260,seasonal_naive,9.775806341576686,6.147370162090637,0.5,8.1651008931525,105.3103208733046,empirical,0.272510334305547
260,theta,36.745888422210086,22.06612415793987,0.5208333333333334,32.58310148698517,461.9876184905803,analytic,1.0007734435329616
260,theta,36.745888422210086,22.06612415793987,0.20833333333333334,16.39650203929228,338.7689619754163,empirical,1.0007734435329616
261,naive,12.70793250268832,43.682058047493406,1.0,342.78874743404566,342.78874743404566,analytic,7.470383365594076
261,naive,12.70793250268832,43.682058047493406,0.5208333333333334,8.407124010554098,60.68153034300812,empirical,7.470383365594076
261,naive2,1.699024486589493,5.854546063404828,0.9166666666666666,29.913000791950807,32.88855415163946,analytic,1.0
261,naive2,1.699024486589493,5.854546063404828,0.3958333333333333,33.42058413160108,93.66662914131237,empirical,1.0
261,seasonal_naive,0.38050786709730794,1.2862796833773076,1.0,7.704287295920572,7.704287295920572,analytic,0.2218314023697603
261,seasonal_naive,0.38050786709730794,1.2862796833773076,1.0,6.302770448548848,6.302770448548848,empirical,0.2218314023697603
261,theta,1.7612252228274912,5.726538031777461,0.8541666666666666,29.913000791950797,40.037827740678985,analytic,1.007372476266235
261,theta,1.7612252228274912,5.726538031777461,0.4166666666666667,7.453666717327281,60.24812801295372,empirical,1.007372476266235
262,naive,20.069926559307742,27.2462245567958,1.0,146.6219776118518,146.6219776118518,analytic,8.601626108028043
262,naive,20.069926559307742,27.2462245567958,0.9583333333333334,4.860275771503615,5.602889034799739,empirical,8.601626108028043
262,naive2,2.2781248394370177,3.2461458878134732,0.9375,13.18812720483963,14.68696143883391,analytic,1.0
262,naive2,2.2781248394370177,3.2461458878134732,0.625,17.701252315954704,24.140169605371344,empirical,1.0
262,seasonal_naive,0.2309097989735753,0.2816808929743905,1.0,3.3966876672758066,3.3966876672758066,analytic,0.09406676861155261
262,seasonal_naive,0.2309097989735753,0.2816808929743905,0.8541666666666666,3.0888870650032922,6.110554826001312,empirical,0.09406676861155261
262,theta,2.0367040834611383,2.5314347536394024,0.8541666666666666,13.18812720483963,21.329277007131452,analytic,0.8369271653259185
262,theta,2.0367040834611383,2.5314347536394024,0.625,3.626428233369801,9.778779871571079,empirical,0.8369271653259185
263,naive,10.422303305659005,33.059602649006635,1.0,203.44236762225404,203.44236762225404,analytic,23.066176717019687
263,naive,10.422303305659005,33.059602649006635,0.9375,6.350413907284793,9.514321192052927,empirical,23.066176717019687
263,naive2,0.457397412738506,1.416056032785803,0.9791666666666666,25.55095756982248,27.892882644927653,analytic,1.0
263,naive2,0.457397412738506,1.416056032785803,0.9375,21.770803507985615,23.141252852060315,empirical,1.0
263,seasonal_naive,0.22315547355035312,0.7102649006622471,1.0,6.580814782606433,6.580814782606433,analytic,0.4947302923090959
263,seasonal_naive,0.22315547355035312,0.7102649006622471,1.0,6.143791390728506,6.143791390728506,empirical,0.4947302923090959
263,theta,0.4436147189564559,1.3721523398635318,0.9791666666666666,25.55095756982248,27.912746012503607,analytic,0.9694314652823286
263,theta,0.4436147189564559,1.3721523398635318,0.9791666666666666,7.273686266465284,7.377801283901192,empirical,0.9694314652823286
264,naive,23.673518003904427,36.25829383886256,1.0,178.27291590005908,178.27291590005908,analytic,9.533787629252501
264,naive,23.673518003904427,36.25829383886256,0.6666666666666666,6.973637440758305,20.712973933649053,empirical,9.533787629252501
264,naive2,2.3618891492888956,4.008901158520579,0.7708333333333334,12.63086182149399,34.547484736922385,analytic,1.0
264,naive2,2.3618891492888956,4.008901158520579,0.2916666666666667,21.736332173110153,50.26791819972145,empirical,1.0
264,seasonal_naive,0.23353197910673082,0.3388625592417058,1.0,3.2531603547461523,3.2531603547461523,analytic,0.09170131088438743
264,seasonal_naive,0.23353197910673082,0.3388625592417058,0.8125,2.7871445497630427,6.576244075829306,empirical,0.09170131088438743
264,theta,1.8380627439627306,2.734600484695175,0.9166666666666666,12.63086182149399,15.813053853460485,analytic,0.7301746862596703
264,theta,1.8380627439627306,2.734600484695175,0.4583333333333333,3.8949552075175187,12.084347949457177,empirical,0.7301746862596703
265,naive,5.328894378831711,21.684317718940942,1.0,149.04288587107865,149.04288587107865,analytic,16.282798059049252
265,naive,5.328894378831711,21.684317718940942,0.9791666666666666,9.221792260692487,9.936659877800457,empirical,16.282798059049252
265,naive2,0.32837850471797403,1.327256974662337,0.9791666666666666,27.033646853663676,29.42005054827056,analytic,1.0
265,naive2,0.32837850471797403,1.327256974662337,0.9791666666666666,16.66615917350982,16.880822237280192,empirical,1.0
265,seasonal_naive,0.11458033935409968,0.4765784114052976,1.0,6.962691020725944,6.962691020725944,analytic,0.3539989180706104
265,seasonal_naive,0.11458033935409968,0.4765784114052976,1.0,6.225305498981715,6.225305498981715,empirical,0.3539989180706104
265,theta,0.28083613556949566,1.1416476572453205,0.9791666666666666,27.033646853663676,28.868257795694117,analytic,0.8576882642057244
265,theta,0.28083613556949566,1.1416476572453205,0.9166666666666666,6.775526992072157,8.461901648159358,empirical,0.8576882642057244
266,naive,22.61125305015447,5.311510511289907,0.7291666666666666,23.404618529856574,38.4117213031135,analytic,0.9102835218685088
266,naive,22.61125305015447,5.311510511289907,0.6666666666666666,15.048225408772389,19.699276537762824,empirical,0.9102835218685088
266,naive2,24.628310840408275,5.885545356453376,0.7291666666666666,23.520542124971712,46.77451574359722,analytic,1.0
266,naive2,24.628310840408275,5.885545356453376,0.8958333333333334,17.782060698645353,18.539559276210706,empirical,1.0
266,seasonal_naive,6.739520686287085,1.5360109005969376,0.875,6.057868120517853,11.809322781323157,analytic,0.267314771679363
266,seasonal_naive,6.739520686287085,1.5360109005969376,0.8125,6.371029068258501,10.829762522709578,empirical,0.267314771679363
266,theta,22.465999320490347,5.260764950846951,0.7708333333333334,23.520542124971712,35.2774325311013,analytic,0.9030235710493453
266,theta,22.465999320490347,5.260764950846951,1.0,13.764163816607175,13.764163816607175,empirical,0.9030235710493453
267,naive,24.06708763758885,4.8921052631578945,0.7916666666666666,22.677322864619136,43.9429424077148,analytic,0.9359128730302426
267,naive,24.06708763758885,4.8921052631578945,0.6666666666666666,15.016900584795318,20.851695906432738,empirical,0.9359128730302426
267,naive2,25.851886818320995,5.19958168072767,0.7708333333333334,22.733392486078454,48.45308990712197,analytic,1.0
267,naive2,25.851886818320995,5.19958168072767,0.7916666666666666,15.92769395589515,18.410824973720864,empirical,1.0
267,seasonal_naive,8.102984661699992,1.6535087719298247,0.8333333333333334,5.855132627509556,9.97861580303458,analytic,0.3157234247180269
267,seasonal_naive,8.102984661699992,1.6535087719298247,0.7708333333333334,6.002997076023392,10.65942982456141,empirical,0.3157234247180269
267,theta,25.489063465561262,5.13681955485505,0.7708333333333334,22.733392486078458,48.32357673523993,analytic,0.9869473470705128
267,theta,25.489063465561262,5.13681955485505,0.8541666666666666,13.252828775041447,13.861839471242684,empirical,0.9869473470705128
268,naive,9.153404469382442,89.1811926605506,1.0,556.0055417992596,556.0055417992596,analytic,27.88565642044929
268,naive,9.153404469382442,89.1811926605506,0.9166666666666666,11.632912844036786,22.009059633027476,empirical,27.88565642044929
268,naive2,0.3293675109222433,3.1872670050885232,1.0,37.96458241052517,37.96458241052517,analytic,1.0
268,naive2,0.3293675109222433,3.1872670050885232,0.9583333333333334,56.92811820238747,60.6682221851803,empirical,1.0
268,seasonal_naive,0.5546865099925073,5.277522935779828,0.3125,9.77802434448653,51.966436481184694,analytic,1.6699552556188713
268,seasonal_naive,0.5546865099925073,5.277522935779828,0.2916666666666667,7.312500000000074,115.72534403669796,empirical,1.6699552556188713
268,theta,0.43574770953647357,4.287365634891802,1.0,37.964582410525175,37.964582410525175,analytic,1.3340687451317428
268,theta,0.43574770953647357,4.287365634891802,0.6458333333333334,11.228289455968536,37.103230701715376,empirical,1.3340687451317428
269,naive,14.242529105058685,17.73382624768946,1.0,89.04266988045339,89.04266988045339,analytic,5.586304131134209
269,naive,14.242529105058685,17.73382624768946,0.9166666666666666,2.702125693160819,4.215988909426965,empirical,5.586304131134209
269,naive2,2.5354229972451177,3.1922982469766428,0.7083333333333334,9.361769988491822,26.11496216122396,analytic,1.0
269,naive2,2.5354229972451177,3.1922982469766428,0.9166666666666666,13.196830586752485,13.889337666921204,empirical,1.0
269,seasonal_naive,1.4010388798762636,1.706099815157117,0.0625,2.4111845578888427,23.486574877869952,analytic,0.5435141701697741
269,seasonal_naive,1.4010388798762636,1.706099815157117,1.0,2.138031423290208,2.138031423290208,empirical,0.5435141701697741
269,theta,2.8879712183112733,3.251325280959824,0.6875,9.36176998849182,36.96809979745431,analytic,1.078769762665432
269,theta,2.8879712183112733,3.251325280959824,0.8541666666666666,3.5524816767176546,4.446980781006496,empirical,1.078769762665432
270,naive,13.258960675690332,1.5885881772859263,0.9583333333333334,8.970580098295438,9.307350152974355,analytic,0.9707632598134712
270,naive,13.258960675690332,1.5885881772859263,0.9791666666666666,5.255321043116201,5.319420095326796,empirical,0.9707632598134712
270,naive2,13.63372819768903,1.6393848720242612,1.0,23.35744931915678,23.35744931915678,analytic,1.0
270,naive2,13.63372819768903,1.6393848720242612,0.9791666666666666,5.53627375639993,5.578421940008584,empirical,1.0
270,seasonal_naive,15.249936863008152,1.7723387936229664,0.875,6.015862510962487,8.539346539259443,analytic,1.099822381299994
270,seasonal_naive,15.249936863008152,1.7723387936229664,0.7291666666666666,5.176105297759273,10.504873171533443,empirical,1.099822381299994
270,theta,10.685664659640262,1.2474923860086637,1.0,23.357449319156775,23.357449319156775,analytic,0.7723591943493238
270,theta,10.685664659640262,1.2474923860086637,0.9583333333333334,4.738354003451781,4.909411076395272,empirical,0.7723591943493238
271,naive,12.348368215501743,0.6407550310183083,1.0,5.252711783403172,5.252711783403172,analytic,1.0
271,naive,12.348368215501743,0.6407550310183083,0.9166666666666666,2.844549099712513,3.167139506733243,empirical,1.0
271,naive2,12.348368215501743,0.6407550310183083,1.0,21.08001980496729,21.08001980496729,analytic,1.0
271,naive2,12.348368215501743,0.6407550310183083,0.9166666666666666,2.847238806369004,3.169829213389734,empirical,1.0
271,seasonal_naive,20.71822412129093,1.0872673626872447,1.0,5.429295773791603,5.429295773791603,analytic,1.6873320495717787
271,seasonal_naive,20.71822412129093,1.0872673626872447,0.8333333333333334,3.24178771372371,5.594337267362686,empirical,1.6873320495717787
271,theta,13.26713923334373,0.6944685163846874,1.0,21.08001980496729,21.08001980496729,analytic,1.079116335391508
271,theta,13.26713923334373,0.6944685163846874,0.8333333333333334,2.186307927744187,2.982111298385629,empirical,1.079116335391508
272,naive,14.233798793075088,17.885118306351185,1.0,92.02975327349766,92.02975327349766,analytic,5.533333231973816
272,naive,14.233798793075088,17.885118306351185,0.4166666666666667,2.429000622665019,16.343695516811888,empirical,5.533333231973816
272,naive2,2.619987261831545,3.1745580097883463,0.6458333333333334,8.605641958657532,31.327583989362438,analytic,1.0
272,naive2,2.619987261831545,3.1745580097883463,0.7916666666666666,13.024211018521004,15.802476584590059,empirical,1.0
272,seasonal_naive,1.3785395030658734,1.784869240348692,0.25,2.2164388814233025,33.248222746268006,analytic,0.5442022417497988
272,seasonal_naive,1.3785395030658734,1.784869240348692,0.8541666666666666,1.8613636363636439,3.925498132004958,empirical,0.5442022417497988
272,theta,3.056162320158812,3.4253681362601123,0.6458333333333334,8.605641958657536,46.77522897770437,analytic,1.1227430765792388
272,theta,3.056162320158812,3.4253681362601123,0.7291666666666666,3.357841710748341,6.552649595593113,empirical,1.1227430765792388
273,naive,11.985456559913125,32.626686656671666,1.0,206.2890285143864,206.2890285143864,analytic,19.985798001202042
273,naive,11.985456559913125,32.626686656671666,0.9583333333333334,7.3029985007496325,10.811244377811068,empirical,19.985798001202042
273,naive2,0.5978007452166748,1.637692998980846,0.9791666666666666,25.097543102535603,27.611810684582434,analytic,1.0
273,naive2,0.5978007452166748,1.637692998980846,0.9583333333333334,22.022231197708955,24.705146990294008,empirical,1.0
273,seasonal_naive,0.33987091245592865,0.9355322338830637,0.9791666666666666,6.464034946828685,6.816827487057996,analytic,0.5698927553322033
273,seasonal_naive,0.33987091245592865,0.9355322338830637,0.9791666666666666,6.171589205397334,6.1715892053973755,empirical,0.5698927553322033
273,theta,0.5803275351265481,1.5864662093599287,0.9791666666666666,25.097543102535603,27.660200365453193,analytic,0.9697454984899703
273,theta,0.5803275351265481,1.5864662093599287,0.9375,7.45261722359349,8.912838731580825,empirical,0.9697454984899703
274,naive,16.507755302881886,38.25319148936172,1.0,241.2781831127276,241.2781831127276,analytic,14.82804268820943
274,naive,16.507755302881886,38.25319148936172,0.75,7.185957446808524,22.34340425531904,empirical,14.82804268820943
274,naive2,1.128869360972081,2.5446449418767196,0.9791666666666666,25.77922666544013,28.132597397527647,analytic,1.0
274,naive2,1.128869360972081,2.5446449418767196,0.9583333333333334,25.534563836495657,27.27846800962811,empirical,1.0
274,seasonal_naive,0.49458232965245597,1.1340425531914848,0.9583333333333334,6.639606968173204,6.7955853186320825,analytic,0.44189015499382034
274,seasonal_naive,0.49458232965245597,1.1340425531914848,1.0,6.2994680851064055,6.2994680851064055,empirical,0.44189015499382034
274,theta,0.9948351980188399,2.1941774006872383,0.9791666666666666,25.779226665440135,28.87986967736462,analytic,0.8717697069769574
274,theta,0.9948351980188399,2.1941774006872383,0.9375,7.882007940428326,9.42861053057383,empirical,0.8717697069769574
275,naive,15.246208282432905,30.00957854406131,1.0,189.95943187689542,189.95943187689542,analytic,19.81565499153637
275,naive,15.246208282432905,30.00957854406131,0.9791666666666666,6.187452107279704,6.635727969348668,empirical,19.81565499153637
275,naive2,0.765599939245842,1.5219966689285207,0.9791666666666666,24.80124362007849,26.30437897448063,analytic,1.0
275,naive2,0.765599939245842,1.5219966689285207,1.0,21.354107308538484,21.354107308538484,empirical,1.0
275,seasonal_naive,0.5671402229947881,1.2203065134099642,1.0,6.387721094054114,6.387721094054114,analytic,0.7712794201747426
275,seasonal_naive,0.5671402229947881,1.2203065134099642,0.9791666666666666,6.214846743295039,6.214846743295074,empirical,0.7712794201747426
275,theta,0.8831884971589139,1.6952507167728583,0.9791666666666666,24.80124362007849,26.861712864099758,analytic,1.1337117387516886
275,theta,0.8831884971589139,1.6952507167728583,0.9375,7.4751450872884915,7.702519567342899,empirical,1.1337117387516886
276,naive,15.98225509191688,25.931644359464634,1.0,146.53952244060352,146.53952244060352,analytic,6.142619149574443
276,naive,15.98225509191688,25.931644359464634,0.5416666666666666,3.9372848948374792,22.7288718929257,empirical,6.142619149574443
276,naive2,2.632610554018962,4.172857591478143,0.8125,13.748710806700386,26.58088557151499,analytic,1.0
276,naive2,2.632610554018962,4.172857591478143,0.5416666666666666,17.660433816503296,39.00997133914132,empirical,1.0
276,seasonal_naive,1.7414976304527683,2.628585086042065,0.20833333333333334,3.5410696084977835,41.432069131055954,analytic,0.6457171229121131
276,seasonal_naive,1.7414976304527683,2.628585086042065,0.6666666666666666,2.9762667304015404,16.249689292543025,empirical,0.6457171229121131
276,theta,3.025423121726335,4.484795488273054,0.7083333333333334,13.748710806700386,39.55082700866257,analytic,1.1119821538937185
276,theta,3.025423121726335,4.484795488273054,0.4583333333333333,4.467422694954059,28.717147977509853,empirical,1.1119821538937185
277,naive,24.574109959003952,46.82970620239393,0.8958333333333334,207.40769703508047,236.2011074116009,analytic,17.311038024272726
277,naive,24.574109959003952,46.82970620239393,0.3541666666666667,10.43536452665942,48.37442872687702,empirical,17.311038024272726
277,naive2,1.4377174749402768,2.671460216132348,0.875,15.708838114647861,18.43925480716362,analytic,1.0
277,naive2,1.4377174749402768,2.671460216132348,0.75,23.501870795182995,31.297325526146754,empirical,1.0
277,seasonal_naive,0.89101980672144,1.7611534276387402,0.6666666666666666,4.045913105211441,13.569350582982192,analytic,0.6394967953240629
277,seasonal_naive,0.89101980672144,1.7611534276387402,1.0,3.120212187159968,3.120212187159968,empirical,0.6394967953240629
277,theta,1.1650979079319108,2.202345591856665,1.0,15.708838114647861,15.708838114647861,analytic,0.8173889839238571
277,theta,1.1650979079319108,2.202345591856665,0.6666666666666666,3.8871251602253185,13.939298941019976,empirical,0.8173889839238571
278,naive,21.625827479394708,42.517921146953405,0.8541666666666666,178.3367744538813,259.31160350224883,analytic,15.709043012896124
278,naive,21.625827479394708,42.517921146953405,0.6666666666666666,5.38521505376346,15.263351254480146,empirical,15.709043012896124
278,naive2,1.4588635570469073,2.5621946559544226,1.0,21.65903429058553,21.65903429058553,analytic,1.0
278,naive2,1.4588635570469073,2.5621946559544226,0.9375,27.698475906280827,29.176024279965958,empirical,1.0
278,seasonal_naive,0.8080891710893783,1.5609318996415755,0.8958333333333334,5.578424708622608,5.941229592137134,analytic,0.581566821976383
278,seasonal_naive,0.8080891710893783,1.5609318996415755,0.7708333333333334,4.8831541218638215,11.965591397849499,empirical,0.581566821976383
278,theta,1.4275637266094514,2.4906235229337,1.0,21.65903429058553,21.65903429058553,analytic,0.9753057664923828
278,theta,1.4275637266094514,2.4906235229337,0.6666666666666666,4.83473481419244,9.877086187460282,empirical,0.9753057664923828
279,naive,16.84874298294631,31.621621621621617,0.9375,151.13287749977027,160.43353781395598,analytic,26.624388910755062
279,naive,16.84874298294631,31.621621621621617,0.6875,6.319741480611055,16.6311398354877,empirical,26.624388910755062
279,naive2,0.6237651232552637,1.205210790657161,0.9791666666666666,16.550440375365262,16.777640023722796,analytic,1.0
279,naive2,0.6237651232552637,1.205210790657161,0.9583333333333334,18.87098668341595,19.05000592425048,empirical,1.0
279,seasonal_naive,0.45350708867121514,0.8249118683901294,1.0,4.262673224015975,4.262673224015975,analytic,0.7057511390284262
279,seasonal_naive,0.45350708867121514,0.8249118683901294,1.0,3.606698002350189,3.606698002350189,empirical,0.7057511390284262
279,theta,0.4985246336370882,0.9512053470362309,1.0,16.55044037536526,16.55044037536526,analytic,0.7942312401349021
279,theta,0.4985246336370882,0.9512053470362309,0.9375,4.025070791150015,4.787898036135935,empirical,0.7942312401349021
280,naive,11.039644557002708,13.055896805896808,1.0,76.15109774603833,76.15109774603833,analytic,3.70820101759289
280,naive,11.039644557002708,13.055896805896808,0.9375,2.414143120393126,3.5879760442260205,empirical,3.70820101759289
280,naive2,2.985681569419503,3.510713357681501,0.625,8.529815680232854,30.961740083733932,analytic,1.0
280,naive2,2.985681569419503,3.510713357681501,0.5,11.122008639250206,18.082991153059574,empirical,1.0
280,seasonal_naive,1.0578130144237232,1.221744471744473,0.375,2.196909331792798,12.93158557293597,analytic,0.3511499717716375
280,seasonal_naive,1.0578130144237232,1.221744471744473,0.9166666666666666,1.8116554054054157,3.4646038083537793,empirical,0.3511499717716375
280,theta,3.3404387191298923,3.6115997063443905,0.6041666666666666,8.529815680232856,47.0601467327238,analytic,1.07377809761977
280,theta,3.3404387191298923,3.6115997063443905,0.6041666666666666,3.95088720528992,8.401008154513333,empirical,1.07377809761977
281,naive,21.581033268110303,49.689573459715646,0.7708333333333334,206.48684078063988,419.0598720946917,analytic,18.37682518348669
281,naive,21.581033268110303,49.689573459715646,0.6875,6.868127962085323,21.03874407582927,empirical,18.37682518348669
281,naive2,1.2675785639190043,2.5187016026231706,1.0,25.817002481171254,25.817002481171254,analytic,1.0
281,naive2,1.2675785639190043,2.5187016026231706,1.0,33.45819666051594,33.45819666051594,empirical,1.0
281,seasonal_naive,0.5157430451271893,1.0781990521326994,0.9791666666666666,6.6493363744355305,6.818586928178879,analytic,0.41747498733093913
281,seasonal_naive,0.5157430451271893,1.0781990521326994,1.0,6.064099526066374,6.064099526066374,empirical,0.41747498733093913
281,theta,1.2575173784192895,2.484145627180914,1.0,25.817002481171258,25.817002481171258,analytic,0.9891714577262603
281,theta,1.2575173784192895,2.484145627180914,0.7916666666666666,5.846809220750516,12.23561455102064,empirical,0.9891714577262603
282,naive,16.041943182130872,20.525657472738935,1.0,102.78776245627623,102.78776245627623,analytic,4.710066895671346
282,naive,16.041943182130872,20.525657472738935,0.9583333333333334,2.7930404105195703,3.018184733803735,empirical,4.710066895671346
282,naive2,3.3081836676785388,4.490443579927409,0.4791666666666667,8.984326780487153,61.28171348386848,analytic,1.0
282,naive2,3.3081836676785388,4.490443579927409,0.4166666666666667,15.576405283605947,32.95903965684573,empirical,1.0
282,seasonal_naive,1.2370918231177954,1.5134701731879423,0.25,2.313971612501397,19.137431421131904,analytic,0.355495709650836
282,seasonal_naive,1.2370918231177954,1.5134701731879423,0.9583333333333334,1.9262347658755699,2.651699807568943,empirical,0.355495709650836
282,theta,3.3126871354783454,3.939309134528402,0.5625,8.98432678048715,49.99433398799085,analytic,0.9393131720593495
282,theta,3.3126871354783454,3.939309134528402,0.4791666666666667,3.905863478037996,16.614958390382775,empirical,0.9393131720593495
283,naive,21.37199655956349,32.69826875515252,0.8958333333333334,147.22366773581808,166.95931811277504,analytic,12.273960075308729
283,naive,21.37199655956349,32.69826875515252,1.0,4.786582852431987,4.786582852431987,empirical,12.273960075308729
283,naive2,1.6230171789713466,2.873346789438487,1.0,15.395039203591706,15.395039203591706,analytic,1.0
283,naive2,1.6230171789713466,2.873346789438487,1.0,23.89081455197709,23.89081455197709,empirical,1.0
283,seasonal_naive,0.24210066614324335,0.35366859027205433,1.0,3.9650921611430725,3.9650921611430725,analytic,0.1361264892435739
283,seasonal_naive,0.24210066614324335,0.35366859027205433,0.9791666666666666,3.554369332234137,3.8437345424567133,empirical,0.1361264892435739
283,theta,1.3105119646182517,2.012108641955519,0.9375,15.395039203591706,17.07490523790083,analytic,0.7538603522295435
283,theta,1.3105119646182517,2.012108641955519,1.0,4.278305725911664,4.278305725911664,empirical,0.7538603522295435
284,naive,18.33753739231314,24.667311411992262,1.0,139.01376236632325,139.01376236632325,analytic,4.635941668332136
284,naive,18.33753739231314,24.667311411992262,0.9166666666666666,4.195454545454553,5.226402321083154,empirical,4.635941668332136
284,naive2,3.9130184402973964,5.379305824645879,0.4583333333333333,10.2879971652859,76.11845492184648,analytic,1.0
284,naive2,3.9130184402973964,5.379305824645879,0.3125,18.044574719017344,45.6304658283685,empirical,1.0
284,seasonal_naive,0.9304415140599209,1.181818181818182,0.5833333333333334,2.649740372497396,8.221437217048186,analytic,0.22873908690364012
284,seasonal_naive,0.9304415140599209,1.181818181818182,0.9791666666666666,2.2052224371373366,2.7081237911025093,empirical,0.22873908690364012
284,theta,4.132771955739629,5.008682053269837,0.5208333333333334,10.2879971652859,65.93630597994014,analytic,0.993630762195274
284,theta,4.132771955739629,5.008682053269837,0.2916666666666667,5.141010311850825,24.266251203708826,empirical,0.993630762195274
285,naive,20.876839344256805,34.92341040462428,1.0,194.9458713208957,194.9458713208957,analytic,7.911906758514446
285,naive,20.876839344256805,34.92341040462428,0.9166666666666666,6.992196531791917,10.260982658959497,empirical,7.911906758514446
285,naive2,2.599005920843803,4.482423870196291,0.8125,16.138731505779656,33.00731762378384,analytic,1.0
285,naive2,2.599005920843803,4.482423870196291,0.4791666666666667,22.81414954732067,33.7902970425929,empirical,1.0
285,seasonal_naive,0.7044478635057119,1.0332369942196542,0.7916666666666666,4.156634935325804,6.497779056468888,analytic,0.25077682978966037
285,seasonal_naive,0.7044478635057119,1.0332369942196542,0.9375,3.758164739884403,4.772615606936385,empirical,0.25077682978966037
285,theta,2.6224922166173474,4.130959768679091,0.7916666666666666,16.138731505779653,36.193702981581126,analytic,0.9653136300842395
285,theta,2.6224922166173474,4.130959768679091,0.5625,6.354382997125015,20.14742015238333,empirical,0.9653136300842395
286,naive,18.80920066236622,37.156088082901576,1.0,222.2902056697854,222.2902056697854,analytic,23.645671200885197
286,naive,18.80920066236622,37.156088082901576,0.875,6.059650259067368,11.010427461139876,empirical,23.645671200885197
286,naive2,0.8034372003237799,1.5559222928284189,0.9791666666666666,25.058231504088997,26.894187199072963,analytic,1.0
286,naive2,0.8034372003237799,1.5559222928284189,0.9583333333333334,24.295266767049146,25.223780202834025,empirical,1.0
286,seasonal_naive,0.5975985329853366,1.2882124352331599,1.0,6.453909989770682,6.453909989770682,analytic,0.7858718945782013
286,seasonal_naive,0.5975985329853366,1.2882124352331599,0.9791666666666666,6.360233160621773,6.360233160621807,empirical,0.7858718945782013
286,theta,0.8134460972848678,1.5601782603246048,0.9791666666666666,25.058231504088997,27.033722611417016,analytic,1.0075964656767151
286,theta,0.8134460972848678,1.5601782603246048,0.9583333333333334,7.687311000310205,8.132813247162552,empirical,1.0075964656767151
287,naive,21.10049515000899,32.47978227060653,1.0,159.1707344801422,159.1707344801422,analytic,11.505456889232004
287,naive,21.10049515000899,32.47978227060653,0.75,5.379937791601877,10.929704510108827,empirical,11.505456889232004
287,naive2,1.731450835483879,3.000631420481137,0.8125,10.437027487296248,16.882946892310038,analytic,1.0
287,naive2,1.731450835483879,3.000631420481137,0.6458333333333334,20.13718029704858,26.126249860141932,empirical,1.0
287,seasonal_naive,0.22650524011316236,0.3335925349922219,1.0,2.6881240981743098,2.6881240981743098,analytic,0.12099614422476046
287,seasonal_naive,0.22650524011316236,0.3335925349922219,0.625,2.2092923794712394,9.85159409020209,empirical,0.12099614422476046
287,theta,1.4000650095838623,2.088885280703541,0.875,10.437027487296243,16.426508879083386,analytic,0.7523782899550303
287,theta,1.4000650095838623,2.088885280703541,0.6458333333333334,3.2334452644208462,9.731402927659092,empirical,0.7523782899550303
288,naive,23.680024193258685,3.49359487590072,0.8958333333333334,21.828015843625792,24.9885752603987,analytic,0.8633408952315171
288,naive,23.680024193258685,3.49359487590072,0.8958333333333334,14.37976381104884,14.713630904723779,empirical,0.8633408952315171
288,naive2,27.30526056846391,4.064925201554531,0.8958333333333334,21.761773659293805,25.89584532911435,analytic,1.0
288,naive2,27.30526056846391,4.064925201554531,1.0,16.621292179699772,16.621292179699772,empirical,1.0
288,seasonal_naive,11.139516537076211,1.5408326661329066,0.9166666666666666,5.6048858991476,8.288298418386738,analytic,0.3935089438912518
288,seasonal_naive,11.139516537076211,1.5408326661329066,0.8333333333333334,5.458426741393115,8.30470376301041,empirical,0.3935089438912518
288,theta,28.202200521154346,4.357692415071548,0.8125,21.761773659293805,41.234924395785114,analytic,1.0524356967833384
288,theta,28.202200521154346,4.357692415071548,1.0,13.610940747066355,13.610940747066355,empirical,1.0524356967833384
289,naive,19.88092988221939,22.669647553918992,0.9166666666666666,100.9487342236939,104.54788060117203,analytic,10.393583617676788
289,naive,19.88092988221939,22.669647553918992,0.5208333333333334,4.255944239873752,12.667306680694464,empirical,10.393583617676788
289,naive2,1.8470879623535206,2.2615875432975727,0.8541666666666666,10.140797371262193,14.738506220825615,analytic,1.0
289,naive2,1.8470879623535206,2.2615875432975727,0.5,12.800923217353896,21.796246827845856,empirical,1.0
289,seasonal_naive,1.5294511445635248,1.7233035244608104,0.3333333333333333,2.611828111171765,21.385946346243653,analytic,0.7950110788097258
289,seasonal_naive,1.5294511445635248,1.7233035244608104,1.0,2.3485139400315704,2.3485139400315704,empirical,0.7950110788097258
289,theta,1.9305395290808431,1.991626678884972,0.8541666666666666,10.140797371262193,15.301728855147378,analytic,0.9629061060754118
289,theta,1.9305395290808431,1.991626678884972,0.7291666666666666,2.694747729997044,7.558848954171577,empirical,0.9629061060754118
290,naive,22.05963807035128,32.689887640449435,0.9166666666666666,159.96401772861958,166.730470331383,analytic,9.90281499895018
290,naive,22.05963807035128,32.689887640449435,0.6875,4.796853932584275,10.814831460674107,empirical,9.90281499895018
290,naive2,2.1254750802794287,3.4677077760913266,0.8333333333333334,12.680844262470456,22.4453475848889,analytic,1.0
290,naive2,2.1254750802794287,3.4677077760913266,0.6875,21.103033388435325,27.01277814080616,empirical,1.0
290,seasonal_naive,0.2969741422231184,0.4089887640449431,1.0,3.266033656482467,3.266033656482467,analytic,0.12883170406559566
290,seasonal_naive,0.2969741422231184,0.4089887640449431,0.7291666666666666,2.834438202247197,7.74230337078646,empirical,0.12883170406559566
290,theta,2.178645461833098,3.0577586951652664,0.875,12.680844262470456,21.959723505052615,analytic,0.9533983621457137
290,theta,2.178645461833098,3.0577586951652664,0.5833333333333334,3.869025602355616,10.778394155442276,empirical,0.9533983621457137
291,naive,16.11771054972266,22.090714285714288,1.0,120.17040696842943,120.17040696842943,analytic,6.465360629167348
291,naive,16.11771054972266,22.090714285714288,0.9791666666666666,5.784535714285717,6.035249999999992,empirical,6.465360629167348
291,naive2,2.5246084573388625,3.374441795117426,0.7083333333333334,10.466586596263571,26.36614305231357,analytic,1.0
291,naive2,2.5246084573388625,3.374441795117426,0.4375,14.575944939113825,41.507764302743894,empirical,1.0
291,seasonal_naive,1.2148656625612133,1.5042857142857133,0.4791666666666667,2.6957372383363207,18.822141465331235,analytic,0.463498775845654
291,seasonal_naive,1.2148656625612133,1.5042857142857133,0.9375,2.401982142857151,2.9034107142857413,empirical,0.463498775845654
291,theta,2.908679623790369,3.5937281801565684,0.7083333333333334,10.466586596263573,39.31909233294935,analytic,1.1085577374104432
291,theta,2.908679623790369,3.5937281801565684,0.4166666666666667,3.606568760732973,27.480815654917894,empirical,1.1085577374104432
292,naive,16.285211481121888,26.4337294332724,1.0,139.32697901901122,139.32697901901122,analytic,8.881456022815424
292,naive,16.285211481121888,26.4337294332724,0.3958333333333333,4.408889396709325,33.819309872029265,empirical,8.881456022815424
292,naive2,1.9109456853814242,2.8605323176459825,0.8333333333333334,12.429887042680367,24.773213442293475,analytic,1.0
292,naive2,1.9109456853814242,2.8605323176459825,0.875,17.337777475203758,20.996751462602635,empirical,1.0
292,seasonal_naive,1.2055746311011026,1.9072212065813556,0.3958333333333333,3.2013979974359077,21.124891103484437,analytic,0.6488075045462167
292,seasonal_naive,1.2055746311011026,1.9072212065813556,1.0,2.675457038391236,2.675457038391236,empirical,0.6488075045462167
292,theta,2.2180262790883023,3.2224737286507352,0.6875,12.429887042680367,32.33178371274345,analytic,1.1436125032196696
292,theta,2.2180262790883023,3.2224737286507352,0.75,4.462087509733753,11.150269925121957,empirical,1.1436125032196696
293,naive,16.248274663961595,21.40243902439024,0.9791666666666666,105.58449051144184,105.69314248620498,analytic,7.547826311991967
293,naive,16.248274663961595,21.40243902439024,0.9166666666666666,2.718241869918705,4.541412601625997,empirical,7.547826311991967
293,naive2,2.1046691956987025,2.9018115579432644,0.7916666666666666,11.57480641178283,14.779472667840418,analytic,1.0
293,naive2,2.1046691956987025,2.9018115579432644,0.9791666666666666,15.824771707882018,15.861432443859137,empirical,1.0
293,seasonal_naive,0.3620701794365667,0.44918699186991606,1.0,2.981166437004029,2.981166437004029,analytic,0.16341362013831692
293,seasonal_naive,0.3620701794365667,0.44918699186991606,0.875,2.599339430894316,4.316819105691022,empirical,0.16341362013831692
293,theta,1.9945231640051957,2.476518694436258,0.8541666666666666,11.57480641178283,21.894854661620712,analytic,0.9005523556852097
293,theta,1.9945231640051957,2.476518694436258,0.8958333333333334,3.9758426231657924,4.600919127565406,empirical,0.9005523556852097
294,naive,18.76242301799776,28.366406250000004,1.0,138.80770195704883,138.80770195704883,analytic,7.741025134642656
294,naive,18.76242301799776,28.366406250000004,0.9583333333333334,3.7164257812500106,4.600019531250007,empirical,7.741025134642656
294,naive2,2.3361430588654004,3.8072222967179847,0.75,12.246898030654851,26.21615650915615,analytic,1.0
294,naive2,2.3361430588654004,3.8072222967179847,0.9583333333333334,22.358124412347625,22.966970190937605,empirical,1.0
294,seasonal_naive,0.47504202218683883,0.7617187500000018,0.9375,3.1542679909732816,4.019324466591233,analytic,0.20170831092654967
294,seasonal_naive,0.47504202218683883,0.7617187500000018,0.9791666666666666,2.903671875000009,3.1778906250000087,empirical,0.20170831092654967
294,theta,1.9374826833743555,2.684466887803793,0.875,12.24689803065485,25.31161087499533,analytic,0.7672247923419315
294,theta,1.9374826833743555,2.684466887803793,0.9791666666666666,5.311345579239481,5.357346043337015,empirical,0.7672247923419315
295,naive,18.462661528464352,26.17141838916607,1.0,126.62669968644451,126.62669968644451,analytic,11.03193548915284
295,naive,18.462661528464352,26.17141838916607,0.6666666666666666,3.3878296507483965,8.308000712758501,empirical,11.03193548915284
295,naive2,1.6665543090569026,2.3823543345947837,0.8958333333333334,10.579165864099147,12.837759699974614,analytic,1.0
295,naive2,1.6665543090569026,2.3823543345947837,0.9791666666666666,17.469634891125423,17.520157557693356,empirical,1.0
295,seasonal_naive,0.42980966366983586,0.625445473984317,1.0,2.724732758678873,2.724732758678873,analytic,0.2602178495861186
295,seasonal_naive,0.42980966366983586,0.625445473984317,0.875,2.344030648610128,4.150873129009239,empirical,0.2602178495861186
295,theta,1.7025027060053866,2.1878705974412544,0.8541666666666666,10.579165864099146,20.92338203498357,analytic,0.9699676955767562
295,theta,1.7025027060053866,2.1878705974412544,0.9791666666666666,3.4716860927149775,3.5423877930498926,empirical,0.9699676955767562
296,naive,17.102970932460295,20.734887737478413,0.9583333333333334,100.4226858792018,101.54494742416354,analytic,7.526946343652728
296,naive,17.102970932460295,20.734887737478413,0.8125,3.4206390328152065,6.676252158894662,empirical,7.526946343652728
296,naive2,2.208791488128697,2.8362160188111027,0.7916666666666666,9.20007237475321,21.167044306895534,analytic,1.0
296,naive2,2.208791488128697,2.8362160188111027,0.5416666666666666,13.595043337067008,22.082715425899377,empirical,1.0
296,seasonal_naive,0.9798986609327124,1.15630397236615,0.375,2.3695382890984935,7.65794534061873,analytic,0.42566407329008327
296,seasonal_naive,0.9798986609327124,1.15630397236615,0.9791666666666666,1.9483160621761741,2.39736614853195,empirical,0.42566407329008327
296,theta,2.34761129253324,2.62629414396482,0.8333333333333334,9.20007237475321,21.600287232892455,analytic,0.9944169948667296
296,theta,2.34761129253324,2.62629414396482,0.8541666666666666,2.701374109514701,3.823662788711004,empirical,0.9944169948667296
297,naive,16.515700894806535,21.659887359198997,1.0,119.29297443741137,119.29297443741137,analytic,4.910269490934285
297,naive,16.515700894806535,21.659887359198997,0.5625,3.330131414267841,14.312609511889798,empirical,4.910269490934285
297,naive2,3.371178118212174,4.40111887175394,0.5,9.592880023943822,50.889220651994314,analytic,1.0
297,naive2,3.371178118212174,4.40111887175394,0.7916666666666666,16.16806474520074,18.667379087089195,empirical,1.0
297,seasonal_naive,1.5913368911335966,2.062265331664582,0.041666666666666664,2.4707084459292132,36.27660076354012,analytic,0.4703096418573257
297,seasonal_naive,1.5913368911335966,2.062265331664582,0.8958333333333334,2.183682728410522,3.599202127659596,empirical,0.4703096418573257
297,theta,3.765013787358006,4.479200985675703,0.5208333333333334,9.592880023943822,56.09038453977868,analytic,1.0672828833182437
297,theta,3.765013787358006,4.479200985675703,0.5208333333333334,4.348932300875817,10.324053861539312,empirical,1.0672828833182437
298,naive,15.144506895098575,22.128071481757257,1.0,124.83974294670267,124.83974294670267,analytic,3.867796308801821
298,naive,15.144506895098575,22.128071481757257,0.6875,3.597989575577079,18.988905435591946,empirical,3.867796308801821
298,naive2,3.827404828005845,5.855951324667793,0.4166666666666667,9.523076893256661,100.2208428012014,analytic,1.0
298,naive2,3.827404828005845,5.855951324667793,0.3958333333333333,18.438587923384496,68.41713765742504,empirical,1.0
298,seasonal_naive,1.1915211493654219,1.6842889054355932,0.2916666666666667,2.4527301970497977,23.571013360021798,analytic,0.29946655112381815
298,seasonal_naive,1.1915211493654219,1.6842889054355932,0.9583333333333334,2.020420699925558,2.543131049888306,empirical,0.29946655112381815
298,theta,3.9342359968583693,5.298418182994651,0.5,9.523076893256661,82.64456710536135,analytic,0.9663521075272055
298,theta,3.9342359968583693,5.298418182994651,0.3125,4.9400853150128095,29.853456395250745,empirical,0.9663521075272055
299,naive,16.129687011633237,21.125000000000004,1.0,109.00857657745279,109.00857657745279,analytic,5.744001058227049
299,naive,16.129687011633237,21.125000000000004,0.6458333333333334,4.212550403225811,19.204485887096794,empirical,5.744001058227049
299,naive2,2.835052033139861,3.6431065645443925,0.6666666666666666,9.320289451500425,36.779973536511804,analytic,1.0
299,naive2,2.835052033139861,3.6431065645443925,0.7916666666666666,14.64957955908332,18.27304586202411,empirical,1.0
299,seasonal_naive,1.5836041499032723,2.0443548387096806,0.0,2.4005009766462364,36.16467499210873,analytic,0.5598686506009604
299,seasonal_naive,1.5836041499032723,2.0443548387096806,0.9166666666666666,2.0613911290322653,2.53316532258067,empirical,0.5598686506009604
299,theta,3.2056759318868764,3.761041074054535,0.625,9.320289451500425,52.727657317158815,analytic,1.0815505485914272
299,theta,3.2056759318868764,3.761041074054535,0.6875,4.538602112272115,8.937433316116639,empirical,1.0815505485914272
300,naive,16.62756235532787,22.29320780094149,1.0,126.82895470943704,126.82895470943704,analytic,4.83660120357189
300,naive,16.62756235532787,22.29320780094149,0.9791666666666666,3.7655850706119764,3.765585070611995,empirical,4.83660120357189
300,naive2,3.4053060592330286,4.653761612646771,0.5833333333333334,10.42462632309894,54.3646693195164,analytic,1.0
300,naive2,3.4053060592330286,4.653761612646771,0.4583333333333333,16.22203390263214,38.74494046588584,empirical,1.0
300,seasonal_naive,1.0618092672431967,1.3900470746469429,0.4375,2.684930097931936,13.099556669681668,analytic,0.3052517288428329
300,seasonal_naive,1.0618092672431967,1.3900470746469429,0.9375,2.28243106926699,2.9905682582380435,empirical,0.3052517288428329
300,theta,3.7425589816928513,4.56883119077285,0.5416666666666666,10.42462632309894,53.31376155354387,analytic,1.0403938169536218
300,theta,3.7425589816928513,4.56883119077285,0.375,4.722350979687294,18.0079488427114,empirical,1.0403938169536218
301,naive,14.185099449140761,20.091805766312596,1.0,106.9047105804613,106.9047105804613,analytic,5.62914637763747
301,naive,14.185099449140761,20.091805766312596,0.7291666666666666,4.520656297420347,13.249791350531087,empirical,5.62914637763747
301,naive2,2.6233192663398035,3.4339196043458124,0.7291666666666666,10.52702959916046,33.8391814521595,analytic,1.0
301,naive2,2.6233192663398035,3.4339196043458124,0.4375,13.332549001281977,23.655191132253172,empirical,1.0
301,seasonal_naive,1.3065287403603987,1.8050075872534146,0.20833333333333334,2.71130472561667,23.717981662413308,analytic,0.5118423647260124
301,seasonal_naive,1.3065287403603987,1.8050075872534146,1.0,2.301384673748113,2.301384673748113,empirical,0.5118423647260124
301,theta,2.9828772452601977,3.7756446737787788,0.6458333333333334,10.527029599160462,48.97845221556128,analytic,1.1182884034742329
301,theta,2.9828772452601977,3.7756446737787788,0.4791666666666667,3.6272066040947624,14.734362573817334,empirical,1.1182884034742329
302,naive,22.266081514733504,34.9591573516767,0.875,166.4069857927412,194.37225748901417,analytic,8.43126816314945
302,naive,22.266081514733504,34.9591573516767,0.9583333333333334,4.38456577815994,4.384565778159976,empirical,8.43126816314945
302,naive2,2.4407625098971613,4.516719716483717,0.7916666666666666,13.757113666109998,43.80655855745248,analytic,1.0
302,naive2,2.4407625098971613,4.516719716483717,1.0,26.5952494453976,26.5952494453976,empirical,1.0
302,seasonal_naive,0.5085619374362902,0.8886500429922617,0.8541666666666666,3.5432338194189676,6.02656081574746,analytic,0.20255434287388174
302,seasonal_naive,0.5085619374362902,0.8886500429922617,0.9791666666666666,3.113628546861575,3.4154342218400906,empirical,0.20255434287388174
302,theta,1.7135461028770604,2.6936395285483146,0.8958333333333334,13.757113666110001,17.69737806780463,analytic,0.6492121746009998
302,theta,1.7135461028770604,2.6936395285483146,1.0,5.521519025207427,5.521519025207427,empirical,0.6492121746009998
303,naive,13.068813930801774,16.565176322418132,1.0,93.84351787657997,93.84351787657997,analytic,3.945804495697173
303,naive,13.068813930801774,16.565176322418132,0.875,3.1423488664987507,4.468545340050403,empirical,3.945804495697173
303,naive2,3.2690323037250035,4.254193195928904,0.5,9.437235738941412,47.81773719809127,analytic,1.0
303,naive2,3.2690323037250035,4.254193195928904,0.4375,14.393888839897095,25.782303704952227,empirical,1.0
303,seasonal_naive,0.7774757837203334,0.9700881612090673,0.6875,2.430621251201861,5.155823960797394,analytic,0.2329308073725334
303,seasonal_naive,0.7774757837203334,0.9700881612090673,0.9375,2.0832336272040375,3.0164829974811393,empirical,0.2329308073725334
303,theta,3.348244103561921,3.9058460672781443,0.5833333333333334,9.437235738941412,49.416632524840125,analytic,0.9711738606265046
303,theta,3.348244103561921,3.9058460672781443,0.6041666666666666,4.063877786176802,12.200750352232804,empirical,0.9711738606265046
304,naive,17.96492888111539,22.792051756007393,1.0,109.62546820926589,109.62546820926589,analytic,8.278304975563758
304,naive,17.96492888111539,22.792051756007393,0.75,4.0153419593345685,8.460813308687655,empirical,8.278304975563758
304,naive2,2.0761799493794446,2.8837070679537784,0.8125,10.086145919551079,19.92019140124187,analytic,1.0
304,naive2,2.0761799493794446,2.8837070679537784,0.9375,16.047865588178954,16.300117560145374,empirical,1.0
304,seasonal_naive,0.5766866475868994,0.7569316081330847,0.8541666666666666,2.5977522754490106,3.4859118275251695,analytic,0.2701244677585759
304,seasonal_naive,0.5766866475868994,0.7569316081330847,0.7708333333333334,2.1572550831793036,5.329158964879858,empirical,0.2701244677585759
304,theta,1.9393472900275506,2.3485944705390835,0.875,10.086145919551079,16.058698740410303,analytic,0.8742649478567941
304,theta,1.9393472900275506,2.3485944705390835,0.625,3.4940302770429095,7.031987215232304,empirical,0.8742649478567941
305,naive,16.072377427918415,18.874100719424458,1.0,95.10511544846814,95.10511544846814,analytic,4.834926600675056
305,naive,16.072377427918415,18.874100719424458,1.0,2.4026978417266265,2.4026978417266265,empirical,4.834926600675056
305,naive2,3.2311256521584375,4.01951325998457,0.5208333333333334,8.844379034912345,48.62457167733434,analytic,1.0
305,naive2,3.2311256521584375,4.01951325998457,0.4375,14.400878759867602,34.81287370522621,empirical,1.0
305,seasonal_naive,0.9597688692746211,1.111510791366905,0.4375,2.277927163272647,8.309275294531734,analytic,0.286783625419029
305,seasonal_naive,0.9597688692746211,1.111510791366905,1.0,2.002877697841735,2.002877697841735,empirical,0.286783625419029
305,theta,3.24289258632827,3.569714891933943,0.5833333333333334,8.844379034912345,38.565840557503236,analytic,0.9458690269846179
305,theta,3.24289258632827,3.569714891933943,0.4791666666666667,3.634591699730825,17.63176232181149,empirical,0.9458690269846179
306,naive,16.412967969893234,20.071512309495894,1.0,100.49754895480362,100.49754895480362,analytic,5.51762231088645
306,naive,16.412967969893234,20.071512309495894,0.9791666666666666,3.154747948417357,3.1547479484173735,empirical,5.51762231088645
306,naive2,2.89535584830348,3.7401338756226368,0.625,10.061447907982338,33.2406897970963,analytic,1.0
306,naive2,2.89535584830348,3.7401338756226368,0.4375,15.168398157408374,27.166790176048433,empirical,1.0
306,seasonal_naive,0.9871184735172894,1.188745603751465,0.375,2.59139114243909,5.837657576483328,analytic,0.32938335013755965
306,seasonal_naive,0.9871184735172894,1.188745603751465,1.0,2.307766705744439,2.307766705744439,empirical,0.32938335013755965
306,theta,2.8680926282589465,3.2092948665121335,0.75,10.061447907982338,30.94781657567061,analytic,0.9243266634061662
306,theta,2.8680926282589465,3.2092948665121335,0.8333333333333334,3.6305347048321157,5.545104285408209,empirical,0.9243266634061662
307,naive,15.651354988620364,20.081535532994927,1.0,95.7477217133207,95.7477217133207,analytic,6.189044897876517
307,naive,15.651354988620364,20.081535532994927,0.4375,2.7789974619289413,19.779631979695434,empirical,6.189044897876517
307,naive2,2.557009605127651,3.209384820372898,0.6458333333333334,8.94023077528471,25.22379886696929,analytic,1.0
307,naive2,2.557009605127651,3.209384820372898,0.8125,13.713294537976223,15.111503977042593,empirical,1.0
307,seasonal_naive,1.9489813073616695,2.4869923857868024,0.0,2.302614400463577,55.730021822664135,analytic,0.7685618353062295
307,seasonal_naive,1.9489813073616695,2.4869923857868024,0.6875,1.8602950507614304,7.9231123096446865,empirical,0.7685618353062295
307,theta,2.969444830858496,3.361743669451352,0.6041666666666666,8.940230775284707,45.4728446356664,analytic,1.1043844186877023
307,theta,2.969444830858496,3.361743669451352,0.6666666666666666,3.289123529243952,7.514699102462667,empirical,1.1043844186877023
308,naive,16.109512862195462,19.97391819798458,1.0,100.03792674292413,100.03792674292413,analytic,5.3281392725677605
308,naive,16.109512862195462,19.97391819798458,1.0,2.8804979253112086,2.8804979253112086,empirical,5.3281392725677605
308,naive2,2.9663623496962983,3.82235813973451,0.6875,10.112442975557496,31.715926710419275,analytic,1.0
308,naive2,2.9663623496962983,3.82235813973451,0.4791666666666667,15.163620978332029,26.650649721781562,empirical,1.0
308,seasonal_naive,0.887898576208371,1.0865441612329538,0.5416666666666666,2.6045252527213383,4.981710534596835,analytic,0.29179126275940215
308,seasonal_naive,0.887898576208371,1.0865441612329538,0.9791666666666666,2.292145820983998,2.292145820984014,empirical,0.29179126275940215
308,theta,2.9430133540965433,3.307927990301394,0.7083333333333334,10.1124429755575,34.44560738739541,analytic,0.9287721235696349
308,theta,2.9430133540965433,3.307927990301394,0.8333333333333334,3.6177139519308747,6.030046276601575,empirical,0.9287721235696349
309,naive,16.457226923716966,20.53256238587949,1.0,99.5716855436139,99.5716855436139,analytic,6.604884433770414
309,naive,16.457226923716966,20.53256238587949,0.8958333333333334,2.706618989653075,4.297002434570878,empirical,6.604884433770414
309,naive2,2.423588211964699,3.1985521077757415,0.7708333333333334,10.53047287813269,21.54526974959948,analytic,1.0
309,naive2,2.423588211964699,3.1985521077757415,0.8958333333333334,14.780637375277863,15.251189105928782,empirical,1.0
309,seasonal_naive,0.6886329720412,0.8545343883140617,0.875,2.712191564440593,3.6145331221800876,analytic,0.27565032883471074
309,seasonal_naive,0.6886329720412,0.8545343883140617,0.9166666666666666,2.3653986609860094,3.481040779062662,empirical,0.27565032883471074
309,theta,2.389064330957173,2.7558630777395585,0.8333333333333334,10.53047287813269,24.052439076481917,analytic,0.9236760551748306
309,theta,2.389064330957173,2.7558630777395585,0.8541666666666666,3.597602557396513,4.29195696156961,empirical,0.9236760551748306
310,naive,10.489907543368961,11.960477941176475,0.9375,61.65995279151015,65.6316746626513,analytic,4.618884032791226
310,naive,10.489907543368961,11.960477941176475,1.0,2.2540900735294187,2.2540900735294187,empirical,4.618884032791226
310,naive2,2.213930478520163,2.6581023468520546,0.7708333333333334,8.857507738107683,20.67797250185441,analytic,1.0
310,naive2,2.213930478520163,2.6581023468520546,0.3333333333333333,9.248355580119611,20.188677717997436,empirical,1.0
310,seasonal_naive,0.6800771485827316,0.7527573529411775,0.9166666666666666,2.281308545901028,3.410305021774667,analytic,0.29518720676363697
310,seasonal_naive,0.6800771485827316,0.7527573529411775,0.8958333333333334,1.9356617647058896,3.3216911764705914,empirical,0.29518720676363697
310,theta,2.1624620521266196,2.424109533622009,0.8333333333333334,8.857507738107683,19.549016112436437,analytic,0.9443612205056121
310,theta,2.1624620521266196,2.424109533622009,0.3541666666666667,2.8026921678101506,9.799238253992154,empirical,0.9443612205056121
311,naive,22.437428897140055,27.818497109826588,0.875,126.5193358092896,152.22616638683928,analytic,12.809792388386477
311,naive,22.437428897140055,27.818497109826588,0.6458333333333334,5.710794797687865,12.113106936416179,empirical,12.809792388386477
311,naive2,1.694254773023901,2.2477157829661256,0.875,10.111753165733015,15.088022477824255,analytic,1.0
311,naive2,1.694254773023901,2.2477157829661256,0.75,15.608588870992772,17.552665282724742,empirical,1.0
311,seasonal_naive,1.0014393210427213,1.2398843930635866,0.3541666666666667,2.6043475877286157,7.259384347689546,analytic,0.5713496361939316
311,seasonal_naive,1.0014393210427213,1.2398843930635866,1.0,2.221647398843939,2.221647398843939,empirical,0.5713496361939316
311,theta,1.82778234328654,2.087187510646726,0.875,10.111753165733019,16.70248158466337,analytic,1.0036967874514509
311,theta,1.82778234328654,2.087187510646726,0.75,2.425094941529053,5.381168607501904,empirical,1.0036967874514509
312,naive,23.70720838378271,36.12916666666666,1.0,188.97793000963782,188.97793000963782,analytic,9.099385174684233
312,naive,23.70720838378271,36.12916666666666,0.7291666666666666,6.065989583333342,13.974322916666658,empirical,9.099385174684233
312,naive2,2.500700183063234,4.1439458602983015,0.6666666666666666,11.156109375867734,30.57638894485372,analytic,1.0
312,naive2,2.500700183063234,4.1439458602983015,0.22916666666666666,22.090618607824958,41.129852016323895,empirical,1.0
312,seasonal_naive,0.20699891035053805,0.2437499999999998,0.9791666666666666,2.873328300767671,2.9648520079939877,analytic,0.07079856492841341
312,seasonal_naive,0.20699891035053805,0.2437499999999998,0.5208333333333334,2.5695312500000074,12.346614583333213,empirical,0.07079856492841341
312,theta,1.9558692320693654,2.7706298610033637,0.875,11.156109375867734,22.169223780037225,analytic,0.7253628307056381
312,theta,1.9558692320693654,2.7706298610033637,0.4166666666666667,3.970616105087641,14.608471509818655,empirical,0.7253628307056381
313,naive,26.041868195063984,50.49008498583568,1.0,267.0217529118285,267.0217529118285,analytic,12.740467609693962
313,naive,26.041868195063984,50.49008498583568,0.6458333333333334,5.9908640226628975,20.758569405099074,empirical,12.740467609693962
313,naive2,2.096986305617951,3.865351453490166,0.7916666666666666,14.756396053156584,24.92417618322784,analytic,1.0
313,naive2,2.096986305617951,3.865351453490166,0.9583333333333334,33.52973057615359,35.15508486014749,empirical,1.0
313,seasonal_naive,0.35981791556661014,0.7365439093484403,1.0,3.800605477084008,3.800605477084008,analytic,0.18106920860449396
313,seasonal_naive,0.35981791556661014,0.7365439093484403,0.8958333333333334,3.2058073654391026,7.146317280453282,empirical,0.18106920860449396
313,theta,1.879208900748127,2.9970997505101775,0.875,14.756396053156587,34.86623815990778,analytic,0.8357615888070835
313,theta,1.879208900748127,2.9970997505101775,0.8333333333333334,5.510881559964542,9.936335026417668,empirical,0.8357615888070835
314,naive,13.77818088142744,56.41920731707315,1.0,394.41671522255484,394.41671522255484,analytic,6.217901479155147
314,naive,13.77818088142744,56.41920731707315,0.3333333333333333,11.26006097560977,82.83932926829202,empirical,6.217901479155147
314,naive2,2.1702626073959688,9.268530795630209,0.7708333333333334,30.5056717396314,62.50530972356341,analytic,1.0
314,naive2,2.1702626073959688,9.268530795630209,0.3541666666666667,46.2054339189822,106.25734934821712,empirical,1.0
314,seasonal_naive,0.38423820440085255,1.4862804878048699,0.9791666666666666,7.856933541097891,8.777626843980936,analytic,0.16870229678710233
314,seasonal_naive,0.38423820440085255,1.4862804878048699,0.9583333333333334,6.061051829268331,8.201295731707352,empirical,0.16870229678710233
314,theta,2.2221247312393033,8.741411185691122,0.7708333333333334,30.505671739631406,65.64081442471615,analytic,0.9835123669166718
314,theta,2.2221247312393033,8.741411185691122,0.22916666666666666,9.271292140682057,82.52935563167023,empirical,0.9835123669166718
315,naive,26.102121041448573,50.97543500511772,1.0,267.9624581949433,267.9624581949433,analytic,9.691464743794684
315,naive,26.102121041448573,50.97543500511772,0.6041666666666666,9.507497441146382,40.60371033776858,empirical,9.691464743794684
315,naive2,2.6184507855154098,5.414627646932787,0.8333333333333334,16.690057246288422,29.803949193985964,analytic,1.0
315,naive2,2.6184507855154098,5.414627646932787,0.4166666666666667,30.827929587640647,75.48490296280819,empirical,1.0
315,seasonal_naive,0.7699732044702465,1.716479017400204,0.5833333333333334,4.298632454332942,19.32478753278658,analytic,0.3055322729046499
315,seasonal_naive,0.7699732044702465,1.716479017400204,0.3541666666666667,3.6984135107471974,47.60834186284538,empirical,0.3055322729046499
315,theta,2.1461063679097934,4.0718508153065365,0.8958333333333334,16.69005724628842,20.03211461542695,analytic,0.7858092960288823
315,theta,2.1461063679097934,4.0718508153065365,0.3333333333333333,4.909089498427867,50.585629929532985,empirical,0.7858092960288823
316,naive,20.664933009083228,26.007291082445313,1.0,127.04847616930616,127.04847616930616,analytic,9.17323650600186
316,naive,20.664933009083228,26.007291082445313,0.7708333333333334,4.068970835670225,6.409408300616975,empirical,9.17323650600186
316,naive2,2.210929264382245,2.889777766886436,0.6875,7.9782955062951615,25.24842108649739,analytic,1.0
316,naive2,2.210929264382245,2.889777766886436,0.4583333333333333,15.670367131231945,23.004080758238665,empirical,1.0
316,seasonal_naive,1.3884149637046272,1.6623667975322474,0.041666666666666664,2.054861735195416,27.99595503833805,analytic,0.6016178361541684
316,seasonal_naive,1.3884149637046272,1.6623667975322474,0.9791666666666666,1.6372125630959145,1.63721256309593,empirical,0.6016178361541684
316,theta,2.307791014398478,2.58483102067689,0.75,7.9782955062951615,24.545849805135596,analytic,0.9691422023785115
316,theta,2.307791014398478,2.58483102067689,0.6458333333333334,2.6163470635178223,10.725051911413532,empirical,0.9691422023785115
317,naive,17.214348757792962,26.759807846277017,1.0,142.51742516185953,142.51742516185953,analytic,5.755574233568826
317,naive,17.214348757792962,26.759807846277017,0.75,3.1732385908727094,8.481485188150474,empirical,5.755574233568826
317,naive2,2.9310129610547726,4.746351268763402,0.4791666666666667,9.026496329430133,70.85145225887727,analytic,1.0
317,naive2,2.9310129610547726,4.746351268763402,0.875,20.288862220026903,22.10581354063974,empirical,1.0
317,seasonal_naive,0.7955000175362082,1.1865492393915122,0.5,2.3248326532393673,8.850999713870163,analytic,0.2606998766584083
317,seasonal_naive,0.7955000175362082,1.1865492393915122,0.9583333333333334,1.7907526020816864,2.696277021617312,empirical,0.2606998766584083
317,theta,3.088285582300025,4.439010827136701,0.5,9.026496329430133,63.41687998461963,analytic,0.9944525603488186
317,theta,3.088285582300025,4.439010827136701,0.8333333333333334,4.3284253321869,6.7941350312542825,empirical,0.9944525603488186
318,naive,19.85661044593441,30.21527244819647,1.0,162.88427049663056,162.88427049663056,analytic,6.364369127731013
318,naive,19.85661044593441,30.21527244819647,0.6875,7.083154259401381,15.104643131235449,empirical,6.364369127731013
318,naive2,3.1887742007421136,4.647286105909039,0.5625,10.622074025986684,57.10132983314518,analytic,1.0
318,naive2,3.1887742007421136,4.647286105909039,0.6041666666666666,19.88592077872811,25.570190834925604,empirical,1.0
318,seasonal_naive,0.9846647664214435,1.4815809669992315,0.5,2.7357840339695407,15.740393974843904,analytic,0.31379831293935
318,seasonal_naive,0.9846647664214435,1.4815809669992315,0.9791666666666666,2.207405986185737,2.2074059861857585,empirical,0.31379831293935
318,theta,3.513262011398808,4.667870528998042,0.5833333333333334,10.622074025986684,66.47472766275853,analytic,1.0530943809869662
318,theta,3.513262011398808,4.667870528998042,0.5208333333333334,5.513787062991452,12.317235464268673,empirical,1.0530943809869662
319,naive,19.057767506510068,32.634905660377356,1.0,177.06650314087847,177.06650314087847,analytic,11.101651084930115
319,naive,19.057767506510068,32.634905660377356,0.8333333333333334,4.932028301886803,7.654669811320786,empirical,11.101651084930115
319,naive2,1.7027658541823592,2.9638295633667364,0.875,12.248421747044985,20.448536772184806,analytic,1.0
319,naive2,1.7027658541823592,2.9638295633667364,0.5416666666666666,19.608306520286554,27.177442974419716,empirical,1.0
319,seasonal_naive,0.6276809640949205,1.0301886792452846,0.9375,3.154660434008624,4.872604777197917,analytic,0.35810568622617134
319,seasonal_naive,0.6276809640949205,1.0301886792452846,1.0,2.553396226415109,2.553396226415109,empirical,0.35810568622617134
319,theta,1.9566540138595212,3.1442844973846356,0.8125,12.248421747044981,22.459581895844085,analytic,1.104994560800561
319,theta,1.9566540138595212,3.1442844973846356,0.6458333333333334,3.803078397594091,8.561519577513439,empirical,1.104994560800561
320,naive,7.5187046707374625,61.05357142857128,1.0,397.33104355320205,397.33104355320205,analytic,27.969482212936654
320,naive,7.5187046707374625,61.05357142857128,0.9791666666666666,12.253273809523861,13.646130952380943,empirical,27.969482212936654
320,naive2,0.2709793104874269,2.1655924985151915,1.0,35.05093276448868,35.05093276448868,analytic,1.0
320,naive2,0.2709793104874269,2.1655924985151915,1.0,45.76856951271364,45.76856951271364,empirical,1.0
320,seasonal_naive,0.42182920706527,3.3273809523809184,0.8958333333333334,9.027594987403733,17.94563132307765,analytic,1.5465801045915788
320,seasonal_naive,0.42182920706527,3.3273809523809184,0.6875,7.188690476190542,44.795833333333206,empirical,1.5465801045915788
320,theta,0.3357444102938948,2.71213186635189,1.0,35.05093276448867,35.05093276448867,analytic,1.2456889566870428
320,theta,0.3357444102938948,2.71213186635189,0.8541666666666666,11.402882711078862,22.449385915360452,empirical,1.2456889566870428
321,naive,22.564524669615878,31.30332880434782,0.9375,142.39261556154128,146.32090182273717,analytic,15.73847314832334
321,naive,22.564524669615878,31.30332880434782,0.5208333333333334,5.567832880434786,16.5630774456522,empirical,15.73847314832334
321,naive2,1.4109738001345475,2.021554360567505,0.9375,9.891497103015046,10.388822845709903,analytic,1.0
321,naive2,1.4109738001345475,2.021554360567505,0.5833333333333334,17.60649915617314,22.99099235828443,empirical,1.0
321,seasonal_naive,0.6682868133154919,0.9670516304347805,0.6875,2.5476192107379534,6.247464041445255,analytic,0.4760027501117612
321,seasonal_naive,0.6682868133154919,0.9670516304347805,0.8541666666666666,1.979806385869577,4.814724864130475,empirical,0.4760027501117612
321,theta,1.1413522675261145,1.3944559009217088,0.8958333333333334,9.891497103015046,14.84162973606549,analytic,0.7493524726630667
321,theta,1.1413522675261145,1.3944559009217088,0.6041666666666666,2.7691462730266485,6.624756051594967,empirical,0.7493524726630667
322,naive,15.202183556009416,19.61214057507987,1.0,100.94864740902636,100.94864740902636,analytic,5.677095554863531
322,naive,15.202183556009416,19.61214057507987,0.9375,2.3400000000000114,3.835207667731609,empirical,5.677095554863531
322,naive2,2.621393390219978,3.530592258109978,0.625,9.413480007603457,30.940225364178605,analytic,1.0
322,naive2,2.621393390219978,3.530592258109978,0.7916666666666666,14.259266367664239,16.858505975351786,empirical,1.0
322,seasonal_naive,1.293953328977281,1.6198083067092635,0.16666666666666666,2.4245028085747022,21.4346380936556,analytic,0.476202516179971
322,seasonal_naive,1.293953328977281,1.6198083067092635,1.0,2.2023162939297185,2.2023162939297185,empirical,0.476202516179971
322,theta,2.808573362013732,3.3560576578372294,0.6666666666666666,9.413480007603457,31.49219164092096,analytic,1.010984913415442
322,theta,2.808573362013732,3.3560576578372294,0.6666666666666666,3.6106978341651215,7.543092017740245,empirical,1.010984913415442
323,naive,16.61211918410772,25.521377672209017,1.0,131.40473509539035,131.40473509539035,analytic,6.486076463553006
323,naive,16.61211918410772,25.521377672209017,0.9166666666666666,2.897209026128275,4.070605700712627,empirical,6.486076463553006
323,naive2,2.5009812841025285,4.03186899989188,0.6875,11.237601532536045,32.002293965136936,analytic,1.0
323,naive2,2.5009812841025285,4.03186899989188,0.9375,19.737904988283937,20.439819666781517,empirical,1.0
323,seasonal_naive,0.4957201456754265,0.7565320665083154,0.9791666666666666,2.894317134074752,3.1304170194218948,analytic,0.19292415768003485
323,seasonal_naive,0.4957201456754265,0.7565320665083154,0.9791666666666666,2.4108669833729355,3.0284441805225657,empirical,0.19292415768003485
323,theta,2.448259053695492,3.486645319817177,0.7916666666666666,11.237601532536047,32.66144110134996,analytic,0.9218454308377797
323,theta,2.448259053695492,3.486645319817177,0.875,4.239852788766405,4.689926128497505,empirical,0.9218454308377797
324,naive,25.597835452979794,5.576713303296182,0.75,21.495961670856882,50.79099624929277,analytic,0.9361761225585168
324,naive,25.597835452979794,5.576713303296182,0.6666666666666666,14.555522290728007,23.58646846099123,empirical,0.9361761225585168
324,naive2,27.502435942524794,5.922565606014864,0.75,21.560999374146014,57.15048780247292,analytic,1.0
324,naive2,27.502435942524794,5.922565606014864,0.75,15.809754778899952,17.309539772540663,empirical,1.0
324,seasonal_naive,7.204152787901393,1.5860801517666585,0.875,5.553175180280911,8.43224283882614,analytic,0.26487443674308264
324,seasonal_naive,7.204152787901393,1.5860801517666585,0.7708333333333334,5.396371828313968,9.146549679867201,empirical,0.26487443674308264
324,theta,23.257921297250796,5.142479709400832,0.7916666666666666,21.560999374146018,43.49590413369346,analytic,0.856976749753583
324,theta,23.257921297250796,5.142479709400832,1.0,12.99390034589671,12.99390034589671,empirical,0.856976749753583
325,naive,21.781693939958615,41.25965665236051,0.9583333333333334,190.95088517763193,194.75285852350615,analytic,28.22721395609291
325,naive,21.781693939958615,41.25965665236051,0.6458333333333334,5.121888412017168,14.495278969957253,empirical,28.22721395609291
325,naive2,0.7770728552587235,1.4515787363718748,0.9791666666666666,16.86628355786334,16.970299961233007,analytic,1.0
325,naive2,0.7770728552587235,1.4515787363718748,0.9791666666666666,27.427700696426523,27.79379023909828,empirical,1.0
325,seasonal_naive,0.2728742098249081,0.543991416309019,1.0,4.344020683448323,4.344020683448323,analytic,0.36295749810314093
325,seasonal_naive,0.2728742098249081,0.543991416309019,1.0,3.7744635193133167,3.7744635193133167,empirical,0.36295749810314093
325,theta,1.0289361745042158,1.79701532359536,0.9375,16.86628355786334,19.410201261662458,analytic,1.2810455265581917
325,theta,1.0289361745042158,1.79701532359536,0.8333333333333334,4.945182312905213,9.307212378029302,empirical,1.2810455265581917
326,naive,16.76623475042257,20.126785714285717,0.8958333333333334,93.88915451328731,109.25257942546023,analytic,4.734558348303608
326,naive,16.76623475042257,20.126785714285717,1.0,5.7362500000000045,5.7362500000000045,empirical,4.734558348303608
326,naive2,3.378683669607927,4.465910614870677,0.5416666666666666,9.692358746111166,59.252188709647825,analytic,1.0
326,naive2,3.378683669607927,4.465910614870677,0.375,15.464559378416338,40.61914564013394,empirical,1.0
326,seasonal_naive,0.48649317540527875,0.5339285714285732,0.8333333333333334,2.4963298357970922,3.1388437447712527,analytic,0.1317727261428422
326,seasonal_naive,0.48649317540527875,0.5339285714285732,0.7916666666666666,2.2413392857142926,5.305624999999941,empirical,0.1317727261428422
326,theta,3.0743407990695704,3.6365043166161524,0.6458333333333334,9.692358746111168,33.411889757184944,analytic,0.8621016185951852
326,theta,3.0743407990695704,3.6365043166161524,0.4166666666666667,4.403810050835552,31.663874594016438,empirical,0.8621016185951852
327,naive,13.35702960573862,15.921912114014255,1.0,82.81178292289901,82.81178292289901,analytic,4.03209130291182
327,naive,13.35702960573862,15.921912114014255,0.9583333333333334,3.0344269596199527,3.0344269596199855,empirical,4.03209130291182
327,naive2,3.276146020218281,3.99332959453745,0.4791666666666667,8.781632548785797,42.188787617975876,analytic,1.0
327,naive2,3.276146020218281,3.99332959453745,0.2708333333333333,12.729431844463582,43.49470121255489,empirical,1.0
327,seasonal_naive,0.49783427067221786,0.5210807600950107,0.8125,2.261766398951807,3.992055463265184,analytic,0.14122254079044713
327,seasonal_naive,0.49783427067221786,0.5210807600950107,0.5,2.0634798099762524,8.501722090261259,empirical,0.14122254079044713
327,theta,3.1849281445683575,3.541110086871613,0.6458333333333334,8.781632548785797,42.8926561597042,analytic,0.9294566171756126
327,theta,3.1849281445683575,3.541110086871613,0.4166666666666667,3.8884727309665887,26.907261356706627,empirical,0.9294566171756126
328,naive,61.262872940876164,2.009007955077211,1.0,17.335510737394767,17.335510737394767,analytic,2.1862578947101947
328,naive,61.262872940876164,2.009007955077211,0.9375,3.2904539073467483,4.443238184370612,empirical,2.1862578947101947
328,naive2,27.23261963789241,0.9463497730252206,1.0,26.78475340925099,26.78475340925099,analytic,1.0
328,naive2,27.23261963789241,0.9463497730252206,0.9583333333333334,3.691139677198992,3.8629898925006922,empirical,1.0
328,seasonal_naive,30.6774831918964,1.044805802526907,0.9583333333333334,6.8985869004083815,7.854403152396243,analytic,1.1152676835888093
328,seasonal_naive,30.6774831918964,1.044805802526907,0.875,3.8817501169864297,6.153860552175947,empirical,1.1152676835888093
328,theta,26.419397756617197,0.910557572661856,1.0,26.78475340925099,26.78475340925099,analytic,0.9661583129508227
328,theta,26.419397756617197,0.910557572661856,0.9166666666666666,3.3481222014416363,4.621959811102752,empirical,0.9661583129508227
329,naive,55.41192930964497,1.4303830772468955,1.0,20.24234641537434,20.24234641537434,analytic,2.5473511101892847
329,naive,55.41192930964497,1.4303830772468955,0.875,3.927499473794991,5.721121869080194,empirical,2.5473511101892847
329,naive2,19.75689882301025,0.6246174455723912,1.0,29.126133496114907,29.126133496114907,analytic,1.0
329,naive2,19.75689882301025,0.6246174455723912,0.9375,4.76051762126607,5.554000356750105,empirical,1.0
329,seasonal_naive,38.072919480484636,1.4468006735424122,0.8958333333333334,7.501624522197269,10.063856469859699,analytic,2.1216842364627917
329,seasonal_naive,38.072919480484636,1.4468006735424122,0.7291666666666666,5.175544622184803,10.810884550620923,empirical,2.1216842364627917
329,theta,31.020150282069864,1.1651584810438291,1.0,29.126133496114907,29.126133496114907,analytic,1.717743714877881
329,theta,31.020150282069864,1.1651584810438291,0.7916666666666666,4.53651071456934,7.427727226068536,empirical,1.717743714877881
330,naive,55.315830366778115,2.840589306406224,1.0,23.751439186715917,23.751439186715917,analytic,1.8283769635889198
330,naive,55.315830366778115,2.840589306406224,0.7083333333333334,5.741863929812946,17.046118192352257,empirical,1.8283769635889198
330,naive2,28.58504392929862,1.649949443809429,1.0,25.193942709773673,25.193942709773673,analytic,1.0
330,naive2,28.58504392929862,1.649949443809429,0.8125,7.09621382874295,14.210186191567288,empirical,1.0
330,seasonal_naive,23.335942356221175,1.3557358053302433,0.875,6.48886329068296,11.288952564158121,analytic,0.8190260961666913
330,seasonal_naive,23.335942356221175,1.3557358053302433,0.7916666666666666,4.422926667770238,13.635474259228602,empirical,0.8190260961666913
330,theta,22.08986089737461,1.3402446330695796,1.0,25.193942709773673,25.193942709773673,analytic,0.7925356188047381
330,theta,22.08986089737461,1.3402446330695796,0.7708333333333334,3.9731640314895427,14.512188303656373,empirical,0.7925356188047381
331,naive,108.82923292180446,3.5418997361477573,1.0,26.266477310850433,26.266477310850433,analytic,2.069558581876729
331,naive,108.82923292180446,3.5418997361477573,0.875,3.799310026385225,5.316091029023747,empirical,2.069558581876729
331,naive2,48.67454577706806,1.860962744531283,1.0,30.567861362646727,30.567861362646727,analytic,1.0
331,naive2,48.67454577706806,1.860962744531283,0.9375,6.96984278774606,7.326154601747082,empirical,1.0
331,seasonal_naive,40.96010016154688,1.5661741424802111,0.8333333333333334,7.8729508817139875,18.139543808982236,analytic,0.8415515749602738
331,seasonal_naive,40.96010016154688,1.5661741424802111,0.8333333333333334,5.098709762532982,6.3911635883905,empirical,0.8415515749602738
331,theta,25.117565750357635,1.101241244432999,1.0,30.567861362646727,30.567861362646727,analytic,0.5538948538255917
331,theta,25.117565750357635,1.101241244432999,0.9583333333333334,4.487990713689259,5.471712442404781,empirical,0.5538948538255917
332,naive,109.59359746917666,3.4473708712553246,0.9583333333333334,34.069176909500065,35.11039855488774,analytic,2.474196997538887
332,naive,109.59359746917666,3.4473708712553246,0.7291666666666666,3.874490817252857,6.2075370685039895,empirical,2.474196997538887
332,naive2,43.299227005226044,1.426113430457652,1.0,37.69700007671372,37.69700007671372,analytic,1.0
332,naive2,43.299227005226044,1.426113430457652,0.7708333333333334,8.323541249046688,9.332193702298353,empirical,1.0
332,seasonal_naive,58.1762534833466,2.2088289378738857,0.9166666666666666,9.709106779534219,12.964785551773963,analytic,1.4462158097109137
332,seasonal_naive,58.1762534833466,2.2088289378738857,0.5,4.9749185307604575,33.8366070389423,empirical,1.4462158097109137
332,theta,53.810871760618106,1.7330701096677685,1.0,37.69700007671372,37.69700007671372,analytic,1.2290037546812909
332,theta,53.810871760618106,1.7330701096677685,0.4166666666666667,5.0551235016849345,17.882224610370187,empirical,1.2290037546812909
333,naive,104.91953523748438,4.533613445378151,0.9583333333333334,33.727429335729376,35.76253461107973,analytic,2.2370118779621873
333,naive,104.91953523748438,4.533613445378151,0.5833333333333334,3.855286300566738,11.321965995700603,empirical,2.2370118779621873
333,naive2,43.36669256992165,2.206496334992876,1.0,32.984851015034806,32.984851015034806,analytic,1.0
333,naive2,43.36669256992165,2.206496334992876,0.7916666666666666,6.285066823529113,9.37332535597706,empirical,1.0
333,seasonal_naive,15.644251534349188,0.7583545045925347,1.0,8.4954622373208,8.4954622373208,analytic,0.35221759569954625
333,seasonal_naive,15.644251534349188,0.7583545045925347,0.9166666666666666,5.163225522767247,6.667231776431502,empirical,0.35221759569954625
333,theta,15.765860602539611,0.8069778424174204,1.0,32.984851015034806,32.984851015034806,analytic,0.36463792098827086
333,theta,15.765860602539611,0.8069778424174204,0.9375,4.641113707813733,5.632907717476727,empirical,0.36463792098827086
334,naive,66.81535934342061,1.439509954058193,1.0,13.97473891155928,13.97473891155928,analytic,1.1680877785373998
334,naive,66.81535934342061,1.439509954058193,0.7708333333333334,3.8613705972434924,5.711294027565084,empirical,1.1680877785373998
334,naive2,46.37532586769175,1.6076308157147192,1.0,33.03707987068203,33.03707987068203,analytic,1.0
334,naive2,46.37532586769175,1.6076308157147192,0.875,4.899966828311289,9.089664231355735,empirical,1.0
334,seasonal_naive,62.68100850170046,2.699846860643185,0.625,8.508914117720295,24.101596208125457,analytic,1.5154986817002436
334,seasonal_naive,62.68100850170046,2.699846860643185,0.6041666666666666,5.532120980091885,17.163055130168452,empirical,1.5154986817002436
334,theta,71.52775868278538,3.0828587835933647,1.0,33.03707987068203,33.03707987068203,analytic,1.7300038596702505
334,theta,71.52775868278538,3.0828587835933647,0.20833333333333334,5.1952110398088065,31.252048300957004,empirical,1.7300038596702505
335,naive,69.03702783514406,1.340065865869677,1.0,12.763796725201916,12.763796725201916,analytic,4.726625565252694
335,naive,69.03702783514406,1.340065865869677,0.9791666666666666,3.733735318193068,3.761947231158745,empirical,4.726625565252694
335,naive2,14.3064137388672,0.28957796978643563,1.0,34.60760537478513,34.60760537478513,analytic,1.0
335,naive2,14.3064137388672,0.28957796978643563,1.0,4.927377739160454,4.927377739160454,empirical,1.0
335,seasonal_naive,65.3786413392094,1.1923245321809979,1.0,8.913413143857337,8.913413143857337,analytic,4.343669624556411
335,seasonal_naive,65.3786413392094,1.1923245321809979,0.7291666666666666,6.042434943176411,13.88237707258571,empirical,4.343669624556411
335,theta,36.02943438406334,0.6522870338604059,1.0,34.60760537478513,34.60760537478513,analytic,2.38547751671204
335,theta,36.02943438406334,0.6522870338604059,0.9791666666666666,6.123263986931047,6.54702878197744,empirical,2.38547751671204
336,naive,83.37787683828536,2.1690442936951317,0.9791666666666666,48.45589816470754,48.741098517947535,analytic,2.1674001868042496
336,naive,83.37787683828536,2.1690442936951317,0.9791666666666666,3.7122998553471667,3.885434332601757,empirical,2.1674001868042496
336,naive2,33.27959824533855,1.1856424676075787,1.0,47.94573157323353,47.94573157323353,analytic,1.0
336,naive2,33.27959824533855,1.1856424676075787,0.9583333333333334,5.9752323683072595,6.03681188631237,empirical,1.0
336,seasonal_naive,46.27349225965533,1.4920690343176377,0.9375,12.348734024460626,15.828831682867467,analytic,1.3244469692899425
336,seasonal_naive,46.27349225965533,1.4920690343176377,0.6875,5.33942350857941,10.612243740023942,empirical,1.3244469692899425
336,theta,36.2781873612237,1.2445562202553855,1.0,47.94573157323353,47.94573157323353,analytic,1.0698961156014708
336,theta,36.2781873612237,1.2445562202553855,0.7916666666666666,4.551903232637971,5.305196724770754,empirical,1.0698961156014708
337,naive,62.806731608619245,2.245474084483756,1.0,21.475878146258555,21.475878146258555,analytic,3.6591956244889947
337,naive,62.806731608619245,2.245474084483756,0.9583333333333334,3.957063734810284,5.343357857319996,empirical,3.6591956244889947
337,naive2,16.27602122250368,0.6490670891265791,1.0,26.528554672141272,26.528554672141272,analytic,1.0
337,naive2,16.27602122250368,0.6490670891265791,0.9791666666666666,5.37107292593038,5.915778415462521,empirical,1.0
337,seasonal_naive,33.54145722678678,1.2041415226915764,0.9583333333333334,6.832601254592587,9.337299607689463,analytic,1.95798889705773
337,seasonal_naive,33.54145722678678,1.2041415226915764,0.875,4.165652641150698,8.714631726874432,empirical,1.95798889705773
337,theta,17.628170327617546,0.7341750191950932,1.0,26.528554672141272,26.528554672141272,analytic,1.10709980851616
337,theta,17.628170327617546,0.7341750191950932,0.9166666666666666,3.93024437539067,5.754025019594004,empirical,1.10709980851616
338,naive,76.24328836260098,1.296332392921262,1.0,12.725633418169922,12.725633418169922,analytic,4.547815416513849
338,naive,76.24328836260098,1.296332392921262,1.0,3.3789664016414482,3.3789664016414482,empirical,4.547815416513849
338,naive2,16.01822983387209,0.2989800984639659,1.0,35.77299106471025,35.77299106471025,analytic,1.0
338,naive2,16.01822983387209,0.2989800984639659,0.9791666666666666,3.98306867396981,4.065876924243782,empirical,1.0
338,seasonal_naive,76.47379745550715,1.2053090536034883,1.0,9.21356578411514,9.21356578411514,analytic,4.402787553678468
338,seasonal_naive,76.47379745550715,1.2053090536034883,0.7708333333333334,5.707688509874328,11.108073223903565,empirical,4.402787553678468
338,theta,43.69594777680532,0.678619488800127,1.0,35.77299106471025,35.77299106471025,analytic,2.4988350754611695
338,theta,43.69594777680532,0.678619488800127,0.9583333333333334,5.168136939287882,5.45737085862715,empirical,2.4988350754611695
339,naive,48.5610178129394,1.341351888667992,1.0,16.311576996312855,16.311576996312855,analytic,1.7077609057674172
339,naive,48.5610178129394,1.341351888667992,0.9791666666666666,4.708610337972168,4.888491053677933,empirical,1.7077609057674172
339,naive2,28.505196371937526,0.7835287395783975,1.0,27.024654223070552,27.024654223070552,analytic,1.0
339,naive2,28.505196371937526,0.7835287395783975,0.9791666666666666,5.390690876844227,5.536507395493051,empirical,1.0
339,seasonal_naive,31.97733827973029,1.2669184890656062,0.9166666666666666,6.960374910412662,8.819789821156304,analytic,1.369373365184995
339,seasonal_naive,31.97733827973029,1.2669184890656062,0.9791666666666666,5.547459244532805,5.761455268389663,empirical,1.369373365184995
339,theta,36.40838595710414,1.155576783343154,1.0,27.024654223070552,27.024654223070552,analytic,1.3760454227569263
339,theta,36.40838595710414,1.155576783343154,0.9166666666666666,4.89226586029708,5.454523683347115,empirical,1.3760454227569263
340,naive,103.70184884866302,3.312687863454422,0.8958333333333334,12.800685933484623,19.79757344558285,analytic,1.586067045581415
340,naive,103.70184884866302,3.312687863454422,0.6041666666666666,4.091701155501852,37.20090740880598,empirical,1.586067045581415
340,naive2,62.096745702872255,2.205327708194907,1.0,28.719077334886016,28.719077334886016,analytic,1.0
340,naive2,62.096745702872255,2.205327708194907,0.5208333333333334,6.228522542865963,35.464897601556885,empirical,1.0
340,seasonal_naive,50.41696758020334,1.6461823125141606,0.9583333333333334,7.396784568710364,10.186803923096118,analytic,0.7791834918355127
340,seasonal_naive,50.41696758020334,1.6461823125141606,0.6666666666666666,4.379274979231176,13.691441734008006,empirical,0.7791834918355127
340,theta,39.51172967236858,1.5687109444470861,1.0,28.719077334886016,28.719077334886016,analytic,0.6738104492352532
340,theta,39.51172967236858,1.5687109444470861,0.7083333333333334,4.2142215428259835,15.854894060843428,empirical,0.6738104492352532
341,naive,86.37176231832348,3.527367662945625,0.9583333333333334,20.08911016549849,23.385834441302446,analytic,1.8665509186567506
341,naive,86.37176231832348,3.527367662945625,0.75,3.6163905893650226,33.33335133837474,empirical,1.8665509186567506
341,naive2,42.230611355074096,2.0898446239811173,1.0,27.223124594147507,27.223124594147507,analytic,1.0
341,naive2,42.230611355074096,2.0898446239811173,0.75,4.88278587920538,32.914326280380635,empirical,1.0
341,seasonal_naive,36.67212551624141,1.8483375345096626,0.875,7.011492241272904,28.513477616745792,analytic,0.8764077903385101
341,seasonal_naive,36.67212551624141,1.8483375345096626,0.75,4.249303805065418,32.277871804105146,empirical,0.8764077903385101
341,theta,33.71681553251931,1.809181158105872,1.0,27.223124594147507,27.223124594147507,analytic,0.8320493999928467
341,theta,33.71681553251931,1.809181158105872,0.7708333333333334,3.72622123028189,32.25658510219127,empirical,0.8320493999928467
342,naive,78.6446838899504,2.8735513111039173,0.8333333333333334,14.14275456943338,45.70477007039112,analytic,1.6142753112967563
342,naive,78.6446838899504,2.8735513111039173,0.8125,3.1366024603431537,35.255734865652315,empirical,1.6142753112967563
342,naive2,44.2053212330602,1.982479623312279,1.0,28.348383667990934,28.348383667990934,analytic,1.0
342,naive2,44.2053212330602,1.982479623312279,0.7916666666666666,3.643417836180507,36.99414616504968,empirical,1.0
342,seasonal_naive,29.849725656106603,1.4898025250890257,0.8541666666666666,7.301310011396589,22.536209617147744,analytic,0.713368136817668
342,seasonal_naive,29.849725656106603,1.4898025250890257,0.8125,4.309253803820008,21.136447070249275,empirical,0.713368136817668
342,theta,29.03653394938235,1.5558490466310018,1.0,28.348383667990934,28.348383667990934,analytic,0.7208277966369898
342,theta,29.03653394938235,1.5558490466310018,0.8333333333333334,4.1359859066151765,32.770423486248205,empirical,0.7208277966369898
343,naive,48.748109971599824,1.7862460281434407,1.0,18.4707047878149,18.4707047878149,analytic,2.392844400927765
343,naive,48.748109971599824,1.7862460281434407,0.9375,3.5477961870177035,4.836584203359056,empirical,2.392844400927765
343,naive2,19.311355751843294,0.7898971743496066,1.0,28.296492018995224,28.296492018995224,analytic,1.0
343,naive2,19.311355751843294,0.7898971743496066,0.9583333333333334,4.5660676824057695,5.0941630770225155,empirical,1.0
343,seasonal_naive,26.595008494486017,1.014389468906037,1.0,7.287944980756483,7.287944980756483,analytic,1.330686933886331
343,seasonal_naive,26.595008494486017,1.014389468906037,0.8333333333333334,5.090712664548343,9.109323649568768,empirical,1.330686933886331
343,theta,19.255255989898306,0.769385922133545,1.0,28.296492018995224,28.296492018995224,analytic,0.9855639977995956
343,theta,19.255255989898306,0.769385922133545,0.9375,4.61343247114484,6.30201125850109,empirical,0.9855639977995956
344,naive,97.79916461095517,2.835453195843197,1.0,19.801936625594657,19.801936625594657,analytic,2.0605648164799897
344,naive,97.79916461095517,2.835453195843197,0.8333333333333334,4.1033874332945475,6.582061750190584,empirical,2.0605648164799897
344,naive2,46.03684706410711,1.420025260772056,1.0,27.96114183026634,27.96114183026634,analytic,1.0
344,naive2,46.03684706410711,1.420025260772056,0.875,8.291224125522193,10.96010030155532,empirical,1.0
344,seasonal_naive,41.94591798220247,1.3488745335633752,0.9375,7.201573365395053,10.322280766320654,analytic,0.9305163425347962
344,seasonal_naive,41.94591798220247,1.3488745335633752,0.7916666666666666,4.131828030333428,8.618165951129477,empirical,0.9305163425347962
344,theta,35.4040039608297,1.0994964820555178,1.0,27.96114183026634,27.96114183026634,analytic,0.7716578837732408
344,theta,35.4040039608297,1.0994964820555178,0.8125,3.737202855589333,6.150521215013117,empirical,0.7716578837732408
345,naive,79.27689273858456,2.05600347425464,1.0,11.445753674455688,11.445753674455688,analytic,1.624991394015942
345,naive,79.27689273858456,2.05600347425464,0.8125,4.2775292196144346,8.646536602405543,empirical,1.624991394015942
345,naive2,47.97837232109576,1.2869032917129244,1.0,29.287670526395388,29.287670526395388,analytic,1.0
345,naive2,47.97837232109576,1.2869032917129244,0.7916666666666666,4.685657328834188,8.864493007509653,empirical,1.0
345,seasonal_naive,78.31869356834264,1.6973810917467573,0.9375,7.543229431676813,9.191805308180754,analytic,1.475670248389768
345,seasonal_naive,78.31869356834264,1.6973810917467573,0.6458333333333334,4.661152074167784,12.405775476293877,empirical,1.475670248389768
345,theta,64.76824591222822,1.5891966592661098,1.0,29.287670526395388,29.287670526395388,analytic,1.292423271687325
345,theta,64.76824591222822,1.5891966592661098,0.6666666666666666,4.193934129971428,10.87393573384623,empirical,1.292423271687325
346,naive,56.36102000031126,1.2465829727066284,1.0,18.636349883681575,18.636349883681575,analytic,2.0631976745933587
346,naive,56.36102000031126,1.2465829727066284,0.9583333333333334,3.9005430823942766,4.528847637002443,empirical,2.0631976745933587
346,naive2,23.87127274154576,0.7061369732628381,1.0,31.24860979959585,31.24860979959585,analytic,1.0
346,naive2,23.87127274154576,0.7061369732628381,0.9583333333333334,4.399701400088214,5.577698603983554,empirical,1.0
346,seasonal_naive,39.56787244365461,1.4270534298813147,0.9166666666666666,8.048282055305776,11.158610355578867,analytic,1.8392409539705312
346,seasonal_naive,39.56787244365461,1.4270534298813147,0.8541666666666666,4.89112536955311,11.531769784480915,empirical,1.8392409539705312
346,theta,29.126132603503603,0.9235063400325408,1.0,31.24860979959585,31.24860979959585,analytic,1.263981053620773
346,theta,29.126132603503603,0.9235063400325408,0.9166666666666666,4.136262190628249,5.463883952379726,empirical,1.263981053620773
347,naive,87.47029494188166,2.8766175312253854,1.0,18.84502991877478,18.84502991877478,analytic,2.0951768660847296
347,naive,87.47029494188166,2.8766175312253854,0.75,3.5709772701699114,7.530806233824688,empirical,2.0951768660847296
347,naive2,41.08387861824143,1.395544001104894,1.0,26.327975647027205,26.327975647027205,analytic,1.0
347,naive2,41.08387861824143,1.395544001104894,0.7291666666666666,5.452735409029558,8.968915737437694,empirical,1.0
347,seasonal_naive,30.304160126479555,0.9705749971869022,1.0,6.780940826213557,6.780940826213557,analytic,0.7165491491394835
347,seasonal_naive,30.304160126479555,0.9705749971869022,0.8541666666666666,4.257401260267808,6.792452458647463,empirical,0.7165491491394835
347,theta,23.628868652205703,0.8966366415710869,1.0,26.327975647027205,26.327975647027205,analytic,0.6088184853197185
347,theta,23.628868652205703,0.8966366415710869,0.9166666666666666,3.5673507745261475,5.545234928860175,empirical,0.6088184853197185
348,naive,27.920617709712687,0.2968459095389333,1.0,17.342492131074295,17.342492131074295,analytic,0.39050329411638185
348,naive,27.920617709712687,0.2968459095389333,0.5833333333333334,4.581464242689738,20.4830084328113,empirical,0.39050329411638185
348,naive2,57.63233259697772,1.0010127456574065,1.0,27.462539058270654,27.462539058270654,analytic,1.0
348,naive2,57.63233259697772,1.0010127456574065,0.9583333333333334,6.78173711737128,6.793933354315748,empirical,1.0
348,seasonal_naive,83.00672858435651,1.911345964297448,0.875,7.073154988759606,9.679674593956262,analytic,1.6748463904383823
348,seasonal_naive,83.00672858435651,1.911345964297448,0.7083333333333334,5.07537098893878,12.722890428211588,empirical,1.6748463904383823
348,theta,69.8300933737547,1.4705951775743373,1.0,27.462539058270654,27.462539058270654,analytic,1.3403776106903167
348,theta,69.8300933737547,1.4705951775743373,0.9166666666666666,5.230682526479413,6.893754432179513,empirical,1.3403776106903167
349,naive,80.15117077144716,2.991414340018351,1.0,15.734528299252583,15.734528299252583,analytic,2.051212138742693
349,naive,80.15117077144716,2.991414340018351,0.8333333333333334,4.366604404246954,19.711341591296364,empirical,2.051212138742693
349,naive2,34.593709001534464,1.675397594818047,1.0,29.41769119694,29.41769119694,analytic,1.0
349,naive2,34.593709001534464,1.675397594818047,0.7708333333333334,5.023858725723067,19.55671128023244,empirical,1.0
349,seasonal_naive,35.891130322376135,1.709988202909949,0.8541666666666666,7.5767170983689995,19.958793111668996,analytic,1.0290753768291074
349,seasonal_naive,35.891130322376135,1.709988202909949,0.8125,5.471195438458515,23.73322191637174,empirical,1.0290753768291074
349,theta,39.1818431241112,1.801938151575201,1.0,29.41769119694,29.41769119694,analytic,1.1040789099911588
349,theta,39.1818431241112,1.801938151575201,0.75,4.741149187744651,22.471659986361587,empirical,1.1040789099911588
350,naive,30.618870875687332,0.6305793404991802,1.0,14.170574421757108,14.170574421757108,analytic,1.3004071893959637
350,naive,30.618870875687332,0.6305793404991802,1.0,6.104718527965022,6.104718527965022,empirical,1.3004071893959637
350,naive2,22.117631672507628,0.5183768850876196,1.0,33.124272475205004,33.124272475205004,analytic,1.0
350,naive2,22.117631672507628,0.5183768850876196,1.0,6.134509551459223,6.134509551459223,empirical,1.0
350,seasonal_naive,20.79752747904895,0.467161595919111,1.0,8.53137113833139,8.53137113833139,analytic,0.9207575330444171
350,seasonal_naive,20.79752747904895,0.467161595919111,1.0,6.592840225906358,6.592840225906358,empirical,0.9207575330444171
350,theta,19.396918253102093,0.41475896777655624,1.0,33.124272475205004,33.124272475205004,analytic,0.8385498903915684
350,theta,19.396918253102093,0.41475896777655624,0.9791666666666666,6.824652032613182,6.921527327545225,empirical,0.8385498903915684
351,naive,108.95121284468658,3.5983149784593667,0.9791666666666666,33.73409485220396,35.080186871409744,analytic,3.4171570671175093
351,naive,108.95121284468658,3.5983149784593667,0.9166666666666666,3.986531590478011,4.539324521033362,empirical,3.4171570671175093
351,naive2,28.806569039319584,1.1789448879680633,1.0,34.53442595935837,34.53442595935837,analytic,1.0
351,naive2,28.806569039319584,1.1789448879680633,0.9583333333333334,7.606434568864459,7.9545106153863445,empirical,1.0
351,seasonal_naive,23.02665755030374,1.0218641102174648,0.9583333333333334,8.89456531095296,13.147436587669771,analytic,0.8330579772062596
351,seasonal_naive,23.02665755030374,1.0218641102174648,0.9375,5.531283909955743,5.884520886327212,empirical,0.8330579772062596
351,theta,19.225761612339156,0.8592596238018578,1.0,34.53442595935837,34.53442595935837,analytic,0.6981233790914187
351,theta,19.225761612339156,0.8592596238018578,0.9583333333333334,5.507626193061137,5.697447207586378,empirical,0.6981233790914187
352,naive,69.90133314047708,2.8247251919891583,0.9791666666666666,17.645346451863308,17.94778463841438,analytic,2.545272879146836
352,naive,69.90133314047708,2.8247251919891583,0.9166666666666666,3.3993600361391363,5.66618732118657,empirical,2.545272879146836
352,naive2,25.289304156366192,1.2141633708235013,1.0,27.77907544230168,27.77907544230168,analytic,1.0
352,naive2,25.289304156366192,1.2141633708235013,0.9583333333333334,4.008206841747869,4.501095065854595,empirical,1.0
352,seasonal_naive,35.519404543544844,1.3653817196205391,1.0,7.154680986741163,7.154680986741163,analytic,1.2645340582368476
352,seasonal_naive,35.519404543544844,1.3653817196205391,0.7083333333333334,4.832350173166693,11.550615494654421,empirical,1.2645340582368476
352,theta,17.1798850194231,0.7798274340140968,1.0,27.77907544230168,27.77907544230168,analytic,0.6608047869349192
352,theta,17.1798850194231,0.7798274340140968,0.9583333333333334,3.9728162471886095,4.937246970630678,empirical,0.6608047869349192
353,naive,76.50391180305537,3.034434943378785,1.0,16.191507793434738,16.191507793434738,analytic,2.356650618115527
353,naive,76.50391180305537,3.034434943378785,0.7708333333333334,3.7189854402588405,10.581014559741153,empirical,2.356650618115527
353,naive2,30.930589856913876,1.3547219195802376,1.0,30.513652065823692,30.513652065823692,analytic,1.0
353,naive2,30.930589856913876,1.3547219195802376,0.8333333333333334,4.416970045678804,11.03396168272212,empirical,1.0
353,seasonal_naive,35.05124404319922,1.6013404206147446,0.8958333333333334,7.858988925849401,14.935328528763987,analytic,1.1576331263751136
353,seasonal_naive,35.05124404319922,1.6013404206147446,0.7708333333333334,5.116928587936215,11.933891841922804,empirical,1.1576331263751136
353,theta,32.64232557432789,1.4960052439467448,1.0,30.513652065823692,30.513652065823692,analytic,1.0798153655516112
353,theta,32.64232557432789,1.4960052439467448,0.7916666666666666,4.919452888258478,12.113075355716965,empirical,1.0798153655516112
354,naive,69.16548276862927,3.1243718592964824,1.0,29.966127059012962,29.966127059012962,analytic,3.8922656370095314
354,naive,69.16548276862927,3.1243718592964824,0.9583333333333334,4.240577889447237,4.760678391959799,empirical,3.8922656370095314
354,naive2,16.828829576137032,0.8502638184422531,1.0,28.654031003259217,28.654031003259217,analytic,1.0
354,naive2,16.828829576137032,0.8502638184422531,0.9791666666666666,7.33650078326289,7.935381338709777,empirical,1.0
354,seasonal_naive,23.12750655240309,1.2525125628140703,0.9375,7.380031464269784,11.748006308262783,analytic,1.4236829756465206
354,seasonal_naive,23.12750655240309,1.2525125628140703,0.9375,5.095226130653267,6.346482412060303,empirical,1.4236829756465206
354,theta,21.829158022478193,1.1549300996349292,1.0,28.654031003259217,28.654031003259217,analytic,1.3277242085510377
354,theta,21.829158022478193,1.1549300996349292,0.8958333333333334,4.289862664497628,5.161388554986886,empirical,1.3277242085510377
355,naive,108.29698839397813,3.6710158434296365,0.9375,22.17625201198185,27.124119134143562,analytic,2.3600446864549065
355,naive,108.29698839397813,3.6710158434296365,0.625,3.9745107176141663,8.183712660028446,empirical,2.3600446864549065
355,naive2,42.131474117804956,1.707738327974288,1.0,34.28679770594334,34.28679770594334,analytic,1.0
355,naive2,42.131474117804956,1.707738327974288,0.7708333333333334,7.146581564598605,9.748580393797866,empirical,1.0
355,seasonal_naive,96.4850994788022,3.423603276597832,0.6458333333333334,8.83078704877975,38.019888594343534,analytic,2.1474271041285773
355,seasonal_naive,96.4850994788022,3.423603276597832,0.3541666666666667,5.04522367194781,70.2919985775249,empirical,2.1474271041285773
355,theta,66.45305123783388,2.4087384810513277,1.0,34.28679770594334,34.28679770594334,analytic,1.4938813090530125
355,theta,66.45305123783388,2.4087384810513277,0.2708333333333333,4.285098313946313,47.83870319337274,empirical,1.4938813090530125
356,naive,62.67806130525392,2.649707694738505,1.0,23.676798920706712,23.676798920706712,analytic,1.678955022660368
356,naive,62.67806130525392,2.649707694738505,0.8333333333333334,4.557805340496128,8.729554431979773,empirical,1.678955022660368
356,naive2,35.996238759883106,1.6389901949598025,1.0,25.694926464149138,25.694926464149138,analytic,1.0
356,naive2,35.996238759883106,1.6389901949598025,0.8541666666666666,6.67997277650105,9.529067596237137,empirical,1.0
356,seasonal_naive,16.41602671759978,0.7579396429135724,1.0,6.617894904767498,6.617894904767498,analytic,0.4592457253562898
356,seasonal_naive,16.41602671759978,0.7579396429135724,0.9375,4.713090535629642,5.594272396903145,empirical,0.4592457253562898
356,theta,18.33636812888052,0.9051186079668765,1.0,25.694926464149138,25.694926464149138,analytic,0.5308192024730544
356,theta,18.33636812888052,0.9051186079668765,0.8541666666666666,4.163174073077756,7.227251983421169,empirical,0.5308192024730544
357,naive,59.92294686501146,1.5915457306783665,0.9166666666666666,11.710156924090171,13.523480350847088,analytic,0.8307894099761783
357,naive,59.92294686501146,1.5915457306783665,0.4791666666666667,4.234131370232873,9.37512023287209,empirical,0.8307894099761783
357,naive2,64.19802749023378,2.185676076465958,1.0,31.2586186374568,31.2586186374568,analytic,1.0
357,naive2,64.19802749023378,2.185676076465958,0.5208333333333334,4.508612892334759,10.226293512246357,empirical,1.0
357,seasonal_naive,50.23947198738609,1.537799527505906,0.9375,8.050859896389504,9.27855194388352,analytic,0.7430755237521119
357,seasonal_naive,50.23947198738609,1.537799527505906,0.8958333333333334,4.917256581167737,6.798373692203848,empirical,0.7430755237521119
357,theta,56.98507056806407,1.9047304845876247,1.0,31.2586186374568,31.2586186374568,analytic,0.8795528740450221
357,theta,56.98507056806407,1.9047304845876247,0.7083333333333334,4.51845504798895,6.311620269203632,empirical,0.8795528740450221
358,naive,67.21277656232631,2.6041055718475072,1.0,32.978102393302954,32.978102393302954,analytic,4.438301727085107
358,naive,67.21277656232631,2.6041055718475072,0.9791666666666666,3.566129032258065,3.7948680351906163,empirical,4.438301727085107
358,naive2,14.583430929855481,0.6101811431959098,1.0,33.85806817085555,33.85806817085555,analytic,1.0
358,naive2,14.583430929855481,0.6101811431959098,0.9583333333333334,4.87122161638262,5.611028884857541,empirical,1.0
358,seasonal_naive,11.415387492043342,0.49266862170087977,1.0,8.720364977335432,8.720364977335432,analytic,0.7950889506558418
358,seasonal_naive,11.415387492043342,0.49266862170087977,0.9583333333333334,4.973900293255132,5.504692082111436,empirical,0.7950889506558418
358,theta,12.525908955037726,0.488657075093851,1.0,33.85806817085555,33.85806817085555,analytic,0.8298765406256936
358,theta,12.525908955037726,0.488657075093851,0.8958333333333334,4.081179332653591,4.986790601140879,empirical,0.8298765406256936
359,naive,74.41127924629441,1.4674973911975937,1.0,13.774980641763152,13.774980641763152,analytic,1.376012129323689
359,naive,74.41127924629441,1.4674973911975937,0.8541666666666666,5.737364188815911,7.180921981462157,empirical,1.376012129323689
359,naive2,54.95441911495595,1.0497347288263565,1.0,29.063518001748257,29.063518001748257,analytic,1.0
359,naive2,54.95441911495595,1.0497347288263565,0.8958333333333334,7.046153860871343,8.072809884527077,empirical,1.0
359,seasonal_naive,38.05931824051671,0.8666134675587748,1.0,7.485497495653461,7.485497495653461,analytic,0.7590581436234021
359,seasonal_naive,38.05931824051671,0.8666134675587748,1.0,5.503893253943894,5.503893253943894,empirical,0.7590581436234021
359,theta,46.538404320839575,0.9113774053940075,1.0,29.063518001748257,29.063518001748257,analytic,0.8575262265658288
359,theta,46.538404320839575,0.9113774053940075,0.9166666666666666,5.872034983428893,6.571962126099816,empirical,0.8575262265658288
360,naive,57.03492794742936,2.6192805301356894,0.875,17.287278239151103,19.442997426526297,analytic,0.8101479441832676
360,naive,57.03492794742936,2.6192805301356894,0.5625,5.823694383086147,23.918677027453455,empirical,0.8101479441832676
360,naive2,63.12293516355153,3.6544222219778426,1.0,30.056885978981455,30.056885978981455,analytic,1.0
360,naive2,63.12293516355153,3.6544222219778426,0.625,7.070200810015703,22.427530564049622,empirical,1.0
360,seasonal_naive,22.72769742104095,0.9435153045124645,1.0,7.741345858724792,7.741345858724792,analytic,0.30911952228667616
360,seasonal_naive,22.72769742104095,0.9435153045124645,0.9583333333333334,5.085291101293785,6.1949471442095305,empirical,0.30911952228667616
360,theta,33.821678998461095,1.2509984768042948,1.0,30.056885978981455,30.056885978981455,analytic,0.43906552998015874
360,theta,33.821678998461095,1.2509984768042948,0.7708333333333334,4.386007421282717,9.1316364138371,empirical,0.43906552998015874
361,naive,101.99508775965012,3.1595684270300963,0.9583333333333334,21.69365790654322,22.042799063089163,analytic,3.073102130585606
361,naive,101.99508775965012,3.1595684270300963,0.8958333333333334,3.7216744747302672,4.413752839295854,empirical,3.073102130585606
361,naive2,30.11673288559174,1.144959582984642,1.0,29.931728463340654,29.931728463340654,analytic,1.0
361,naive2,30.11673288559174,1.144959582984642,1.0,5.992824393759052,5.992824393759052,empirical,1.0
361,seasonal_naive,12.816711886130877,0.5019875070982397,1.0,7.709110729108512,7.709110729108512,analytic,0.43200015857183094
361,seasonal_naive,12.816711886130877,0.5019875070982397,1.0,4.7512563884156735,4.7512563884156735,empirical,0.43200015857183094
361,theta,11.510614078265702,0.46452930714081586,1.0,29.931728463340654,29.931728463340654,analytic,0.3939583660330668
361,theta,11.510614078265702,0.46452930714081586,1.0,4.0989459930682415,4.0989459930682415,empirical,0.3939583660330668
362,naive,103.6880502470141,3.7151321786690974,1.0,33.20492904232809,33.20492904232809,analytic,3.126148855317987
362,naive,103.6880502470141,3.7151321786690974,0.8958333333333334,4.366750227894257,6.697424794895169,empirical,3.126148855317987
362,naive2,30.98469035959467,1.2784925552836464,1.0,32.01235316734949,32.01235316734949,analytic,1.0
362,naive2,30.98469035959467,1.2784925552836464,0.9583333333333334,7.989666924519007,8.482901037983295,empirical,1.0
362,seasonal_naive,26.187800729098456,1.0699635369188696,0.9583333333333334,8.244989111426715,10.013002372682811,analytic,0.8410398923490078
362,seasonal_naive,26.187800729098456,1.0699635369188696,0.9166666666666666,5.238291932543301,6.842211713764813,empirical,0.8410398923490078
362,theta,21.647035715172457,0.8773204825702052,1.0,32.01235316734949,32.01235316734949,analytic,0.6924256394826264
362,theta,21.647035715172457,0.8773204825702052,0.9166666666666666,5.346292008175787,6.685999750015077,empirical,0.6924256394826264
363,naive,47.78940858402126,2.2139447664507332,1.0,22.106361637496587,22.106361637496587,analytic,3.19396709483482
363,naive,47.78940858402126,2.2139447664507332,0.9375,3.2705548926014325,4.174748550971702,empirical,3.19396709483482
363,naive2,14.758634044632421,0.7028686791092119,1.0,25.459669920307064,25.459669920307064,analytic,1.0
363,naive2,14.758634044632421,0.7028686791092119,0.9375,3.777290773062303,3.998530545936231,empirical,1.0
363,seasonal_naive,13.511598665543298,0.718036140470508,1.0,6.557303056607203,6.557303056607203,analytic,0.9685420279413469
363,seasonal_naive,13.511598665543298,0.718036140470508,0.9791666666666666,4.255361404705082,4.8204824411865,empirical,0.9685420279413469
363,theta,14.877497837850031,0.7099238123713042,1.0,25.459669920307064,25.459669920307064,analytic,1.0090457371676793
363,theta,14.877497837850031,0.7099238123713042,0.9166666666666666,3.4942648767782973,4.19622689657991,empirical,1.0090457371676793
364,naive,61.80611914251296,3.0648945744407303,1.0,30.638002240242415,30.638002240242415,analytic,4.3690122946996635
364,naive,61.80611914251296,3.0648945744407303,0.9583333333333334,4.182985664695294,4.9727131010542545,empirical,4.3690122946996635
364,naive2,13.25301673673038,0.7522185355783659,1.0,28.395107681916652,28.395107681916652,analytic,1.0
364,naive2,13.25301673673038,0.7522185355783659,0.9791666666666666,6.799915153302554,7.015523278784682,empirical,1.0
364,seasonal_naive,20.52165392950674,1.2472679352018514,0.9375,7.313344084119886,10.041101412913939,analytic,1.6032853200102775
364,seasonal_naive,20.52165392950674,1.2472679352018514,0.875,5.129655759835434,5.8040579197737205,empirical,1.6032853200102775
364,theta,17.610874837891622,1.1373388227532801,1.0,28.395107681916652,28.395107681916652,analytic,1.4203996715771499
364,theta,17.610874837891622,1.1373388227532801,0.9375,4.553809943039168,5.029478024650891,empirical,1.4203996715771499
365,naive,58.548420245048305,1.3089564502875923,1.0,29.495643670186396,29.495643670186396,analytic,0.4913334108650671
365,naive,58.548420245048305,1.3089564502875923,0.1875,2.462274034511093,32.20837099424815,empirical,0.4913334108650671
365,naive2,89.81904994933019,3.9567239306565387,0.9583333333333334,39.90662607702682,45.87109052160598,analytic,1.0
365,naive2,89.81904994933019,3.9567239306565387,0.0625,3.624774124430907,89.43819748555873,empirical,1.0
365,seasonal_naive,34.33943388188113,0.9219391947411668,0.9583333333333334,10.278210282099863,13.949317322957926,analytic,0.30766181416027766
365,seasonal_naive,34.33943388188113,0.9219391947411668,0.8333333333333334,3.9186113393590793,5.216474938373048,empirical,0.30766181416027766
365,theta,33.12359944423744,0.9771847387126366,1.0,39.90662607702682,39.90662607702682,analytic,0.30787479343056895
365,theta,33.12359944423744,0.9771847387126366,0.7916666666666666,2.8166190259201023,5.3837037647565005,empirical,0.30787479343056895
366,naive,79.55383748364396,2.8468457605864765,1.0,24.442846822163713,24.442846822163713,analytic,3.3666004567718355
366,naive,79.55383748364396,2.8468457605864765,0.9166666666666666,3.811171264589564,4.623749638275296,empirical,3.3666004567718355
366,naive2,22.97218435599031,0.870555024350686,1.0,26.845786294457902,26.845786294457902,analytic,1.0
366,naive2,22.97218435599031,0.870555024350686,1.0,6.11454248837477,6.11454248837477,empirical,1.0
366,seasonal_naive,25.34288343175481,1.0241873251663933,0.9166666666666666,6.914306315702202,8.417250097351571,analytic,1.139837472866108
366,seasonal_naive,25.34288343175481,1.0241873251663933,0.875,4.322465515578277,5.768930259477188,empirical,1.139837472866108
366,theta,21.614061424577425,0.8249683692426807,1.0,26.845786294457902,26.845786294457902,analytic,0.9442573154072211
366,theta,21.614061424577425,0.8249683692426807,0.875,3.601265054021245,5.026250234380483,empirical,0.9442573154072211
367,naive,91.21019085554563,4.322315285671553,1.0,30.99337605248547,30.99337605248547,analytic,4.586174260782227
367,naive,91.21019085554563,4.322315285671553,0.8958333333333334,4.477183667364644,11.392888124439127,empirical,4.586174260782227
367,naive2,19.05407699423245,0.9856066365035605,1.0,30.364588324593036,30.364588324593036,analytic,1.0
367,naive2,19.05407699423245,0.9856066365035605,0.9583333333333334,7.855237132856966,8.449013066417795,empirical,1.0
367,seasonal_naive,16.279587673792197,0.8621298235118158,1.0,7.8205965928356305,7.8205965928356305,analytic,0.8645543326451595
367,seasonal_naive,16.279587673792197,0.8621298235118158,0.875,4.935897397547114,8.529077176189052,empirical,0.8645543326451595
367,theta,19.92611219276468,1.0715256568104559,1.0,30.364588324593036,30.364588324593036,analytic,1.066470037446291
367,theta,19.92611219276468,1.0715256568104559,0.875,4.617068156980982,9.30309442751659,empirical,1.066470037446291
368,naive,122.11823293966096,3.3986842825599006,0.9583333333333334,34.47327871257481,37.61962199025072,analytic,2.5683989813867667
368,naive,122.11823293966096,3.3986842825599006,0.7083333333333334,3.3085485136590087,5.2777997773682,empirical,2.5683989813867667
368,naive2,42.15501567609186,1.5173287318499873,1.0,39.25344187856587,39.25344187856587,analytic,1.0
368,naive2,42.15501567609186,1.5173287318499873,0.8333333333333334,6.422405207081873,8.432545397138124,empirical,1.0
368,seasonal_naive,59.52939001804346,2.033659373346229,0.9166666666666666,10.109978456844376,13.032341101038343,analytic,1.376221810072441
368,seasonal_naive,59.52939001804346,2.033659373346229,0.4583333333333333,4.890105658862388,26.474295151371372,empirical,1.376221810072441
368,theta,48.99233303566972,1.7192989440681514,1.0,39.25344187856587,39.25344187856587,analytic,1.1476518508741678
368,theta,48.99233303566972,1.7192989440681514,0.3958333333333333,4.402915334704454,19.59517942887826,empirical,1.1476518508741678
369,naive,88.50441799554622,4.399807227341045,0.875,25.162712963979143,36.51736727971942,analytic,0.506120636369231
369,naive,88.50441799554622,4.399807227341045,0.020833333333333332,3.217506371299746,190.70234594523953,empirical,0.506120636369231
369,naive2,129.4294727953456,13.39619575591192,0.625,33.3940628727739,138.33547990598294,analytic,1.0
369,naive2,129.4294727953456,13.39619575591192,0.0,5.285642690124428,443.01945995681626,empirical,1.0
369,seasonal_naive,38.823413294065816,1.2209534078285305,0.9583333333333334,8.60085740442044,10.737630283944421,analytic,0.19554992945071675
369,seasonal_naive,38.823413294065816,1.2209534078285305,0.75,4.015044435731556,14.0294533751552,empirical,0.19554992945071675
369,theta,55.15070928699708,2.5439188073017247,0.9791666666666666,33.3940628727739,33.973996553925495,analytic,0.30800243225515145
369,theta,55.15070928699708,2.5439188073017247,0.3333333333333333,3.709365014377583,38.41860296732897,empirical,0.30800243225515145
370,naive,58.58775942327927,1.9458939851689094,1.0,29.252878010528242,29.252878010528242,analytic,2.448906399802458
370,naive,58.58775942327927,1.9458939851689094,1.0,3.5606289480911837,3.5606289480911837,empirical,2.448906399802458
370,naive2,21.71390716908276,0.884639909069851,1.0,30.286710383306904,30.286710383306904,analytic,1.0
370,naive2,21.71390716908276,0.884639909069851,1.0,5.4443330143761015,5.4443330143761015,empirical,1.0
370,seasonal_naive,22.09185453374831,0.8961823674814612,0.9791666666666666,7.800538624133119,10.562287577042678,analytic,1.01522670445897
370,seasonal_naive,22.09185453374831,0.8961823674814612,0.9166666666666666,4.2629360065915956,4.916327931886843,empirical,1.01522670445897
370,theta,19.283078454420373,0.8062956976292092,1.0,30.286710383306904,30.286710383306904,analytic,0.8997457113722107
370,theta,19.283078454420373,0.8062956976292092,1.0,3.6439923821255653,3.6439923821255653,empirical,0.8997457113722107
371,naive,67.03210477307773,2.7909229984701684,1.0,21.17475549305693,21.17475549305693,analytic,3.7103221464637537
371,naive,67.03210477307773,2.7909229984701684,0.9166666666666666,3.535224375318715,4.406973482916877,empirical,3.7103221464637537
371,naive2,17.08397722391315,0.7980993993106849,1.0,28.13958402754699,28.13958402754699,analytic,1.0
371,naive2,17.08397722391315,0.7980993993106849,1.0,4.981889372581089,4.981889372581089,empirical,1.0
371,seasonal_naive,22.569236483751997,1.130290668026517,0.9791666666666666,7.247532310240713,7.952343831576286,analytic,1.3686520924819758
371,seasonal_naive,22.569236483751997,1.130290668026517,0.9166666666666666,5.096583375828659,7.914023457419681,empirical,1.3686520924819758
371,theta,20.344872029674473,0.9261016543959442,1.0,28.13958402754699,28.13958402754699,analytic,1.1756291519081843
371,theta,20.344872029674473,0.9261016543959442,0.9166666666666666,4.440406394391614,5.799258314142219,empirical,1.1756291519081843
372,naive,102.9515593897855,2.946532034595684,1.0,21.320862037009483,21.320862037009483,analytic,1.596383782367314
372,naive,102.9515593897855,2.946532034595684,0.8125,4.103326265849359,5.547528129985724,empirical,1.596383782367314
372,naive2,61.085998255406714,1.9546944487271662,1.0,30.21036231311185,30.21036231311185,analytic,1.0
372,naive2,61.085998255406714,1.9546944487271662,0.8333333333333334,5.977410303190096,7.881734550813482,empirical,1.0
372,seasonal_naive,46.622296124783745,1.5940255269124193,0.875,7.7808746836490865,17.2445191859901,analytic,0.7893548587643342
372,seasonal_naive,46.622296124783745,1.5940255269124193,0.875,5.1405071794441195,8.009261902762615,empirical,0.7893548587643342
372,theta,36.00779712172809,1.3411313995678769,1.0,30.21036231311185,30.21036231311185,analytic,0.6377843395880322
372,theta,36.00779712172809,1.3411313995678769,0.9375,4.637052100784727,5.630672231724144,empirical,0.6377843395880322
373,naive,104.51753630413094,4.159773309356438,0.9791666666666666,24.506340346005835,25.024837647974767,analytic,1.2529911996148155
373,naive,104.51753630413094,4.159773309356438,0.20833333333333334,4.28618876355512,37.28667920004359,empirical,1.2529911996148155
373,naive2,85.0103757658641,3.2586967274018193,1.0,29.755389492643456,29.755389492643456,analytic,1.0
373,naive2,85.0103757658641,3.2586967274018193,0.25,6.128090944650399,41.97933822273137,empirical,1.0
373,seasonal_naive,85.998841393727,3.3847746716800176,0.5833333333333334,7.66369348390576,38.59436937339131,analytic,1.0251586356544513
373,seasonal_naive,85.998841393727,3.3847746716800176,0.4166666666666667,5.220862623290284,62.579262710478986,empirical,1.0251586356544513
373,theta,78.83226613504556,3.0967513713432426,1.0,29.755389492643456,29.755389492643456,analytic,0.9388144357468926
373,theta,78.83226613504556,3.0967513713432426,0.22916666666666666,4.778004164245053,57.191437129100976,empirical,0.9388144357468926
374,naive,36.01567239551501,1.2804554499226177,1.0,17.62004014617631,17.62004014617631,analytic,1.1184155456068803
374,naive,36.01567239551501,1.2804554499226177,0.8541666666666666,4.297501658191466,6.022020782666373,empirical,1.1184155456068803
374,naive2,29.643210231253786,1.2530646782853894,1.0,27.695798725129325,27.695798725129325,analytic,1.0
374,naive2,29.643210231253786,1.2530646782853894,0.7916666666666666,4.673214225910538,11.13615825779005,empirical,1.0
374,seasonal_naive,42.595737337175,2.414326774264868,0.7083333333333334,7.133232528306008,30.522259976819527,analytic,1.6818425358985836
374,seasonal_naive,42.595737337175,2.414326774264868,0.5208333333333334,4.542598938757462,30.03099159849657,empirical,1.6818425358985836
374,theta,47.42094972473191,2.3564044800658155,1.0,27.695798725129325,27.695798725129325,analytic,1.7401184386746087
374,theta,47.42094972473191,2.3564044800658155,0.3125,4.235898864504583,32.91836208034697,empirical,1.7401184386746087
375,naive,102.05433617804707,4.818181818181818,0.9583333333333334,23.639356914775615,26.112954181069483,analytic,1.8871247251022147
375,naive,102.05433617804707,4.818181818181818,0.6041666666666666,4.701480716253444,23.638119834710736,empirical,1.8871247251022147
375,naive2,50.712975214095366,2.7347156556887504,1.0,28.249007990442237,28.249007990442237,analytic,1.0
375,naive2,50.712975214095366,2.7347156556887504,0.625,8.027000011281759,27.75287902079353,empirical,1.0
375,seasonal_naive,35.36664618480941,2.020661157024793,0.875,7.275715161338356,14.644596402212754,analytic,0.7181405538873769
375,seasonal_naive,35.36664618480941,2.020661157024793,0.7291666666666666,5.059263085399449,18.9504476584022,empirical,0.7181405538873769
375,theta,32.28623143680441,1.917960335383515,1.0,28.249007990442237,28.249007990442237,analytic,0.6689922433290706
375,theta,32.28623143680441,1.917960335383515,0.5625,4.7896853958894985,25.940542256794735,empirical,0.6689922433290706
376,naive,76.49598995023106,2.1826337712271706,1.0,39.63747025465124,39.63747025465124,analytic,1.639622169416616
376,naive,76.49598995023106,2.1826337712271706,0.9583333333333334,3.849755687279719,4.226718199295098,empirical,1.639622169416616
376,naive2,38.43188917555573,1.6935208711065965,1.0,37.296272510159824,37.296272510159824,analytic,1.0
376,naive2,38.43188917555573,1.6935208711065965,0.8541666666666666,5.680911286622097,13.326197196543518,empirical,1.0
376,seasonal_naive,42.98483628797351,2.093079141300865,0.9166666666666666,9.605896796637515,25.2109358320398,analytic,1.1772007141307361
376,seasonal_naive,42.98483628797351,2.093079141300865,0.8125,5.2763817686638905,11.478560557513616,empirical,1.1772007141307361
376,theta,38.49066306549416,1.7428818380476683,1.0,37.296272510159824,37.296272510159824,analytic,1.0153381246655693
376,theta,38.49066306549416,1.7428818380476683,0.8333333333333334,4.59687415656982,5.614782434656596,empirical,1.0153381246655693
377,naive,61.09867704105266,2.5765143464399576,1.0,23.55728568626074,23.55728568626074,analytic,2.8971749801056097
377,naive,61.09867704105266,2.5765143464399576,0.9375,4.374663478568898,4.512814381863266,empirical,2.8971749801056097
377,naive2,20.355858938232373,0.9225486706064459,1.0,26.367824326166883,26.367824326166883,analytic,1.0
377,naive2,20.355858938232373,0.9225486706064459,0.9791666666666666,5.537855137511843,6.066396209667484,empirical,1.0
377,seasonal_naive,23.866446831215978,1.0154091392136024,0.9583333333333334,6.791204111886243,7.671010107914445,analytic,1.136558626322171
377,seasonal_naive,23.866446831215978,1.0154091392136024,0.8333333333333334,4.559555437477861,9.712584130357774,empirical,1.136558626322171
377,theta,17.405058940690633,0.6854007966837158,1.0,26.367824326166883,26.367824326166883,analytic,0.7989909873544845
377,theta,17.405058940690633,0.6854007966837158,0.9791666666666666,4.209170991304217,4.417130064515409,empirical,0.7989909873544845
378,naive,48.64062178020006,1.6842048864123447,1.0,20.368467621322115,20.368467621322115,analytic,1.028156499472887
378,naive,48.64062178020006,1.6842048864123447,0.5416666666666666,3.725728675525076,9.279843549078443,empirical,1.028156499472887
378,naive2,42.998433855631646,1.8205759527897314,1.0,28.68208431398081,28.68208431398081,analytic,1.0
378,naive2,42.998433855631646,1.8205759527897314,0.6875,4.702736891038186,9.86129429940412,empirical,1.0
378,seasonal_naive,27.49542632280067,1.099121303043292,0.9791666666666666,7.387256776330724,7.458795988948827,analytic,0.6215867803859151
378,seasonal_naive,27.49542632280067,1.099121303043292,0.9375,5.1587655379339905,6.8805829404200605,empirical,0.6215867803859151
378,theta,28.408902951587155,1.089946979294424,1.0,28.68208431398081,28.68208431398081,analytic,0.6296893672734478
378,theta,28.408902951587155,1.089946979294424,0.9583333333333334,4.634174361399038,4.769647707635643,empirical,0.6296893672734478
379,naive,60.55853664303562,3.0515365338960696,1.0,25.54034790753948,25.54034790753948,analytic,2.2890715875486243
379,naive,60.55853664303562,3.0515365338960696,0.9791666666666666,6.023151872856767,9.124840081772618,empirical,2.2890715875486243
379,naive2,24.96157170703597,1.417952465190719,1.0,26.719810258712794,26.719810258712794,analytic,1.0
379,naive2,24.96157170703597,1.417952465190719,0.9791666666666666,10.498562093878991,14.099603207866101,empirical,1.0
379,seasonal_naive,22.804603683225665,1.1329134792930624,0.9583333333333334,6.881860370926154,9.113171333162189,analytic,0.8562834573706684
379,seasonal_naive,22.804603683225665,1.1329134792930624,0.8333333333333334,5.232041347929306,12.613339158533364,empirical,0.8562834573706684
379,theta,17.933915603690288,0.8771006389810505,1.0,26.719810258712794,26.719810258712794,analytic,0.6685147147581887
379,theta,17.933915603690288,0.8771006389810505,0.875,4.263049305608535,9.767855983829515,empirical,0.6685147147581887
380,naive,78.6748789984301,3.4618771516579088,1.0,23.912352007465714,23.912352007465714,analytic,2.832160010056421
380,naive,78.6748789984301,3.4618771516579088,0.8541666666666666,5.934939300597935,14.42038956332669,empirical,2.832160010056421
380,naive2,26.82716740227486,1.267314843003614,1.0,27.199716155655924,27.199716155655924,analytic,1.0
380,naive2,26.82716740227486,1.267314843003614,0.9375,9.813986159979581,16.376783696708713,empirical,1.0
380,seasonal_naive,32.92926666446638,1.5934951984055081,0.9166666666666666,7.005463246169992,10.609278640391187,analytic,1.2424193971830464
380,seasonal_naive,32.92926666446638,1.5934951984055081,0.8125,5.082048378329407,15.801925167602827,empirical,1.2424193971830464
380,theta,23.710288656183685,1.0940322637397273,1.0,27.199716155655924,27.199716155655924,analytic,0.8735421313538018
380,theta,23.710288656183685,1.0940322637397273,0.9166666666666666,4.811868125611439,11.431093909056337,empirical,0.8735421313538018
381,naive,69.49761999788522,2.2985189164300515,1.0,38.563924707177954,38.563924707177954,analytic,2.541473758251855
381,naive,69.49761999788522,2.2985189164300515,0.9583333333333334,4.508149796638784,4.657792955260533,empirical,2.541473758251855
381,naive2,24.420952198165423,1.0274417987390811,1.0,34.70565771846466,34.70565771846466,analytic,1.0
381,naive2,24.420952198165423,1.0274417987390811,1.0,7.814381055756184,7.814381055756184,empirical,1.0
381,seasonal_naive,28.549858744343148,1.2300667638707696,0.9791666666666666,8.938667160697692,13.374226559991731,analytic,1.1831426914863727
381,seasonal_naive,28.549858744343148,1.2300667638707696,0.8541666666666666,5.091084721049805,7.257917657892716,empirical,1.1831426914863727
381,theta,24.63840447784811,1.0382993494035522,1.0,34.70565771846466,34.70565771846466,analytic,1.0097359452116526
381,theta,24.63840447784811,1.0382993494035522,0.9375,4.1783537560593915,4.3137119210257495,empirical,1.0097359452116526
382,naive,52.97684697197958,2.0279341401632425,1.0,25.149569373080134,25.149569373080134,analytic,2.7660607689963754
382,naive,52.97684697197958,2.0279341401632425,0.9791666666666666,4.640923163523782,4.849479313256403,empirical,2.7660607689963754
382,naive2,18.131148857839275,0.7769111735473425,1.0,26.447056160994375,26.447056160994375,analytic,1.0
382,naive2,18.131148857839275,0.7769111735473425,0.9791666666666666,6.276523603267436,6.5003608799125585,empirical,1.0
382,seasonal_naive,22.43929949210653,0.9302701942020828,0.9791666666666666,6.811610784648347,6.889244670427807,analytic,1.2175031419807323
382,seasonal_naive,22.43929949210653,0.9302701942020828,0.8958333333333334,5.044451871657755,6.81169082465522,empirical,1.2175031419807323
382,theta,21.747525346746844,0.9042840999111047,1.0,26.44705616099437,26.44705616099437,analytic,1.1817022088067648
382,theta,21.747525346746844,0.9042840999111047,0.8541666666666666,4.162151401816464,7.116987019479747,empirical,1.1817022088067648
383,naive,62.08449273732768,1.7224371373307543,1.0,13.749091486798983,13.749091486798983,analytic,2.3445105178543697
383,naive,62.08449273732768,1.7224371373307543,0.9166666666666666,3.7369342359767903,4.136740812379112,empirical,2.3445105178543697
383,naive2,26.65562147599736,0.7298809314338688,1.0,32.17887398765983,32.17887398765983,analytic,1.0
383,naive2,26.65562147599736,0.7298809314338688,0.9583333333333334,4.662353251873604,4.828010205272531,empirical,1.0
383,seasonal_naive,32.2314699494997,1.0007736943907155,1.0,8.287877628341022,8.287877628341022,analytic,1.2901637364350573
383,seasonal_naive,32.2314699494997,1.0007736943907155,0.8333333333333334,5.481121856866538,7.334313346228239,empirical,1.2901637364350573
383,theta,31.01222655730293,0.8682424848364876,1.0,32.17887398765983,32.17887398765983,analytic,1.176503840539002
383,theta,31.01222655730293,0.8682424848364876,1.0,5.1305004901293145,5.1305004901293145,empirical,1.176503840539002
384,naive,89.58184161301207,3.0940445586975147,1.0,23.88123925210466,23.88123925210466,analytic,1.2815917415166198
384,naive,89.58184161301207,3.0940445586975147,0.5416666666666666,6.241977292202229,15.061814481576683,empirical,1.2815917415166198
384,naive2,71.01635852717737,2.3768200132535657,1.0,28.588376402657,28.588376402657,analytic,1.0
384,naive2,71.01635852717737,2.3768200132535657,0.5208333333333334,9.037683427228398,26.70471403747844,empirical,1.0
384,seasonal_naive,33.2133181554379,1.306126820908312,0.9583333333333334,7.363121696210859,8.295371080778406,analytic,0.5086062393547633
384,seasonal_naive,33.2133181554379,1.306126820908312,0.8541666666666666,5.342935946872322,7.899491216795201,empirical,0.5086062393547633
384,theta,37.54694586476721,1.507584562520854,1.0,28.588376402657,28.588376402657,analytic,0.5814973941262958
384,theta,37.54694586476721,1.507584562520854,0.7708333333333334,4.613385659506012,9.611837743708167,empirical,0.5814973941262958
385,naive,58.62389525235879,2.3118006103763986,1.0,36.26046593930471,36.26046593930471,analytic,1.4632094736356471
385,naive,58.62389525235879,2.3118006103763986,0.875,4.158341810783316,6.0444048830111905,empirical,1.4632094736356471
385,naive2,37.53360267189065,1.6942292323403896,1.0,33.52239143869518,33.52239143869518,analytic,1.0
385,naive2,37.53360267189065,1.6942292323403896,0.8958333333333334,6.504258715533017,7.236602787860992,empirical,1.0
385,seasonal_naive,29.445991025401703,1.3901322482197356,0.9166666666666666,8.633909258596068,17.64887869936049,analytic,0.8025167843828378
385,seasonal_naive,29.445991025401703,1.3901322482197356,0.7708333333333334,4.91826042726348,9.883672431332654,empirical,0.8025167843828378
385,theta,31.39310301901187,1.405545450405881,1.0,33.52239143869518,33.52239143869518,analytic,0.8330037708692004
385,theta,31.39310301901187,1.405545450405881,0.6875,4.425570169160935,7.735625614611078,empirical,0.8330037708692004
386,naive,55.14826222850395,2.0262262428417297,1.0,16.470932040291935,16.470932040291935,analytic,1.9472674149476001
386,naive,55.14826222850395,2.0262262428417297,0.9375,3.5995456054444364,5.175858992447504,empirical,1.9472674149476001
386,naive2,27.041343999252653,1.0922290272711304,1.0,28.486728151896077,28.486728151896077,analytic,1.0
386,naive2,27.041343999252653,1.0922290272711304,0.9166666666666666,4.31044330231834,6.027483071902218,empirical,1.0
386,seasonal_naive,29.90661021465934,1.2008465432816002,0.875,7.336941530187508,12.53337184331563,analytic,1.102702226739587
386,seasonal_naive,29.90661021465934,1.2008465432816002,0.7916666666666666,5.0115113287409745,9.381168561706364,empirical,1.102702226739587
386,theta,29.335329235922675,1.1442920552885707,1.0,28.486728151896077,28.486728151896077,analytic,1.0662496419702863
386,theta,29.335329235922675,1.1442920552885707,0.8541666666666666,4.946091083882085,7.343807701845853,empirical,1.0662496419702863
387,naive,72.15068124191917,1.8348739862213308,1.0,32.69685578519286,32.69685578519286,analytic,2.042165548009769
387,naive,72.15068124191917,1.8348739862213308,0.9791666666666666,3.758728307316648,3.7706320310456083,empirical,2.042165548009769
387,naive2,30.73366105016157,1.0565168257574555,1.0,33.70071020084274,33.70071020084274,analytic,1.0
387,naive2,30.73366105016157,1.0565168257574555,0.9791666666666666,6.065249618252772,6.161966745615094,empirical,1.0
387,seasonal_naive,35.47292885901959,1.3859335484433593,0.8958333333333334,8.679836411922908,14.174535568502122,analytic,1.2329997612206298
387,seasonal_naive,35.47292885901959,1.3859335484433593,0.9375,5.443190241562747,6.317263669660767,empirical,1.2329997612206298
387,theta,36.73388843254142,1.3938965596011208,1.0,33.70071020084274,33.70071020084274,analytic,1.2572825899042708
387,theta,36.73388843254142,1.3938965596011208,0.9375,5.143919370293868,5.557552655125759,empirical,1.2572825899042708
388,naive,93.34915862017932,3.0157273918741807,1.0,28.145592242625394,28.145592242625394,analytic,1.8780543517864314
388,naive,93.34915862017932,3.0157273918741807,0.6458333333333334,3.627107907383137,9.729554390563562,empirical,1.8780543517864314
388,naive2,48.48340735390724,1.6472857818687803,1.0,31.162246400142354,31.162246400142354,analytic,1.0
388,naive2,48.48340735390724,1.6472857818687803,0.6666666666666666,5.148900377594727,10.706332145162127,empirical,1.0
388,seasonal_naive,51.05126948229691,1.9593709043250327,0.8333333333333334,8.026038601836506,17.155886104753552,analytic,1.1212089387634965
388,seasonal_naive,51.05126948229691,1.9593709043250327,0.5625,4.762407164700742,25.29036697247706,empirical,1.1212089387634965
388,theta,52.6943918489414,1.7475606349603587,1.0,31.162246400142354,31.162246400142354,analytic,1.0738634547883414
388,theta,52.6943918489414,1.7475606349603587,0.4166666666666667,4.338305053800723,20.747686393433032,empirical,1.0738634547883414
389,naive,26.368272868795245,1.2147887323943662,1.0,27.08381882398881,27.08381882398881,analytic,1.3121517777613296
389,naive,26.368272868795245,1.2147887323943662,0.9791666666666666,5.633274647887324,5.696654929577465,empirical,1.3121517777613296
389,naive2,19.789617535945023,0.9403307188334024,1.0,26.420177309565243,26.420177309565243,analytic,1.0
389,naive2,19.789617535945023,0.9403307188334024,0.9583333333333334,6.448901412267369,6.794717161776228,empirical,1.0
389,seasonal_naive,23.70901141710651,1.1654929577464788,0.9583333333333334,6.804687962192831,10.302043165055997,analytic,1.2187515448609754
389,seasonal_naive,23.70901141710651,1.1654929577464788,0.8125,4.691197183098592,7.923591549295773,empirical,1.2187515448609754
389,theta,19.91780848124408,0.9314688807871094,1.0,26.420177309565243,26.420177309565243,analytic,0.9985267576301533
389,theta,19.91780848124408,0.9314688807871094,0.8333333333333334,4.2835820699445195,7.140558922202087,empirical,0.9985267576301533
390,naive,93.47418609206731,2.8748735399613725,0.9583333333333334,36.066457069056646,38.75585540321257,analytic,3.3322628757324484
390,naive,93.47418609206731,2.8748735399613725,0.875,3.5112285017934335,4.101268049296422,empirical,3.3322628757324484
390,naive2,23.691335304849524,1.0573178827428213,1.0,40.1471638770106,40.1471638770106,analytic,1.0
390,naive2,23.691335304849524,1.0573178827428213,0.9375,6.374495545130977,6.5321565514404565,empirical,1.0
390,seasonal_naive,46.12727286898874,1.7593580428584568,0.9583333333333334,10.340162352020656,12.878515363032596,analytic,1.8054961847577577
390,seasonal_naive,46.12727286898874,1.7593580428584568,0.5416666666666666,4.9736836659615555,19.28707463441552,empirical,1.8054961847577577
390,theta,37.58590096619937,1.4338449759000638,1.0,40.1471638770106,40.1471638770106,analytic,1.4712991640224011
390,theta,37.58590096619937,1.4338449759000638,0.6041666666666666,4.193093030059145,11.626910647477967,empirical,1.4712991640224011
391,naive,78.60705413064984,3.635560020090406,1.0,31.314451112424663,31.314451112424663,analytic,5.707166253211711
391,naive,78.60705413064984,3.635560020090406,0.9166666666666666,3.6308588648920144,4.496654947262683,empirical,5.707166253211711
391,naive2,12.96370342029082,0.679454251242689,1.0,30.696404037043433,30.696404037043433,analytic,1.0
391,naive2,12.96370342029082,0.679454251242689,0.9375,5.034215176888474,5.699273296712391,empirical,1.0
391,seasonal_naive,14.363601506243276,0.6699146157709693,1.0,7.90605788091564,7.90605788091564,analytic,1.0469729129386842
391,seasonal_naive,14.363601506243276,0.6699146157709693,0.9166666666666666,4.893021094927173,5.182925665494727,empirical,1.0469729129386842
391,theta,13.272450522164995,0.7236142374077743,1.0,30.696404037043433,30.696404037043433,analytic,1.0444047955434312
391,theta,13.272450522164995,0.7236142374077743,0.9375,4.409360189513648,4.757250594020218,empirical,1.0444047955434312
392,naive,45.04099261153001,1.88689818468824,1.0,22.480955509536017,22.480955509536017,analytic,2.338619110056359
392,naive,45.04099261153001,1.88689818468824,0.9375,4.311854775059195,6.435769534333071,empirical,2.338619110056359
392,naive2,18.93477644590414,0.8209280931861117,1.0,25.076298762449962,25.076298762449962,analytic,1.0
392,naive2,18.93477644590414,0.8209280931861117,0.9583333333333334,5.620650708875783,7.585160295169978,empirical,1.0
392,seasonal_naive,24.379859243553273,1.1112075769534333,0.9583333333333334,6.458563329301218,6.740199912947204,analytic,1.3205848209795905
392,seasonal_naive,24.379859243553273,1.1112075769534333,0.8125,4.275840568271508,8.302044198895027,empirical,1.3205848209795905
392,theta,22.61668318000287,1.0404944002525993,1.0,25.076298762449962,25.076298762449962,analytic,1.230956577374501
392,theta,22.61668318000287,1.0404944002525993,0.9375,3.888821810001323,5.55689024340443,empirical,1.230956577374501
393,naive,87.55654971745018,2.3309700290041895,1.0,52.03590480955033,52.03590480955033,analytic,1.9585343403467919
393,naive,87.55654971745018,2.3309700290041895,0.8333333333333334,3.5928698034160496,7.253198517563647,empirical,1.9585343403467919
393,naive2,39.239038775116136,1.3827861076669694,1.0,47.48939379110985,47.48939379110985,analytic,1.0
393,naive2,39.239038775116136,1.3827861076669694,0.7708333333333334,5.071079597220908,7.306563728831757,empirical,1.0
393,seasonal_naive,47.8862017502087,1.545923300032227,0.9166666666666666,12.231201269993209,14.005066593449579,analytic,1.1691742988192022
393,seasonal_naive,47.8862017502087,1.545923300032227,0.6458333333333334,5.625918466000645,12.453504672897195,empirical,1.1691742988192022
393,theta,43.385401565495044,1.4610678634781742,1.0,47.48939379110985,47.48939379110985,analytic,1.0811404710110706
393,theta,43.385401565495044,1.4610678634781742,0.6666666666666666,5.08141243458987,9.706774066695546,empirical,1.0811404710110706
394,naive,109.68959680392918,3.754825005057657,1.0,44.37703887483398,44.37703887483398,analytic,2.6698756757210753
394,naive,109.68959680392918,3.754825005057657,0.8125,3.4668419987861623,7.612219300020229,empirical,2.6698756757210753
394,naive2,36.39048219404006,1.614622424185047,1.0,36.78516109781354,36.78516109781354,analytic,1.0
394,naive2,36.39048219404006,1.614622424185047,0.8541666666666666,5.634246627863828,7.246081079707243,empirical,1.0
394,seasonal_naive,48.40091598480172,2.0790006069188753,0.9166666666666666,9.47425673857958,20.4100316853367,analytic,1.3088255912753204
394,seasonal_naive,48.40091598480172,2.0790006069188753,0.6041666666666666,5.148860004046125,28.77451244183693,empirical,1.3088255912753204
394,theta,45.60960689439082,1.858021979536261,1.0,36.78516109781354,36.78516109781354,analytic,1.2020429708961906
394,theta,45.60960689439082,1.858021979536261,0.4375,4.553408636179293,23.653803569035688,empirical,1.2020429708961906
395,naive,42.235642797679226,2.5421870240633564,0.9791666666666666,20.458593870785734,21.413911820874134,analytic,1.8320251620887218
395,naive,42.235642797679226,2.5421870240633564,0.6875,3.4521474261346334,14.63658239415169,empirical,1.8320251620887218
395,naive2,22.393148629334583,1.429838736967174,1.0,24.897513078143575,24.897513078143575,analytic,1.0
395,naive2,22.393148629334583,1.429838736967174,0.875,4.392744193444965,7.51658494207321,empirical,1.0
395,seasonal_naive,26.884104014806688,1.6809320743222662,0.8333333333333334,6.412515917145072,19.268350679147336,analytic,1.1880799855719137
395,seasonal_naive,26.884104014806688,1.6809320743222662,0.75,4.173819677124581,19.51603716113311,empirical,1.1880799855719137
395,theta,19.551999910130743,1.285375159316627,1.0,24.897513078143575,24.897513078143575,analytic,0.8860446610278703
395,theta,19.551999910130743,1.285375159316627,0.75,3.5175039249171465,11.730969679102092,empirical,0.8860446610278703
396,naive,100.61776697061617,1.679804504401509,1.0,23.647467214223994,23.647467214223994,analytic,2.1525729565904057
396,naive,100.61776697061617,1.679804504401509,0.9375,2.809050654101814,3.009372397066749,empirical,2.1525729565904057
396,naive2,42.69986101311134,0.8619906514731547,1.0,32.793013758968684,32.793013758968684,analytic,1.0
396,naive2,42.69986101311134,0.8619906514731547,0.9583333333333334,4.921349557641197,4.995971615778221,empirical,1.0
396,seasonal_naive,43.23874594137545,0.8724664783027649,0.9791666666666666,8.44605330823762,9.10658468957383,analytic,1.0123866800842949
396,seasonal_naive,43.23874594137545,0.8724664783027649,0.9791666666666666,3.8658035816361522,4.088418682323735,empirical,1.0123866800842949
396,theta,44.224126967746294,0.8920169960663726,1.0,32.793013758968684,32.793013758968684,analytic,1.0352654676612554
396,theta,44.224126967746294,0.8920169960663726,0.9166666666666666,3.5767390180030785,3.814039583021842,empirical,1.0352654676612554
397,naive,94.30254488330695,4.165585009140768,0.9791666666666666,26.243974278594493,27.931123436372932,analytic,2.5702745845207904
397,naive,94.30254488330695,4.165585009140768,0.7916666666666666,4.305329067641683,10.066206581352827,empirical,2.5702745845207904
397,naive2,32.98246315785743,1.8259083173068222,1.0,27.957377999043945,27.957377999043945,analytic,1.0
397,naive2,32.98246315785743,1.8259083173068222,0.9166666666666666,7.138130752430084,8.682825303712152,empirical,1.0
397,seasonal_naive,30.137919779487525,1.5204296160877513,0.9583333333333334,7.200603966260798,9.894158086930544,analytic,0.8732267810097357
397,seasonal_naive,30.137919779487525,1.5204296160877513,0.8541666666666666,4.923126142595979,9.309734917733087,empirical,0.8732267810097357
397,theta,28.092112567843557,1.5978215024262479,1.0,27.957377999043945,27.957377999043945,analytic,0.8634059295840758
397,theta,28.092112567843557,1.5978215024262479,0.7291666666666666,4.826005608726337,11.558952886389298,empirical,0.8634059295840758
398,naive,68.99820160532117,1.8796676894575348,1.0,42.33000402172963,42.33000402172963,analytic,1.6127049367297035
398,naive,68.99820160532117,1.8796676894575348,0.8958333333333334,3.608905517281306,6.097066230533202,empirical,1.6127049367297035
398,naive2,34.00875876314854,1.5708750442410069,1.0,39.25158235008691,39.25158235008691,analytic,1.0
398,naive2,34.00875876314854,1.5708750442410069,0.9583333333333334,5.916753010980354,6.192579171969889,empirical,1.0
398,seasonal_naive,40.17712215134881,2.024170670989405,0.875,10.109499523228301,35.14085116093998,analytic,1.2349691131143805
398,seasonal_naive,40.17712215134881,2.024170670989405,0.8125,5.3719547849244496,10.490521333873676,empirical,1.2349691131143805
398,theta,35.04672866704161,1.6856266172092764,1.0,39.25158235008691,39.25158235008691,analytic,1.0517850618321516
398,theta,35.04672866704161,1.6856266172092764,0.9166666666666666,4.492274179927986,5.7349463843676975,empirical,1.0517850618321516
399,naive,115.39878578239491,3.2870159453302965,0.9791666666666666,28.034110195916053,28.40799927249936,analytic,1.5939315285677726
399,naive,115.39878578239491,3.2870159453302965,0.4583333333333333,3.8113166816761144,12.531929067118716,empirical,1.5939315285677726
399,naive2,69.32006202577958,2.1580540477454075,1.0,33.68590499080625,33.68590499080625,analytic,1.0
399,naive2,69.32006202577958,2.1580540477454075,0.5208333333333334,6.3286418646679765,15.899297246463567,empirical,1.0
399,seasonal_naive,85.95490081717729,2.739524288817079,0.7291666666666666,8.676023234087925,28.625164401310425,analytic,1.254706710059635
399,seasonal_naive,85.95490081717729,2.739524288817079,0.4375,4.9135826667373,50.216967738517766,empirical,1.254706710059635
399,theta,78.72462469361147,2.3439824465300583,1.0,33.68590499080625,33.68590499080625,analytic,1.110912139921416
399,theta,78.72462469361147,2.3439824465300583,0.2708333333333333,4.635573521499157,46.48922344288178,empirical,1.110912139921416
400,naive,71.72021701093718,3.141166281755196,1.0,25.522956449512915,25.522956449512915,analytic,3.387038468187482
400,naive,71.72021701093718,3.141166281755196,0.8958333333333334,4.1293389145496535,5.674027136258659,empirical,3.387038468187482
400,naive2,19.795298416879547,0.9968844154487201,1.0,27.94799452647702,27.94799452647702,analytic,1.0
400,naive2,19.795298416879547,0.9968844154487201,0.9791666666666666,6.868649469027554,6.89117562913444,empirical,1.0
400,seasonal_naive,25.1909351936538,1.3577944572748266,0.9583333333333334,7.1981871920631235,9.537725347104509,analytic,1.3173048164449348
400,seasonal_naive,25.1909351936538,1.3577944572748266,0.8333333333333334,4.820057736720554,8.972251732101613,empirical,1.3173048164449348
400,theta,20.33866644585591,1.056015443242694,1.0,27.94799452647702,27.94799452647702,analytic,1.0433825894884108
400,theta,20.33866644585591,1.056015443242694,0.8541666666666666,4.008956177106174,6.4848723166427265,empirical,1.0433825894884108
401,naive,82.44288670240594,2.7005086469989825,1.0,22.647686765312365,22.647686765312365,analytic,4.162816977348127
401,naive,82.44288670240594,2.7005086469989825,0.9375,3.7811088504577826,4.347131230925738,empirical,4.162816977348127
401,naive2,19.524696051179806,0.6581563940033184,1.0,31.714345197471513,31.714345197471513,analytic,1.0
401,naive2,19.524696051179806,0.6581563940033184,0.9583333333333334,5.3789979373734536,5.903402380661921,empirical,1.0
401,seasonal_naive,29.325156136127532,1.1029501525940997,1.0,8.168235226639878,8.168235226639878,analytic,1.5888848600194212
401,seasonal_naive,29.325156136127532,1.1029501525940997,0.9166666666666666,4.8773804679552395,5.697319430315361,empirical,1.5888848600194212
401,theta,20.961615808330507,0.7169338471972727,1.0,31.714345197471513,31.714345197471513,analytic,1.0814505986744773
401,theta,20.961615808330507,0.7169338471972727,0.8958333333333334,4.07714324332486,5.283199337222643,empirical,1.0814505986744773
402,naive,55.04750078980417,2.1654315357427887,1.0,22.865135627612105,22.865135627612105,analytic,2.842833867933552
402,naive,55.04750078980417,2.1654315357427887,0.9583333333333334,4.2975145365408745,4.715482841181165,empirical,2.842833867933552
402,naive2,19.09829223619158,0.7724464582251633,1.0,25.240599477862602,25.240599477862602,analytic,1.0
402,naive2,19.09829223619158,0.7724464582251633,1.0,5.349715765513159,5.349715765513159,empirical,1.0
402,seasonal_naive,13.970776825065508,0.5913806863527534,1.0,6.5008800438049965,6.5008800438049965,analytic,0.7485570475868457
402,seasonal_naive,13.970776825065508,0.5913806863527534,0.9791666666666666,4.757390833428344,5.024179112985977,empirical,0.7485570475868457
402,theta,17.61726349429524,0.6828366239089466,1.0,25.240599477862602,25.240599477862602,analytic,0.9032222342522207
402,theta,17.61726349429524,0.6828366239089466,0.9375,4.546788863097283,4.849867141196682,empirical,0.9032222342522207
403,naive,50.4528688960153,2.3518769787426503,1.0,22.9571926319856,22.9571926319856,analytic,1.2582368706394882
403,naive,50.4528688960153,2.3518769787426503,0.7083333333333334,5.487075983717776,11.266813658977838,empirical,1.2582368706394882
403,naive2,40.71995816383808,1.8410671895856177,1.0,24.733651169140973,24.733651169140973,analytic,1.0
403,naive2,40.71995816383808,1.8410671895856177,0.8541666666666666,5.602350099405903,7.7010115442973595,empirical,1.0
403,seasonal_naive,22.687566973514887,0.9701492537313433,1.0,6.370312220077212,6.370312220077212,analytic,0.5420551315489668
403,seasonal_naive,22.687566973514887,0.9701492537313433,0.8958333333333334,4.602182270465853,6.354330619629126,empirical,0.5420551315489668
403,theta,29.311000078841964,1.201805544656414,1.0,24.733651169140973,24.733651169140973,analytic,0.6862977965984995
403,theta,29.311000078841964,1.201805544656414,0.75,4.050826525907808,7.829720705634937,empirical,0.6862977965984995
404,naive,110.33395462199844,3.4831277331766852,1.0,30.125792025104488,30.125792025104488,analytic,2.285348600919495
404,naive,110.33395462199844,3.4831277331766852,0.8125,3.5015615821421577,6.996568435480711,empirical,2.285348600919495
404,naive2,45.83865261838695,1.6098088447741754,1.0,32.63808211523713,32.63808211523713,analytic,1.0
404,naive2,45.83865261838695,1.6098088447741754,0.875,6.876219128059672,9.369825587044645,empirical,1.0
404,seasonal_naive,51.158798484992964,1.8480516937536713,0.875,8.406149658890003,15.620162757028114,analytic,1.13202846807753
404,seasonal_naive,51.158798484992964,1.8480516937536713,0.5625,4.863481495985902,22.81113504340447,empirical,1.13202846807753
404,theta,46.854473315021835,1.6467531763187877,1.0,32.63808211523713,32.63808211523713,analytic,1.022555151655209
404,theta,46.854473315021835,1.6467531763187877,0.5625,4.7282490881302115,17.58888197674068,empirical,1.022555151655209
405,naive,80.5954956315996,3.314711883486949,1.0,29.79959008501547,29.79959008501547,analytic,6.593354224106646
405,naive,80.5954956315996,3.314711883486949,0.9791666666666666,4.71104798423978,5.1583145711672405,empirical,6.593354224106646
405,naive2,12.183834840330455,0.5043875936730013,1.0,29.38545587601998,29.38545587601998,analytic,1.0
405,naive2,12.183834840330455,0.5043875936730013,1.0,7.577869627931363,7.577869627931363,empirical,1.0
405,seasonal_naive,15.798320992950307,0.7628227678885527,1.0,7.568414682467252,7.568414682467252,analytic,1.4045183037457725
405,seasonal_naive,15.798320992950307,0.7628227678885527,0.9791666666666666,5.086902835432352,5.111598536551046,empirical,1.4045183037457725
405,theta,11.728813154099722,0.48559050478001,1.0,29.38545587601998,29.38545587601998,analytic,0.9626932522645661
405,theta,11.728813154099722,0.48559050478001,0.9791666666666666,4.245356319997923,4.261098159230601,empirical,0.9626932522645661
406,naive,108.56859109368928,3.270675470881143,1.0,30.386512528850478,30.386512528850478,analytic,2.7754137828890855
406,naive,108.56859109368928,3.270675470881143,0.8333333333333334,4.094222234249838,6.005999675254385,empirical,2.7754137828890855
406,naive2,37.327686406227635,1.2378136524021597,1.0,34.07815324824554,34.07815324824554,analytic,1.0
406,naive2,37.327686406227635,1.2378136524021597,0.8541666666666666,7.444117997564166,8.377966600191622,empirical,1.0
406,seasonal_naive,50.619862698585735,1.7904849534531284,0.8958333333333334,8.777049315946277,12.470569684604165,analytic,1.4012921019713453
406,seasonal_naive,50.619862698585735,1.7904849534531284,0.6041666666666666,5.1658665295518515,24.1504952370643,empirical,1.4012921019713453
406,theta,47.284330118712454,1.532018733837149,1.0,34.07815324824554,34.07815324824554,analytic,1.2522086987640393
406,theta,47.284330118712454,1.532018733837149,0.5208333333333334,5.116776775011684,16.70520213141442,empirical,1.2522086987640393
407,naive,110.43955395381558,3.7579092611452407,0.8125,13.376715567767006,19.529345756030324,analytic,1.9802248807615725
407,naive,110.43955395381558,3.7579092611452407,0.5625,3.1142888235487365,16.583440241138007,empirical,1.9802248807615725
407,naive2,51.92080099542582,2.049724871541163,1.0,28.35469429767852,28.35469429767852,analytic,1.0
407,naive2,51.92080099542582,2.049724871541163,0.5208333333333334,3.7454547907465923,15.912034505756765,empirical,1.0
407,seasonal_naive,33.94452241327355,1.0211570682348303,1.0,7.302935354987811,7.302935354987811,analytic,0.5759836376633325
407,seasonal_naive,33.94452241327355,1.0211570682348303,0.75,4.450761769440521,8.306686734123984,empirical,0.5759836376633325
407,theta,31.134518541993533,1.2395904343453037,1.0,28.35469429767852,28.35469429767852,analytic,0.6022067368867086
407,theta,31.134518541993533,1.2395904343453037,0.7083333333333334,3.680667124252729,7.521317396437113,empirical,0.6022067368867086
408,naive,81.20427113674819,2.7501340613269636,1.0,30.947775772485834,30.947775772485834,analytic,3.0536710409011576
408,naive,81.20427113674819,2.7501340613269636,0.875,3.5330144298737394,5.590148929946862,empirical,3.0536710409011576
408,naive2,23.806680804631554,1.0199449450257758,1.0,33.090704570248064,33.090704570248064,analytic,1.0
408,naive2,23.806680804631554,1.0199449450257758,0.8958333333333334,5.500253988036849,6.0373501121774265,empirical,1.0
408,seasonal_naive,37.488453208166774,1.4782089406717693,0.9375,8.522725506771085,13.462083830418234,analytic,1.5120028712427545
408,seasonal_naive,37.488453208166774,1.4782089406717693,0.7708333333333334,4.956230195485791,8.878474625847021,empirical,1.5120028712427545
408,theta,32.20674330853559,1.2394523301757003,1.0,33.090704570248064,33.090704570248064,analytic,1.2840298460590718
408,theta,32.20674330853559,1.2394523301757003,0.75,4.509669465019009,7.9073611854460175,empirical,1.2840298460590718
409,naive,56.06550379225562,2.3060620463187003,1.0,24.357487481312457,24.357487481312457,analytic,1.9998480916866943
409,naive,56.06550379225562,2.3060620463187003,0.8333333333333334,5.353358321811268,8.440465131351537,empirical,1.9998480916866943
409,naive2,27.507343321809234,1.1756656126046017,1.0,26.548486911660603,26.548486911660603,analytic,1.0
409,naive2,27.507343321809234,1.1756656126046017,0.9166666666666666,7.093457844886742,9.744303139553514,empirical,1.0
409,seasonal_naive,32.88535658357486,1.333758209471137,0.9791666666666666,6.837734932112141,7.072274119658541,analytic,1.1649913136126924
409,seasonal_naive,32.88535658357486,1.333758209471137,0.8333333333333334,4.9384019616315245,8.168742438645001,empirical,1.1649913136126924
409,theta,28.56232790595488,1.22561811068978,1.0,26.548486911660596,26.548486911660596,analytic,1.0404207649081476
409,theta,28.56232790595488,1.22561811068978,0.8333333333333334,4.662754840942287,8.663654745492455,empirical,1.0404207649081476
410,naive,80.14602344914043,3.252508103102331,0.9791666666666666,29.932229917747335,31.2742688754981,analytic,2.050268755155856
410,naive,80.14602344914043,3.252508103102331,0.625,3.7356690847352985,9.295632041981786,empirical,2.050268755155856
410,naive2,37.523811578345494,1.6555014277813715,1.0,30.22702578202716,30.22702578202716,analytic,1.0
410,naive2,37.523811578345494,1.6555014277813715,0.75,5.51001384032374,9.18960530992685,empirical,1.0
410,seasonal_naive,19.828872537255062,0.9390338015125791,0.9791666666666666,7.785166468106386,10.285150684757141,analytic,0.5478272808016764
410,seasonal_naive,19.828872537255062,0.9390338015125791,0.9375,5.088590060194473,6.156038740546378,empirical,0.5478272808016764
410,theta,15.436162110416781,0.7829127855078379,1.0,30.22702578202716,30.22702578202716,analytic,0.44214279097874043
410,theta,15.436162110416781,0.7829127855078379,0.9375,4.417839177687032,4.662850988298551,empirical,0.44214279097874043
411,naive,67.73963517515914,2.314872547221713,1.0,38.695223986818085,38.695223986818085,analytic,2.958582438639353
411,naive,67.73963517515914,2.314872547221713,0.9791666666666666,3.9781954887218056,4.149844122501376,empirical,2.958582438639353
411,naive2,20.19161126761405,0.9034268123152736,1.0,34.31179163019049,34.31179163019049,analytic,1.0
411,naive2,20.19161126761405,0.9034268123152736,0.9791666666666666,5.822254146685173,5.991603049555278,empirical,1.0
411,seasonal_naive,25.758145357512824,1.2158444892719604,0.9583333333333334,8.83722439601856,15.371643384125177,analytic,1.31074976176355
411,seasonal_naive,25.758145357512824,1.2158444892719604,0.9583333333333334,5.201609205941684,5.978796075554741,empirical,1.31074976176355
411,theta,21.374253374274357,0.9981558004827574,1.0,34.31179163019049,34.31179163019049,analytic,1.0817130752117645
411,theta,21.374253374274357,0.9981558004827574,0.9583333333333334,4.739126065030224,5.136884600977993,empirical,1.0817130752117645
412,naive,59.38014173935156,2.9163161801088573,1.0,20.796572318421237,20.796572318421237,analytic,1.5598557626910514
412,naive,59.38014173935156,2.9163161801088573,0.4791666666666667,4.205260390895597,20.88301892627413,empirical,1.5598557626910514
412,naive2,39.2641467646279,1.8143213952735888,1.0,26.558022955290454,26.558022955290454,analytic,1.0
412,naive2,39.2641467646279,1.8143213952735888,0.6041666666666666,4.757592670995282,12.518556516389346,empirical,1.0
412,seasonal_naive,24.463590255971024,1.1892008906481941,0.9583333333333334,6.8401910019762715,7.411679532821544,analytic,0.6392518937136236
412,seasonal_naive,24.463590255971024,1.1892008906481941,0.8958333333333334,4.4674635081642755,8.032654007916873,empirical,0.6392518937136236
412,theta,24.015351343048298,1.1188242009871296,1.0,26.558022955290454,26.558022955290454,analytic,0.6141491319196549
412,theta,24.015351343048298,1.1188242009871296,0.8333333333333334,4.065236068904819,6.930676834324569,empirical,0.6141491319196549
413,naive,101.57585019194508,1.3762087813081867,1.0,12.41173855047194,12.41173855047194,analytic,2.492535514239874
413,naive,101.57585019194508,1.3762087813081867,0.9583333333333334,4.266510751396481,4.40237476725329,empirical,2.492535514239874
413,naive2,38.62653346874046,0.5842831333109794,1.0,37.03185285589521,37.03185285589521,analytic,1.0
413,naive2,38.62653346874046,0.5842831333109794,0.9791666666666666,6.161056759350107,6.254821955094385,empirical,1.0
413,seasonal_naive,22.026474359905293,0.3876809417983062,1.0,9.53779380030788,9.53779380030788,analytic,0.6168788070946483
413,seasonal_naive,22.026474359905293,0.3876809417983062,1.0,7.074591567061086,7.074591567061086,empirical,0.6168788070946483
413,theta,32.636982160758535,0.48415717706921235,1.0,37.03185285589521,37.03185285589521,analytic,0.8367856962227274
413,theta,32.636982160758535,0.48415717706921235,0.9166666666666666,6.752381908281742,6.923140477739892,empirical,0.8367856962227274
