series,method,smape,mase,cover95,width,msis,interval,owa
0,naive,2.0568427004644523,11.459614409362194,1.0,36.270506899688,36.270506899688,analytic,1.0
0,naive,2.0568427004644523,11.459614409362194,1.0,72.90889287537672,72.90889287537672,empirical,1.0
0,naive2,2.0568427004644523,11.459614409362194,1.0,36.270506899688,36.270506899688,analytic,1.0
0,naive2,2.0568427004644523,11.459614409362194,1.0,72.90889287537672,72.90889287537672,empirical,1.0
0,seasonal_naive,2.0568427004644523,11.459614409362194,1.0,36.270506899688,36.270506899688,analytic,1.0
0,seasonal_naive,2.0568427004644523,11.459614409362194,1.0,72.90889287537672,72.90889287537672,empirical,1.0
0,theta,4.146195414407661,23.616598383179777,0.46153846153846156,36.270506899688,319.1491014948889,analytic,2.038330162537731
0,theta,4.146195414407661,23.616598383179777,0.5384615384615384,66.43929618893442,271.2647498955629,empirical,2.038330162537731
1,naive,3.546121018304201,10.397662734779972,0.5384615384615384,23.66583011142017,92.42113802921018,analytic,1.0
1,naive,3.546121018304201,10.397662734779972,1.0,39.320331402703125,39.320331402703125,empirical,1.0
1,naive2,3.546121018304201,10.397662734779972,0.5384615384615384,23.66583011142017,92.42113802921018,analytic,1.0
1,naive2,3.546121018304201,10.397662734779972,1.0,39.320331402703125,39.320331402703125,empirical,1.0
1,seasonal_naive,3.546121018304201,10.397662734779972,0.5384615384615384,23.66583011142017,92.42113802921018,analytic,1.0
1,seasonal_naive,3.546121018304201,10.397662734779972,1.0,39.320331402703125,39.320331402703125,empirical,1.0
1,theta,3.6309492621187087,10.881881331105758,0.5384615384615384,23.66583011142017,107.67678608479432,analytic,1.0352456822965799
1,theta,3.6309492621187087,10.881881331105758,0.46153846153846156,35.678034101505574,98.11584947055022,empirical,1.0352456822965799
2,naive,3.0316447810081786,8.867960451897204,0.6153846153846154,18.978233880994008,70.68107825255562,analytic,1.0
2,naive,3.0316447810081786,8.867960451897204,0.5384615384615384,9.774301386908226,28.961041191773376,empirical,1.0
2,naive2,3.0316447810081786,8.867960451897204,0.6153846153846154,18.978233880994008,70.68107825255562,analytic,1.0
2,naive2,3.0316447810081786,8.867960451897204,0.5384615384615384,9.774301386908226,28.961041191773376,empirical,1.0
2,seasonal_naive,3.0316447810081786,8.867960451897204,0.6153846153846154,18.978233880994008,70.68107825255562,analytic,1.0
2,seasonal_naive,3.0316447810081786,8.867960451897204,0.5384615384615384,9.774301386908226,28.961041191773376,empirical,1.0
2,theta,2.0905469490416926,6.15159630324899,0.8461538461538461,18.978233880994008,25.446002414292103,analytic,0.691631500758612
2,theta,2.0905469490416926,6.15159630324899,0.46153846153846156,7.698740408376571,36.40750170189992,empirical,0.691631500758612
3,naive,20.05374475257137,1.639399355475561,1.0,14.947650500113145,14.947650500113145,analytic,1.0
3,naive,20.05374475257137,1.639399355475561,1.0,10.116203308203866,10.116203308203866,empirical,1.0
3,naive2,20.05374475257137,1.639399355475561,1.0,14.947650500113145,14.947650500113145,analytic,1.0
3,naive2,20.05374475257137,1.639399355475561,1.0,10.116203308203866,10.116203308203866,empirical,1.0
3,seasonal_naive,20.05374475257137,1.639399355475561,1.0,14.947650500113145,14.947650500113145,analytic,1.0
3,seasonal_naive,20.05374475257137,1.639399355475561,1.0,10.116203308203866,10.116203308203866,empirical,1.0
3,theta,27.80066739009186,2.1499944731708975,1.0,14.947650500113145,14.947650500113145,analytic,1.348880292629231
3,theta,27.80066739009186,2.1499944731708975,1.0,7.874798406275902,7.874798406275902,empirical,1.348880292629231
4,naive,23.85791383837989,0.5754703791505468,1.0,16.563784301887917,16.563784301887917,analytic,1.0
4,naive,23.85791383837989,0.5754703791505468,0.9230769230769231,2.4143461941563493,2.539685386584972,empirical,1.0
4,naive2,23.85791383837989,0.5754703791505468,1.0,16.563784301887917,16.563784301887917,analytic,1.0
4,naive2,23.85791383837989,0.5754703791505468,0.9230769230769231,2.4143461941563493,2.539685386584972,empirical,1.0
4,seasonal_naive,23.85791383837989,0.5754703791505468,1.0,16.563784301887917,16.563784301887917,analytic,1.0
4,seasonal_naive,23.85791383837989,0.5754703791505468,0.9230769230769231,2.4143461941563493,2.539685386584972,empirical,1.0
4,theta,20.748080163788746,0.5100051643090002,1.0,16.563784301887917,16.563784301887917,analytic,0.8779462080839182
4,theta,20.748080163788746,0.5100051643090002,1.0,3.0374285420191987,3.0374285420191987,empirical,0.8779462080839182
5,naive,46.346228067124166,1.419694646945463,1.0,16.582729741203742,16.582729741203742,analytic,1.0
5,naive,46.346228067124166,1.419694646945463,1.0,6.871237282694718,6.871237282694718,empirical,1.0
5,naive2,46.346228067124166,1.419694646945463,1.0,16.582729741203742,16.582729741203742,analytic,1.0
5,naive2,46.346228067124166,1.419694646945463,1.0,6.871237282694718,6.871237282694718,empirical,1.0
5,seasonal_naive,46.346228067124166,1.419694646945463,1.0,16.582729741203742,16.582729741203742,analytic,1.0
5,seasonal_naive,46.346228067124166,1.419694646945463,1.0,6.871237282694718,6.871237282694718,empirical,1.0
5,theta,40.29296477794318,1.281423932936344,1.0,16.582729741203742,16.582729741203742,analytic,0.885997846551152
5,theta,40.29296477794318,1.281423932936344,1.0,5.696345519060951,5.696345519060951,empirical,0.885997846551152
6,naive,25.99293137677915,0.55710688814779,1.0,18.07790235586496,18.07790235586496,analytic,1.0
6,naive,25.99293137677915,0.55710688814779,1.0,2.684219620141111,2.684219620141111,empirical,1.0
6,naive2,25.99293137677915,0.55710688814779,1.0,18.07790235586496,18.07790235586496,analytic,1.0
6,naive2,25.99293137677915,0.55710688814779,1.0,2.684219620141111,2.684219620141111,empirical,1.0
6,seasonal_naive,25.99293137677915,0.55710688814779,1.0,18.07790235586496,18.07790235586496,analytic,1.0
6,seasonal_naive,25.99293137677915,0.55710688814779,1.0,2.684219620141111,2.684219620141111,empirical,1.0
6,theta,27.486120171883016,0.5832615456283711,1.0,18.07790235586496,18.07790235586496,analytic,1.0521966220166563
6,theta,27.486120171883016,0.5832615456283711,1.0,3.242019886208481,3.242019886208481,empirical,1.0521966220166563
7,naive,38.50985554133419,2.019214860067546,1.0,15.129963376054304,15.129963376054304,analytic,1.0
7,naive,38.50985554133419,2.019214860067546,0.9230769230769231,5.482477079441271,6.918322242373829,empirical,1.0
7,naive2,38.50985554133419,2.019214860067546,1.0,15.129963376054304,15.129963376054304,analytic,1.0
7,naive2,38.50985554133419,2.019214860067546,0.9230769230769231,5.482477079441271,6.918322242373829,empirical,1.0
7,seasonal_naive,38.50985554133419,2.019214860067546,1.0,15.129963376054304,15.129963376054304,analytic,1.0
7,seasonal_naive,38.50985554133419,2.019214860067546,0.9230769230769231,5.482477079441271,6.918322242373829,empirical,1.0
7,theta,56.63255945031078,2.6605749587605603,1.0,15.1299633760543,15.1299633760543,analytic,1.3941137852307843
7,theta,56.63255945031078,2.6605749587605603,0.9230769230769231,7.844311033850762,10.278106546991266,empirical,1.3941137852307843
8,naive,11.51502678500588,0.9045870581099067,1.0,14.275480534419378,14.275480534419378,analytic,1.0
8,naive,11.51502678500588,0.9045870581099067,0.8461538461538461,4.08291536971261,6.628541966723363,empirical,1.0
8,naive2,11.51502678500588,0.9045870581099067,1.0,14.275480534419378,14.275480534419378,analytic,1.0
8,naive2,11.51502678500588,0.9045870581099067,0.8461538461538461,4.08291536971261,6.628541966723363,empirical,1.0
8,seasonal_naive,11.51502678500588,0.9045870581099067,1.0,14.275480534419378,14.275480534419378,analytic,1.0
8,seasonal_naive,11.51502678500588,0.9045870581099067,0.8461538461538461,4.08291536971261,6.628541966723363,empirical,1.0
8,theta,25.744811150840064,1.8512533119885137,1.0,14.275480534419376,14.275480534419376,analytic,2.1411376958387036
8,theta,25.744811150840064,1.8512533119885137,0.9230769230769231,6.525017245411719,6.792507803178319,empirical,2.1411376958387036
9,naive,5.710346647025895,5.138299519336768,1.0,48.65296468802229,48.65296468802229,analytic,1.0
9,naive,5.710346647025895,5.138299519336768,1.0,70.49714564954878,70.49714564954878,empirical,1.0
9,naive2,5.710346647025895,5.138299519336768,1.0,48.65296468802229,48.65296468802229,analytic,1.0
9,naive2,5.710346647025895,5.138299519336768,1.0,70.49714564954878,70.49714564954878,empirical,1.0
9,seasonal_naive,5.710346647025895,5.138299519336768,1.0,48.65296468802229,48.65296468802229,analytic,1.0
9,seasonal_naive,5.710346647025895,5.138299519336768,1.0,70.49714564954878,70.49714564954878,empirical,1.0
9,theta,5.927694035571334,5.3255143317825775,1.0,48.65296468802229,48.65296468802229,analytic,1.0372485998820276
9,theta,5.927694035571334,5.3255143317825775,1.0,79.11716984209798,79.11716984209798,empirical,1.0372485998820276
10,naive,7.011644838377087,0.18937642660487605,1.0,17.221043215064704,17.221043215064704,analytic,1.0
10,naive,7.011644838377087,0.18937642660487605,1.0,15.073339577776062,15.073339577776062,empirical,1.0
10,naive2,7.011644838377087,0.18937642660487605,1.0,17.221043215064704,17.221043215064704,analytic,1.0
10,naive2,7.011644838377087,0.18937642660487605,1.0,15.073339577776062,15.073339577776062,empirical,1.0
10,seasonal_naive,7.011644838377087,0.18937642660487605,1.0,17.221043215064704,17.221043215064704,analytic,1.0
10,seasonal_naive,7.011644838377087,0.18937642660487605,1.0,15.073339577776062,15.073339577776062,empirical,1.0
10,theta,7.08136665831876,0.19160990480252205,1.0,17.221043215064704,17.221043215064704,analytic,1.0108687867840405
10,theta,7.08136665831876,0.19160990480252205,1.0,13.13290745124243,13.13290745124243,empirical,1.0108687867840405
11,naive,3.3626525285382445,2.7969517538036697,0.9230769230769231,17.246001735410776,20.3085870764642,analytic,1.0
11,naive,3.3626525285382445,2.7969517538036697,0.9230769230769231,12.606261118929396,21.275600754095738,empirical,1.0
11,naive2,3.3626525285382445,2.7969517538036697,0.9230769230769231,17.246001735410776,20.3085870764642,analytic,1.0
11,naive2,3.3626525285382445,2.7969517538036697,0.9230769230769231,12.606261118929396,21.275600754095738,empirical,1.0
11,seasonal_naive,3.3626525285382445,2.7969517538036697,0.9230769230769231,17.246001735410776,20.3085870764642,analytic,1.0
11,seasonal_naive,3.3626525285382445,2.7969517538036697,0.9230769230769231,12.606261118929396,21.275600754095738,empirical,1.0
11,theta,2.126559120656052,1.7823466313410719,1.0,17.246001735410776,17.246001735410776,analytic,0.6348256822814541
11,theta,2.126559120656052,1.7823466313410719,0.9230769230769231,13.012347048957462,14.702423346578241,empirical,0.6348256822814541
12,naive,4.788136769531322,5.2275279670302615,0.8461538461538461,18.37167772683302,27.317866197929384,analytic,1.0
12,naive,4.788136769531322,5.2275279670302615,1.0,19.635108277458972,19.635108277458972,empirical,1.0
12,naive2,4.788136769531322,5.2275279670302615,0.8461538461538461,18.37167772683302,27.317866197929384,analytic,1.0
12,naive2,4.788136769531322,5.2275279670302615,1.0,19.635108277458972,19.635108277458972,empirical,1.0
12,seasonal_naive,4.788136769531322,5.2275279670302615,0.8461538461538461,18.37167772683302,27.317866197929384,analytic,1.0
12,seasonal_naive,4.788136769531322,5.2275279670302615,1.0,19.635108277458972,19.635108277458972,empirical,1.0
12,theta,5.643224486281773,5.983139266203115,0.7692307692307693,18.371677726833013,34.178605053599014,analytic,1.161564658157582
12,theta,5.643224486281773,5.983139266203115,0.6923076923076923,14.512876653950723,30.039382108233468,empirical,1.161564658157582
13,naive,3.014819972214924,2.596505738217888,1.0,18.691750085721278,18.691750085721278,analytic,1.0
13,naive,3.014819972214924,2.596505738217888,0.8461538461538461,13.316272019025279,17.73112445088194,empirical,1.0
13,naive2,3.014819972214924,2.596505738217888,1.0,18.691750085721278,18.691750085721278,analytic,1.0
13,naive2,3.014819972214924,2.596505738217888,0.8461538461538461,13.316272019025279,17.73112445088194,empirical,1.0
13,seasonal_naive,3.014819972214924,2.596505738217888,1.0,18.691750085721278,18.691750085721278,analytic,1.0
13,seasonal_naive,3.014819972214924,2.596505738217888,0.8461538461538461,13.316272019025279,17.73112445088194,empirical,1.0
13,theta,5.114932433937528,4.325230768593563,1.0,18.691750085721278,18.691750085721278,analytic,1.681192667721339
13,theta,5.114932433937528,4.325230768593563,0.9230769230769231,11.989766190082728,17.414881819035656,empirical,1.681192667721339
14,naive,22.529079462627184,10.29118270013868,0.5384615384615384,29.920825696633813,85.99195044986402,analytic,1.0
14,naive,22.529079462627184,10.29118270013868,0.23076923076923078,13.584203041227774,220.6126389376159,empirical,1.0
14,naive2,22.529079462627184,10.29118270013868,0.5384615384615384,29.920825696633813,85.99195044986402,analytic,1.0
14,naive2,22.529079462627184,10.29118270013868,0.23076923076923078,13.584203041227774,220.6126389376159,empirical,1.0
14,seasonal_naive,22.529079462627184,10.29118270013868,0.5384615384615384,29.920825696633813,85.99195044986402,analytic,1.0
14,seasonal_naive,22.529079462627184,10.29118270013868,0.23076923076923078,13.584203041227774,220.6126389376159,empirical,1.0
14,theta,11.641718940175485,5.07523681962769,1.0,29.920825696633813,29.920825696633813,analytic,0.504952746811611
14,theta,11.641718940175485,5.07523681962769,0.8461538461538461,12.970575870326204,35.84203693539038,empirical,0.504952746811611
15,naive,22.529079462627184,10.576451920788708,0.46153846153846156,30.03676131264776,93.43028980101857,analytic,1.0
15,naive,22.529079462627184,10.576451920788708,0.23076923076923078,13.569647474140947,241.98112626940681,empirical,1.0
15,naive2,22.529079462627184,10.576451920788708,0.46153846153846156,30.03676131264776,93.43028980101857,analytic,1.0
15,naive2,22.529079462627184,10.576451920788708,0.23076923076923078,13.569647474140947,241.98112626940681,empirical,1.0
15,seasonal_naive,22.529079462627184,10.576451920788708,0.46153846153846156,30.03676131264776,93.43028980101857,analytic,1.0
15,seasonal_naive,22.529079462627184,10.576451920788708,0.23076923076923078,13.569647474140947,241.98112626940681,empirical,1.0
15,theta,11.641245080422951,5.215720444130092,1.0,30.03676131264776,30.03676131264776,analytic,0.5049327386105926
15,theta,11.641245080422951,5.215720444130092,0.8461538461538461,13.133816812669275,36.63209688395924,empirical,0.5049327386105926
16,naive,1.9819739477942557,6.729539319602877,0.8461538461538461,19.62674248161408,28.17017836111293,analytic,1.0
16,naive,1.9819739477942557,6.729539319602877,1.0,34.095805097844774,34.095805097844774,empirical,1.0
16,naive2,1.9819739477942557,6.729539319602877,0.8461538461538461,19.62674248161408,28.17017836111293,analytic,1.0
16,naive2,1.9819739477942557,6.729539319602877,1.0,34.095805097844774,34.095805097844774,empirical,1.0
16,seasonal_naive,1.9819739477942557,6.729539319602877,0.8461538461538461,19.62674248161408,28.17017836111293,analytic,1.0
16,seasonal_naive,1.9819739477942557,6.729539319602877,1.0,34.095805097844774,34.095805097844774,empirical,1.0
16,theta,1.6588969232738122,5.643965561777413,1.0,19.62674248161408,19.62674248161408,analytic,0.8378387870181301
16,theta,1.6588969232738122,5.643965561777413,1.0,50.067727511012066,50.067727511012066,empirical,0.8378387870181301
17,naive,5.393714342250203,7.238938532193964,0.8461538461538461,20.777634606077296,42.56549258364353,analytic,1.0
17,naive,5.393714342250203,7.238938532193964,1.0,34.86427975990385,34.86427975990385,empirical,1.0
17,naive2,5.393714342250203,7.238938532193964,0.8461538461538461,20.777634606077296,42.56549258364353,analytic,1.0
17,naive2,5.393714342250203,7.238938532193964,1.0,34.86427975990385,34.86427975990385,empirical,1.0
17,seasonal_naive,5.393714342250203,7.238938532193964,0.8461538461538461,20.777634606077296,42.56549258364353,analytic,1.0
17,seasonal_naive,5.393714342250203,7.238938532193964,1.0,34.86427975990385,34.86427975990385,empirical,1.0
17,theta,6.633846873576302,8.994128532951228,0.5384615384615384,20.777634606077296,63.60676389604947,analytic,1.2361934551066422
17,theta,6.633846873576302,8.994128532951228,1.0,52.34007980823994,52.34007980823994,empirical,1.2361934551066422
18,naive,30.82091704414501,0.7308502365696196,1.0,16.835668075427762,16.835668075427762,analytic,1.0
18,naive,30.82091704414501,0.7308502365696196,1.0,3.007962501333367,3.007962501333367,empirical,1.0
18,naive2,30.82091704414501,0.7308502365696196,1.0,16.835668075427762,16.835668075427762,analytic,1.0
18,naive2,30.82091704414501,0.7308502365696196,1.0,3.007962501333367,3.007962501333367,empirical,1.0
18,seasonal_naive,30.82091704414501,0.7308502365696196,1.0,16.835668075427762,16.835668075427762,analytic,1.0
18,seasonal_naive,30.82091704414501,0.7308502365696196,1.0,3.007962501333367,3.007962501333367,empirical,1.0
18,theta,26.835326654038717,0.6592007572879344,1.0,16.835668075427762,16.835668075427762,analytic,0.8863248733402069
18,theta,26.835326654038717,0.6592007572879344,1.0,3.940536253693595,3.940536253693595,empirical,0.8863248733402069
19,naive,12.252567151663865,0.8492840502044546,1.0,14.31842582717681,14.31842582717681,analytic,1.0
19,naive,12.252567151663865,0.8492840502044546,0.8461538461538461,3.882900296968077,4.748778574606386,empirical,1.0
19,naive2,12.252567151663865,0.8492840502044546,1.0,14.31842582717681,14.31842582717681,analytic,1.0
19,naive2,12.252567151663865,0.8492840502044546,0.8461538461538461,3.882900296968077,4.748778574606386,empirical,1.0
19,seasonal_naive,12.252567151663865,0.8492840502044546,1.0,14.31842582717681,14.31842582717681,analytic,1.0
19,seasonal_naive,12.252567151663865,0.8492840502044546,0.8461538461538461,3.882900296968077,4.748778574606386,empirical,1.0
19,theta,12.809341062810903,0.892678310378484,1.0,14.31842582717681,14.31842582717681,analytic,1.048268258277778
19,theta,12.809341062810903,0.892678310378484,1.0,3.914449219384922,3.914449219384922,empirical,1.048268258277778
20,naive,27.659088281317118,0.8806507914733506,1.0,14.898693500815234,14.898693500815234,analytic,1.0
20,naive,27.659088281317118,0.8806507914733506,0.9230769230769231,2.7948553926011575,2.942512940136102,empirical,1.0
20,naive2,27.659088281317118,0.8806507914733506,1.0,14.898693500815234,14.898693500815234,analytic,1.0
20,naive2,27.659088281317118,0.8806507914733506,0.9230769230769231,2.7948553926011575,2.942512940136102,empirical,1.0
20,seasonal_naive,27.659088281317118,0.8806507914733506,1.0,14.898693500815234,14.898693500815234,analytic,1.0
20,seasonal_naive,27.659088281317118,0.8806507914733506,0.9230769230769231,2.7948553926011575,2.942512940136102,empirical,1.0
20,theta,31.43961276686914,0.9778479120648115,1.0,14.898693500815234,14.898693500815234,analytic,1.1235262771365968
20,theta,31.43961276686914,0.9778479120648115,0.8461538461538461,3.9967008020021604,5.393017357768511,empirical,1.1235262771365968
21,naive,15.243140137149288,0.4791940281845524,1.0,18.5122381298246,18.5122381298246,analytic,1.0
21,naive,15.243140137149288,0.4791940281845524,1.0,4.02847609615713,4.02847609615713,empirical,1.0
21,naive2,15.243140137149288,0.4791940281845524,1.0,18.5122381298246,18.5122381298246,analytic,1.0
21,naive2,15.243140137149288,0.4791940281845524,1.0,4.02847609615713,4.02847609615713,empirical,1.0
21,seasonal_naive,15.243140137149288,0.4791940281845524,1.0,18.5122381298246,18.5122381298246,analytic,1.0
21,seasonal_naive,15.243140137149288,0.4791940281845524,1.0,4.02847609615713,4.02847609615713,empirical,1.0
21,theta,13.699196197650283,0.42420755151350287,1.0,18.5122381298246,18.5122381298246,analytic,0.8919821893695428
21,theta,13.699196197650283,0.42420755151350287,0.8461538461538461,4.141746183282382,5.317255261571514,empirical,0.8919821893695428
22,naive,9.757544504327573,0.4869428565839582,1.0,15.24660398551116,15.24660398551116,analytic,1.0
22,naive,9.757544504327573,0.4869428565839582,1.0,5.55721408224044,5.55721408224044,empirical,1.0
22,naive2,9.757544504327573,0.4869428565839582,1.0,15.24660398551116,15.24660398551116,analytic,1.0
22,naive2,9.757544504327573,0.4869428565839582,1.0,5.55721408224044,5.55721408224044,empirical,1.0
22,seasonal_naive,9.757544504327573,0.4869428565839582,1.0,15.24660398551116,15.24660398551116,analytic,1.0
22,seasonal_naive,9.757544504327573,0.4869428565839582,1.0,5.55721408224044,5.55721408224044,empirical,1.0
22,theta,10.182613041120117,0.5096763307882735,1.0,15.246603985511156,15.246603985511156,analytic,1.0451245936654678
22,theta,10.182613041120117,0.5096763307882735,1.0,5.686465131539908,5.686465131539908,empirical,1.0451245936654678
23,naive,26.255534094400083,1.1595123614847347,1.0,16.453432181301824,16.453432181301824,analytic,1.0
23,naive,26.255534094400083,1.1595123614847347,1.0,4.964287245059268,4.964287245059268,empirical,1.0
23,naive2,26.255534094400083,1.1595123614847347,1.0,16.453432181301824,16.453432181301824,analytic,1.0
23,naive2,26.255534094400083,1.1595123614847347,1.0,4.964287245059268,4.964287245059268,empirical,1.0
23,seasonal_naive,26.255534094400083,1.1595123614847347,1.0,16.453432181301824,16.453432181301824,analytic,1.0
23,seasonal_naive,26.255534094400083,1.1595123614847347,1.0,4.964287245059268,4.964287245059268,empirical,1.0
23,theta,26.226978959721563,1.1644105686609327,1.0,16.453432181301824,16.453432181301824,analytic,1.0015683914290354
23,theta,26.226978959721563,1.1644105686609327,1.0,5.809036590037384,5.809036590037384,empirical,1.0015683914290354
24,naive,44.36026411606705,2.475182466641753,1.0,14.283378123508623,14.283378123508623,analytic,1.0
24,naive,44.36026411606705,2.475182466641753,0.9230769230769231,6.843126194381584,7.984562083464529,empirical,1.0
24,naive2,44.36026411606705,2.475182466641753,1.0,14.283378123508623,14.283378123508623,analytic,1.0
24,naive2,44.36026411606705,2.475182466641753,0.9230769230769231,6.843126194381584,7.984562083464529,empirical,1.0
24,seasonal_naive,44.36026411606705,2.475182466641753,1.0,14.283378123508623,14.283378123508623,analytic,1.0
24,seasonal_naive,44.36026411606705,2.475182466641753,0.9230769230769231,6.843126194381584,7.984562083464529,empirical,1.0
24,theta,65.91456745565277,3.3078804706793528,1.0,14.283378123508621,14.283378123508621,analytic,1.4111554843062555
24,theta,65.91456745565277,3.3078804706793528,0.9230769230769231,8.836534254854897,9.708563776281716,empirical,1.4111554843062555
25,naive,45.095722644524486,1.352744564979032,1.0,16.968433897728545,16.968433897728545,analytic,1.0
25,naive,45.095722644524486,1.352744564979032,1.0,5.6158714866510095,5.6158714866510095,empirical,1.0
25,naive2,45.095722644524486,1.352744564979032,1.0,16.968433897728545,16.968433897728545,analytic,1.0
25,naive2,45.095722644524486,1.352744564979032,1.0,5.6158714866510095,5.6158714866510095,empirical,1.0
25,seasonal_naive,45.095722644524486,1.352744564979032,1.0,16.968433897728545,16.968433897728545,analytic,1.0
25,seasonal_naive,45.095722644524486,1.352744564979032,1.0,5.6158714866510095,5.6158714866510095,empirical,1.0
25,theta,42.03614843764961,1.28265606182219,1.0,16.968433897728545,16.968433897728545,analytic,0.9401708536388372
25,theta,42.03614843764961,1.28265606182219,1.0,6.766335203372426,6.766335203372426,empirical,0.9401708536388372
26,naive,40.57805459717999,1.4727219064228918,1.0,16.730053312506726,16.730053312506726,analytic,1.0
26,naive,40.57805459717999,1.4727219064228918,0.8461538461538461,4.33010899584761,9.683784135408496,empirical,1.0
26,naive2,40.57805459717999,1.4727219064228918,1.0,16.730053312506726,16.730053312506726,analytic,1.0
26,naive2,40.57805459717999,1.4727219064228918,0.8461538461538461,4.33010899584761,9.683784135408496,empirical,1.0
26,seasonal_naive,40.57805459717999,1.4727219064228918,1.0,16.730053312506726,16.730053312506726,analytic,1.0
26,seasonal_naive,40.57805459717999,1.4727219064228918,0.8461538461538461,4.33010899584761,9.683784135408496,empirical,1.0
26,theta,40.18557307491059,1.4617209575490346,1.0,16.730053312506726,16.730053312506726,analytic,0.9914289659971196
26,theta,40.18557307491059,1.4617209575490346,0.8461538461538461,5.277096477247471,11.99359788152635,empirical,0.9914289659971196
27,naive,34.83766623948718,1.2312686130832713,1.0,16.641787911987528,16.641787911987528,analytic,1.0
27,naive,34.83766623948718,1.2312686130832713,0.9230769230769231,3.981459473760174,9.895789292284292,empirical,1.0
27,naive2,34.83766623948718,1.2312686130832713,1.0,16.641787911987528,16.641787911987528,analytic,1.0
27,naive2,34.83766623948718,1.2312686130832713,0.9230769230769231,3.981459473760174,9.895789292284292,empirical,1.0
27,seasonal_naive,34.83766623948718,1.2312686130832713,1.0,16.641787911987528,16.641787911987528,analytic,1.0
27,seasonal_naive,34.83766623948718,1.2312686130832713,0.9230769230769231,3.981459473760174,9.895789292284292,empirical,1.0
27,theta,31.255589960751358,1.1318021892630534,1.0,16.641787911987528,16.641787911987528,analytic,0.9081971863785767
27,theta,31.255589960751358,1.1318021892630534,0.9230769230769231,4.668994407643243,11.868213197358138,empirical,0.9081971863785767
28,naive,44.15356240551386,1.589496458884897,1.0,18.108115058728135,18.108115058728135,analytic,1.0
28,naive,44.15356240551386,1.589496458884897,0.8461538461538461,4.555762373455874,6.941098249283598,empirical,1.0
28,naive2,44.15356240551386,1.589496458884897,1.0,18.108115058728135,18.108115058728135,analytic,1.0
28,naive2,44.15356240551386,1.589496458884897,0.8461538461538461,4.555762373455874,6.941098249283598,empirical,1.0
28,seasonal_naive,44.15356240551386,1.589496458884897,1.0,18.108115058728135,18.108115058728135,analytic,1.0
28,seasonal_naive,44.15356240551386,1.589496458884897,0.8461538461538461,4.555762373455874,6.941098249283598,empirical,1.0
28,theta,62.90832275671081,2.0487242117558577,1.0,18.108115058728135,18.108115058728135,analytic,1.356838046714982
28,theta,62.90832275671081,2.0487242117558577,1.0,6.569173174137329,6.569173174137329,empirical,1.356838046714982
29,naive,25.647871375515347,1.6014729439906625,1.0,14.433345053084778,14.433345053084778,analytic,1.0
29,naive,25.647871375515347,1.6014729439906625,0.9230769230769231,5.200099620308671,5.680632571026538,empirical,1.0
29,naive2,25.647871375515347,1.6014729439906625,1.0,14.433345053084778,14.433345053084778,analytic,1.0
29,naive2,25.647871375515347,1.6014729439906625,0.9230769230769231,5.200099620308671,5.680632571026538,empirical,1.0
29,seasonal_naive,25.647871375515347,1.6014729439906625,1.0,14.433345053084778,14.433345053084778,analytic,1.0
29,seasonal_naive,25.647871375515347,1.6014729439906625,0.9230769230769231,5.200099620308671,5.680632571026538,empirical,1.0
29,theta,29.116810295634487,1.7742705973168933,1.0,14.433345053084778,14.433345053084778,analytic,1.121575855039961
29,theta,29.116810295634487,1.7742705973168933,0.7692307692307693,5.454961801926499,7.965771076106306,empirical,1.121575855039961
30,naive,31.870999725029346,1.6270045779456663,1.0,14.699789089562382,14.699789089562382,analytic,1.0
30,naive,31.870999725029346,1.6270045779456663,0.8461538461538461,5.977882001975737,7.337106252618076,empirical,1.0
30,naive2,31.870999725029346,1.6270045779456663,1.0,14.699789089562382,14.699789089562382,analytic,1.0
30,naive2,31.870999725029346,1.6270045779456663,0.8461538461538461,5.977882001975737,7.337106252618076,empirical,1.0
30,seasonal_naive,31.870999725029346,1.6270045779456663,1.0,14.699789089562382,14.699789089562382,analytic,1.0
30,seasonal_naive,31.870999725029346,1.6270045779456663,0.8461538461538461,5.977882001975737,7.337106252618076,empirical,1.0
30,theta,50.90762435891267,2.3658712210129536,1.0,14.69978908956238,14.69978908956238,analytic,1.5257146801761041
30,theta,50.90762435891267,2.3658712210129536,1.0,7.226073522010917,7.226073522010917,empirical,1.5257146801761041
31,naive,34.677159858241694,1.98080587155426,1.0,13.792009202699521,13.792009202699521,analytic,1.0
31,naive,34.677159858241694,1.98080587155426,0.9230769230769231,5.84831264037691,8.415981726733406,empirical,1.0
31,naive2,34.677159858241694,1.98080587155426,1.0,13.792009202699521,13.792009202699521,analytic,1.0
31,naive2,34.677159858241694,1.98080587155426,0.9230769230769231,5.84831264037691,8.415981726733406,empirical,1.0
31,seasonal_naive,34.677159858241694,1.98080587155426,1.0,13.792009202699521,13.792009202699521,analytic,1.0
31,seasonal_naive,34.677159858241694,1.98080587155426,0.9230769230769231,5.84831264037691,8.415981726733406,empirical,1.0
31,theta,40.5912962117487,2.250047346229291,1.0,13.792009202699521,13.792009202699521,analytic,1.1532368422584476
31,theta,40.5912962117487,2.250047346229291,0.9230769230769231,6.402887804868236,11.109571081780873,empirical,1.1532368422584476
32,naive,36.19906078902585,2.3833968728585355,1.0,15.015047755698241,15.015047755698241,analytic,1.0
32,naive,36.19906078902585,2.3833968728585355,0.8461538461538461,6.73058043794067,11.205711598261367,empirical,1.0
32,naive2,36.19906078902585,2.3833968728585355,1.0,15.015047755698241,15.015047755698241,analytic,1.0
32,naive2,36.19906078902585,2.3833968728585355,0.8461538461538461,6.73058043794067,11.205711598261367,empirical,1.0
32,seasonal_naive,36.19906078902585,2.3833968728585355,1.0,15.015047755698241,15.015047755698241,analytic,1.0
32,seasonal_naive,36.19906078902585,2.3833968728585355,0.8461538461538461,6.73058043794067,11.205711598261367,empirical,1.0
32,theta,39.13722377172807,2.5319854870062413,1.0,15.015047755698241,15.015047755698241,analytic,1.071755020079769
32,theta,39.13722377172807,2.5319854870062413,0.9230769230769231,7.9866464567087965,11.479991837174833,empirical,1.071755020079769
33,naive,27.503362717515316,2.0226770095782647,1.0,15.152189908650568,15.152189908650568,analytic,1.0
33,naive,27.503362717515316,2.0226770095782647,0.7692307692307693,5.4399891459441125,13.208129543001819,empirical,1.0
33,naive2,27.503362717515316,2.0226770095782647,1.0,15.152189908650568,15.152189908650568,analytic,1.0
33,naive2,27.503362717515316,2.0226770095782647,0.7692307692307693,5.4399891459441125,13.208129543001819,empirical,1.0
33,seasonal_naive,27.503362717515316,2.0226770095782647,1.0,15.152189908650568,15.152189908650568,analytic,1.0
33,seasonal_naive,27.503362717515316,2.0226770095782647,0.7692307692307693,5.4399891459441125,13.208129543001819,empirical,1.0
33,theta,39.97346969963853,2.7197914266582535,1.0,15.152189908650568,15.152189908650568,analytic,1.3990261964890092
33,theta,39.97346969963853,2.7197914266582535,0.7692307692307693,7.851035898829121,12.243064004377342,empirical,1.3990261964890092
34,naive,40.468171015294466,1.718690638860266,1.0,15.81175778370763,15.81175778370763,analytic,1.0
34,naive,40.468171015294466,1.718690638860266,0.7692307692307693,5.715476226143544,8.080105667028803,empirical,1.0
34,naive2,40.468171015294466,1.718690638860266,1.0,15.81175778370763,15.81175778370763,analytic,1.0
34,naive2,40.468171015294466,1.718690638860266,0.7692307692307693,5.715476226143544,8.080105667028803,empirical,1.0
34,seasonal_naive,40.468171015294466,1.718690638860266,1.0,15.81175778370763,15.81175778370763,analytic,1.0
34,seasonal_naive,40.468171015294466,1.718690638860266,0.7692307692307693,5.715476226143544,8.080105667028803,empirical,1.0
34,theta,40.05027143237137,1.7049848364275926,1.0,15.81175778370763,15.81175778370763,analytic,0.9908494078024204
34,theta,40.05027143237137,1.7049848364275926,0.9230769230769231,6.0600189072066835,6.899402652570579,empirical,0.9908494078024204
35,naive,17.477025605711884,2.2986869376678745,1.0,13.473901433640648,13.473901433640648,analytic,1.0
35,naive,17.477025605711884,2.2986869376678745,0.8461538461538461,6.7954402506666085,9.68344307243977,empirical,1.0
35,naive2,17.477025605711884,2.2986869376678745,1.0,13.473901433640648,13.473901433640648,analytic,1.0
35,naive2,17.477025605711884,2.2986869376678745,0.8461538461538461,6.7954402506666085,9.68344307243977,empirical,1.0
35,seasonal_naive,17.477025605711884,2.2986869376678745,1.0,13.473901433640648,13.473901433640648,analytic,1.0
35,seasonal_naive,17.477025605711884,2.2986869376678745,0.8461538461538461,6.7954402506666085,9.68344307243977,empirical,1.0
35,theta,17.038822925675458,2.2358095266711997,1.0,13.473901433640648,13.473901433640648,analytic,0.9737866547461014
35,theta,17.038822925675458,2.2358095266711997,0.7692307692307693,6.552600960742193,15.930686743116693,empirical,0.9737866547461014
36,naive,1.5712277086420194,2.523673134088185,1.0,14.797467445917473,14.797467445917473,analytic,1.0
36,naive,1.5712277086420194,2.523673134088185,1.0,14.259377027244476,14.259377027244476,empirical,1.0
36,naive2,1.5712277086420194,2.523673134088185,1.0,14.797467445917473,14.797467445917473,analytic,1.0
36,naive2,1.5712277086420194,2.523673134088185,1.0,14.259377027244476,14.259377027244476,empirical,1.0
36,seasonal_naive,1.5712277086420194,2.523673134088185,1.0,14.797467445917473,14.797467445917473,analytic,1.0
36,seasonal_naive,1.5712277086420194,2.523673134088185,1.0,14.259377027244476,14.259377027244476,empirical,1.0
36,theta,1.260951547878512,2.0217836698763403,1.0,14.797467445917471,14.797467445917471,analytic,0.8018268410626418
36,theta,1.260951547878512,2.0217836698763403,1.0,17.914422278116213,17.914422278116213,empirical,0.8018268410626418
37,naive,1.916411656571198,1.6180094903248692,1.0,13.33617301438839,13.33617301438839,analytic,1.0
37,naive,1.916411656571198,1.6180094903248692,0.8461538461538461,10.671758598474495,14.63141894773531,empirical,1.0
37,naive2,1.916411656571198,1.6180094903248692,1.0,13.33617301438839,13.33617301438839,analytic,1.0
37,naive2,1.916411656571198,1.6180094903248692,0.8461538461538461,10.671758598474495,14.63141894773531,empirical,1.0
37,seasonal_naive,1.916411656571198,1.6180094903248692,1.0,13.33617301438839,13.33617301438839,analytic,1.0
37,seasonal_naive,1.916411656571198,1.6180094903248692,0.8461538461538461,10.671758598474495,14.63141894773531,empirical,1.0
37,theta,2.2481509153813013,1.9020193893380057,1.0,13.336173014388388,13.336173014388388,analytic,1.1743174060784116
37,theta,2.2481509153813013,1.9020193893380057,1.0,12.585382187280686,12.585382187280686,empirical,1.1743174060784116
38,naive,1.3122197877672421,2.8059008216617594,1.0,19.91540240371313,19.91540240371313,analytic,1.0
38,naive,1.3122197877672421,2.8059008216617594,1.0,19.255315710940067,19.255315710940067,empirical,1.0
38,naive2,1.3122197877672421,2.8059008216617594,1.0,19.91540240371313,19.91540240371313,analytic,1.0
38,naive2,1.3122197877672421,2.8059008216617594,1.0,19.255315710940067,19.255315710940067,empirical,1.0
38,seasonal_naive,1.3122197877672421,2.8059008216617594,1.0,19.91540240371313,19.91540240371313,analytic,1.0
38,seasonal_naive,1.3122197877672421,2.8059008216617594,1.0,19.255315710940067,19.255315710940067,empirical,1.0
38,theta,0.6169434263802384,1.31281518112567,1.0,19.91540240371313,19.91540240371313,analytic,0.46901452714057107
38,theta,0.6169434263802384,1.31281518112567,1.0,21.337661606084875,21.337661606084875,empirical,0.46901452714057107
39,naive,1.3196133731046804,2.8978507022252726,1.0,19.643735046818545,19.643735046818545,analytic,1.0
39,naive,1.3196133731046804,2.8978507022252726,1.0,19.909295920387628,19.909295920387628,empirical,1.0
39,naive2,1.3196133731046804,2.8978507022252726,1.0,19.643735046818545,19.643735046818545,analytic,1.0
39,naive2,1.3196133731046804,2.8978507022252726,1.0,19.909295920387628,19.909295920387628,empirical,1.0
39,seasonal_naive,1.3196133731046804,2.8978507022252726,1.0,19.643735046818545,19.643735046818545,analytic,1.0
39,seasonal_naive,1.3196133731046804,2.8978507022252726,1.0,19.909295920387628,19.909295920387628,empirical,1.0
39,theta,0.6121414239420058,1.3377125387190762,1.0,19.643735046818545,19.643735046818545,analytic,0.46275084204105144
39,theta,0.6121414239420058,1.3377125387190762,1.0,21.970827474141657,21.970827474141657,empirical,0.46275084204105144
40,naive,1.8097557771329222,1.4974720980601934,1.0,13.888923388501306,13.888923388501306,analytic,1.0
40,naive,1.8097557771329222,1.4974720980601934,1.0,9.92370212780656,9.92370212780656,empirical,1.0
40,naive2,1.8097557771329222,1.4974720980601934,1.0,13.888923388501306,13.888923388501306,analytic,1.0
40,naive2,1.8097557771329222,1.4974720980601934,1.0,9.92370212780656,9.92370212780656,empirical,1.0
40,seasonal_naive,1.8097557771329222,1.4974720980601934,1.0,13.888923388501306,13.888923388501306,analytic,1.0
40,seasonal_naive,1.8097557771329222,1.4974720980601934,1.0,9.92370212780656,9.92370212780656,empirical,1.0
40,theta,1.9160592683704232,1.5865280905685808,1.0,13.888923388501306,13.888923388501306,analytic,1.0591050111685643
40,theta,1.9160592683704232,1.5865280905685808,1.0,10.949984742967045,10.949984742967045,empirical,1.0591050111685643
41,naive,1.806860369484601,1.4774679698925415,1.0,14.108875451042742,14.108875451042742,analytic,1.0
41,naive,1.806860369484601,1.4774679698925415,1.0,9.620608838236567,9.620608838236567,empirical,1.0
41,naive2,1.806860369484601,1.4774679698925415,1.0,14.108875451042742,14.108875451042742,analytic,1.0
41,naive2,1.806860369484601,1.4774679698925415,1.0,9.620608838236567,9.620608838236567,empirical,1.0
41,seasonal_naive,1.806860369484601,1.4774679698925415,1.0,14.108875451042742,14.108875451042742,analytic,1.0
41,seasonal_naive,1.806860369484601,1.4774679698925415,1.0,9.620608838236567,9.620608838236567,empirical,1.0
41,theta,1.9451479114187407,1.5919519004774245,1.0,14.108875451042746,14.108875451042746,analytic,1.0770106438859397
41,theta,1.9451479114187407,1.5919519004774245,1.0,10.78807946660271,10.78807946660271,empirical,1.0770106438859397
42,naive,1.8083007892069083,1.4992051934943151,1.0,13.984027891890182,13.984027891890182,analytic,1.0
42,naive,1.8083007892069083,1.4992051934943151,1.0,9.844148539436132,9.844148539436132,empirical,1.0
42,naive2,1.8083007892069083,1.4992051934943151,1.0,13.984027891890182,13.984027891890182,analytic,1.0
42,naive2,1.8083007892069083,1.4992051934943151,1.0,9.844148539436132,9.844148539436132,empirical,1.0
42,seasonal_naive,1.8083007892069083,1.4992051934943151,1.0,13.984027891890182,13.984027891890182,analytic,1.0
42,seasonal_naive,1.8083007892069083,1.4992051934943151,1.0,9.844148539436132,9.844148539436132,empirical,1.0
42,theta,1.9306084798337335,1.6018685799807013,1.0,13.984027891890182,13.984027891890182,analytic,1.0680576744905852
42,theta,1.9306084798337335,1.6018685799807013,1.0,10.95054695450236,10.95054695450236,empirical,1.0680576744905852
43,naive,1.327032006171901,2.9186511858492197,1.0,19.4710189589492,19.4710189589492,analytic,1.0
43,naive,1.327032006171901,2.9186511858492197,1.0,20.20057032616848,20.20057032616848,empirical,1.0
43,naive2,1.327032006171901,2.9186511858492197,1.0,19.4710189589492,19.4710189589492,analytic,1.0
43,naive2,1.327032006171901,2.9186511858492197,1.0,20.20057032616848,20.20057032616848,empirical,1.0
43,seasonal_naive,1.327032006171901,2.9186511858492197,1.0,19.4710189589492,19.4710189589492,analytic,1.0
43,seasonal_naive,1.327032006171901,2.9186511858492197,1.0,20.20057032616848,20.20057032616848,empirical,1.0
43,theta,0.6073516223342633,1.3292550852613367,1.0,19.4710189589492,19.4710189589492,analytic,0.4565557072867707
43,theta,0.6073516223342633,1.3292550852613367,1.0,22.078898797528943,22.078898797528943,empirical,0.4565557072867707
44,naive,4.039460678574107,5.893367308726418,0.5384615384615384,16.596604559058115,51.39784781950498,analytic,1.0
44,naive,4.039460678574107,5.893367308726418,0.9230769230769231,24.251457116160708,24.3914663786962,empirical,1.0
44,naive2,4.039460678574107,5.893367308726418,0.5384615384615384,16.596604559058115,51.39784781950498,analytic,1.0
44,naive2,4.039460678574107,5.893367308726418,0.9230769230769231,24.251457116160708,24.3914663786962,empirical,1.0
44,seasonal_naive,4.039460678574107,5.893367308726418,0.5384615384615384,16.596604559058115,51.39784781950498,analytic,1.0
44,seasonal_naive,4.039460678574107,5.893367308726418,0.9230769230769231,24.251457116160708,24.3914663786962,empirical,1.0
44,theta,4.302461011879626,6.265794381357325,0.5384615384615384,16.596604559058115,58.907994801384106,analytic,1.0641510293473853
44,theta,4.302461011879626,6.265794381357325,1.0,24.94997173063529,24.94997173063529,empirical,1.0641510293473853
45,naive,4.93132292430748,4.007997774602402,0.9230769230769231,14.158373319288913,15.848928492349339,analytic,1.0
45,naive,4.93132292430748,4.007997774602402,0.6923076923076923,11.265894414811399,16.88177672877137,empirical,1.0
45,naive2,4.93132292430748,4.007997774602402,0.9230769230769231,14.158373319288913,15.848928492349339,analytic,1.0
45,naive2,4.93132292430748,4.007997774602402,0.6923076923076923,11.265894414811399,16.88177672877137,empirical,1.0
45,seasonal_naive,4.93132292430748,4.007997774602402,0.9230769230769231,14.158373319288913,15.848928492349339,analytic,1.0
45,seasonal_naive,4.93132292430748,4.007997774602402,0.6923076923076923,11.265894414811399,16.88177672877137,empirical,1.0
45,theta,6.634947585544876,5.442775918228052,0.7692307692307693,14.158373319288913,24.354845671385025,analytic,1.3517244425529404
45,theta,6.634947585544876,5.442775918228052,0.3076923076923077,12.770028056657212,43.975768718406016,empirical,1.3517244425529404
46,naive,4.022285696693192,5.867418200645032,0.5384615384615384,16.59699706727428,50.8401506158486,analytic,1.0
46,naive,4.022285696693192,5.867418200645032,1.0,24.215448023960235,24.215448023960235,empirical,1.0
46,naive2,4.022285696693192,5.867418200645032,0.5384615384615384,16.59699706727428,50.8401506158486,analytic,1.0
46,naive2,4.022285696693192,5.867418200645032,1.0,24.215448023960235,24.215448023960235,empirical,1.0
46,seasonal_naive,4.022285696693192,5.867418200645032,0.5384615384615384,16.59699706727428,50.8401506158486,analytic,1.0
46,seasonal_naive,4.022285696693192,5.867418200645032,1.0,24.215448023960235,24.215448023960235,empirical,1.0
46,theta,4.276076565089829,6.226787474337214,0.5384615384615384,16.59699706727428,58.109269003020984,analytic,1.0621722308275854
46,theta,4.276076565089829,6.226787474337214,1.0,24.92594991753016,24.92594991753016,empirical,1.0621722308275854
47,naive,2.329302887700021,3.2841115409489845,1.0,16.552838742340395,16.552838742340395,analytic,1.0
47,naive,2.329302887700021,3.2841115409489845,0.9230769230769231,20.012741397277605,22.869240486509224,empirical,1.0
47,naive2,2.329302887700021,3.2841115409489845,1.0,16.552838742340395,16.552838742340395,analytic,1.0
47,naive2,2.329302887700021,3.2841115409489845,0.9230769230769231,20.012741397277605,22.869240486509224,empirical,1.0
47,seasonal_naive,2.329302887700021,3.2841115409489845,1.0,16.552838742340395,16.552838742340395,analytic,1.0
47,seasonal_naive,2.329302887700021,3.2841115409489845,0.9230769230769231,20.012741397277605,22.869240486509224,empirical,1.0
47,theta,4.794304145100512,6.863452076790104,0.9230769230769231,16.55283874234039,21.16402571834893,analytic,2.0740766134897513
47,theta,4.794304145100512,6.863452076790104,0.46153846153846156,21.326746784104127,54.026976277284646,empirical,2.0740766134897513
48,naive,3.0902862931579045,2.580283920557218,1.0,14.16027242580085,14.16027242580085,analytic,1.0
48,naive,3.0902862931579045,2.580283920557218,0.9230769230769231,13.336103283249258,19.109668495051086,empirical,1.0
48,naive2,3.0902862931579045,2.580283920557218,1.0,14.16027242580085,14.16027242580085,analytic,1.0
48,naive2,3.0902862931579045,2.580283920557218,0.9230769230769231,13.336103283249258,19.109668495051086,empirical,1.0
48,seasonal_naive,3.0902862931579045,2.580283920557218,1.0,14.16027242580085,14.16027242580085,analytic,1.0
48,seasonal_naive,3.0902862931579045,2.580283920557218,0.9230769230769231,13.336103283249258,19.109668495051086,empirical,1.0
48,theta,2.903129410465692,2.424931754026776,1.0,14.160272425800853,14.160272425800853,analytic,0.9396148241951832
48,theta,2.903129410465692,2.424931754026776,1.0,14.530194699555691,14.530194699555691,empirical,0.9396148241951832
49,naive,3.0868119311629765,2.5768081493225647,1.0,14.170219131895267,14.170219131895267,analytic,1.0
49,naive,3.0868119311629765,2.5768081493225647,0.9230769230769231,13.344108573500982,19.06044980800474,empirical,1.0
49,naive2,3.0868119311629765,2.5768081493225647,1.0,14.170219131895267,14.170219131895267,analytic,1.0
49,naive2,3.0868119311629765,2.5768081493225647,0.9230769230769231,13.344108573500982,19.06044980800474,empirical,1.0
49,seasonal_naive,3.0868119311629765,2.5768081493225647,1.0,14.170219131895267,14.170219131895267,analytic,1.0
49,seasonal_naive,3.0868119311629765,2.5768081493225647,0.9230769230769231,13.344108573500982,19.06044980800474,empirical,1.0
49,theta,2.9043365767041847,2.425416894028441,1.0,14.170219131895267,14.170219131895267,analytic,0.9410670154998901
49,theta,2.9043365767041847,2.425416894028441,1.0,14.532196967741339,14.532196967741339,empirical,0.9410670154998901
50,naive,1.5811969852940242,1.7945097251340154,1.0,13.89881062831505,13.89881062831505,analytic,1.0
50,naive,1.5811969852940242,1.7945097251340154,0.9230769230769231,10.600886696872477,15.619534897373713,empirical,1.0
50,naive2,1.5811969852940242,1.7945097251340154,1.0,13.89881062831505,13.89881062831505,analytic,1.0
50,naive2,1.5811969852940242,1.7945097251340154,0.9230769230769231,10.600886696872477,15.619534897373713,empirical,1.0
50,seasonal_naive,1.5811969852940242,1.7945097251340154,1.0,13.89881062831505,13.89881062831505,analytic,1.0
50,seasonal_naive,1.5811969852940242,1.7945097251340154,0.9230769230769231,10.600886696872477,15.619534897373713,empirical,1.0
50,theta,2.2870770912144756,2.606041994763771,1.0,13.89881062831505,13.89881062831505,analytic,1.4493259958489766
50,theta,2.2870770912144756,2.606041994763771,0.9230769230769231,12.076183604596135,12.819126589869795,empirical,1.4493259958489766
51,naive,1.7058115187950555,1.3987765029604722,1.0,13.205830529148349,13.205830529148349,analytic,1.0
51,naive,1.7058115187950555,1.3987765029604722,1.0,8.475920171455144,8.475920171455144,empirical,1.0
51,naive2,1.7058115187950555,1.3987765029604722,1.0,13.205830529148349,13.205830529148349,analytic,1.0
51,naive2,1.7058115187950555,1.3987765029604722,1.0,8.475920171455144,8.475920171455144,empirical,1.0
51,seasonal_naive,1.7058115187950555,1.3987765029604722,1.0,13.205830529148349,13.205830529148349,analytic,1.0
51,seasonal_naive,1.7058115187950555,1.3987765029604722,1.0,8.475920171455144,8.475920171455144,empirical,1.0
51,theta,3.5090793930341606,2.9120817571586626,1.0,13.205830529148349,13.205830529148349,analytic,2.0695048830280336
51,theta,3.5090793930341606,2.9120817571586626,1.0,10.917883032136924,10.917883032136924,empirical,2.0695048830280336
52,naive,6.501077634904109,0.7048550671037916,1.0,16.98247041597788,16.98247041597788,analytic,1.0
52,naive,6.501077634904109,0.7048550671037916,1.0,21.272481794779086,21.272481794779086,empirical,1.0
52,naive2,6.501077634904109,0.7048550671037916,1.0,16.98247041597788,16.98247041597788,analytic,1.0
52,naive2,6.501077634904109,0.7048550671037916,1.0,21.272481794779086,21.272481794779086,empirical,1.0
52,seasonal_naive,6.501077634904109,0.7048550671037916,1.0,16.98247041597788,16.98247041597788,analytic,1.0
52,seasonal_naive,6.501077634904109,0.7048550671037916,1.0,21.272481794779086,21.272481794779086,empirical,1.0
52,theta,8.326409142391771,0.8886401525749963,1.0,16.98247041597788,16.98247041597788,analytic,1.270757674927702
52,theta,8.326409142391771,0.8886401525749963,0.9230769230769231,22.186293069989922,22.208392637074823,empirical,1.270757674927702
53,naive,1.2890730036111557,0.6831824860358214,1.0,15.75953016167268,15.75953016167268,analytic,1.0
53,naive,1.2890730036111557,0.6831824860358214,1.0,5.139294012538113,5.139294012538113,empirical,1.0
53,naive2,1.2890730036111557,0.6831824860358214,1.0,15.75953016167268,15.75953016167268,analytic,1.0
53,naive2,1.2890730036111557,0.6831824860358214,1.0,5.139294012538113,5.139294012538113,empirical,1.0
53,seasonal_naive,1.2890730036111557,0.6831824860358214,1.0,15.75953016167268,15.75953016167268,analytic,1.0
53,seasonal_naive,1.2890730036111557,0.6831824860358214,1.0,5.139294012538113,5.139294012538113,empirical,1.0
53,theta,0.9060580699015431,0.47938956186350284,1.0,15.759530161672684,15.759530161672684,analytic,0.7022881433954845
53,theta,0.9060580699015431,0.47938956186350284,1.0,7.499899856963454,7.499899856963454,empirical,0.7022881433954845
54,naive,5.212369356272862,1.9887577762179047,1.0,15.297231281623903,15.297231281623903,analytic,1.0
54,naive,5.212369356272862,1.9887577762179047,1.0,22.315892141319573,22.315892141319573,empirical,1.0
54,naive2,5.212369356272862,1.9887577762179047,1.0,15.297231281623903,15.297231281623903,analytic,1.0
54,naive2,5.212369356272862,1.9887577762179047,1.0,22.315892141319573,22.315892141319573,empirical,1.0
54,seasonal_naive,5.212369356272862,1.9887577762179047,1.0,15.297231281623903,15.297231281623903,analytic,1.0
54,seasonal_naive,5.212369356272862,1.9887577762179047,1.0,22.315892141319573,22.315892141319573,empirical,1.0
54,theta,6.820694297185535,2.5916740359106956,1.0,15.297231281623903,15.297231281623903,analytic,1.3058607598589935
54,theta,6.820694297185535,2.5916740359106956,1.0,26.208396425512806,26.208396425512806,empirical,1.3058607598589935
55,naive,16.500241263841794,6.877124094971225,0.38461538461538464,11.680621362989925,73.09556359920929,analytic,1.0
55,naive,16.500241263841794,6.877124094971225,1.0,21.440861095505742,21.440861095505742,empirical,1.0
55,naive2,16.500241263841794,6.877124094971225,0.38461538461538464,11.680621362989925,73.09556359920929,analytic,1.0
55,naive2,16.500241263841794,6.877124094971225,1.0,21.440861095505742,21.440861095505742,empirical,1.0
55,seasonal_naive,16.500241263841794,6.877124094971225,0.38461538461538464,11.680621362989925,73.09556359920929,analytic,1.0
55,seasonal_naive,16.500241263841794,6.877124094971225,1.0,21.440861095505742,21.440861095505742,empirical,1.0
55,theta,25.532623237934178,10.129127566254601,0.0,11.680621362989921,183.23329675337558,analytic,1.510140836729238
55,theta,25.532623237934178,10.129127566254601,1.0,28.36840883226977,28.36840883226977,empirical,1.510140836729238
56,naive,31.270827444053573,14.170963364993215,0.0,11.790490855476598,342.8192083456732,analytic,1.0
56,naive,31.270827444053573,14.170963364993215,0.5384615384615384,20.967706919945726,54.00162822252375,empirical,1.0
56,naive2,31.270827444053573,14.170963364993215,0.0,11.790490855476598,342.8192083456732,analytic,1.0
56,naive2,31.270827444053573,14.170963364993215,0.5384615384615384,20.967706919945726,54.00162822252375,empirical,1.0
56,seasonal_naive,31.270827444053573,14.170963364993215,0.0,11.790490855476598,342.8192083456732,analytic,1.0
56,seasonal_naive,31.270827444053573,14.170963364993215,0.5384615384615384,20.967706919945726,54.00162822252375,empirical,1.0
56,theta,40.86516337705739,19.785877772427366,0.0,11.790490855476598,567.4157846430393,analytic,1.351520495030982
56,theta,40.86516337705739,19.785877772427366,0.38461538461538464,30.151186398914753,80.20750668861147,empirical,1.351520495030982
57,naive,8.466923781452966,3.679067721441397,0.9230769230769231,12.673715331380912,12.77558785511781,analytic,1.0
57,naive,8.466923781452966,3.679067721441397,1.0,13.884149533788607,13.884149533788607,empirical,1.0
57,naive2,8.466923781452966,3.679067721441397,0.9230769230769231,12.673715331380912,12.77558785511781,analytic,1.0
57,naive2,8.466923781452966,3.679067721441397,1.0,13.884149533788607,13.884149533788607,empirical,1.0
57,seasonal_naive,8.466923781452966,3.679067721441397,0.9230769230769231,12.673715331380912,12.77558785511781,analytic,1.0
57,seasonal_naive,8.466923781452966,3.679067721441397,1.0,13.884149533788607,13.884149533788607,empirical,1.0
57,theta,6.962805833789461,3.035244525834515,1.0,12.673715331380912,12.673715331380912,analytic,0.8236786901777202
57,theta,6.962805833789461,3.035244525834515,1.0,13.977163630666581,13.977163630666581,empirical,0.8236786901777202
58,naive,31.662100776153913,1.5575587950234389,1.0,12.607863939707556,12.607863939707556,analytic,1.0
58,naive,31.662100776153913,1.5575587950234389,1.0,5.624461498902229,5.624461498902229,empirical,1.0
58,naive2,31.662100776153913,1.5575587950234389,1.0,12.607863939707556,12.607863939707556,analytic,1.0
58,naive2,31.662100776153913,1.5575587950234389,1.0,5.624461498902229,5.624461498902229,empirical,1.0
58,seasonal_naive,31.662100776153913,1.5575587950234389,1.0,12.607863939707556,12.607863939707556,analytic,1.0
58,seasonal_naive,31.662100776153913,1.5575587950234389,1.0,5.624461498902229,5.624461498902229,empirical,1.0
58,theta,16.46056721650252,0.7157191207599924,1.0,12.607863939707556,12.607863939707556,analytic,0.48969786736803317
58,theta,16.46056721650252,0.7157191207599924,1.0,5.095975900338315,5.095975900338315,empirical,0.48969786736803317
59,naive,3.939385306635389,6.446994532771386,0.6153846153846154,13.317622673063513,32.151611285127025,analytic,1.0
59,naive,3.939385306635389,6.446994532771386,0.3076923076923077,10.303222500466093,53.979285601841006,empirical,1.0
59,naive2,3.939385306635389,6.446994532771386,0.6153846153846154,13.317622673063513,32.151611285127025,analytic,1.0
59,naive2,3.939385306635389,6.446994532771386,0.3076923076923077,10.303222500466093,53.979285601841006,empirical,1.0
59,seasonal_naive,3.939385306635389,6.446994532771386,0.6153846153846154,13.317622673063513,32.151611285127025,analytic,1.0
59,seasonal_naive,3.939385306635389,6.446994532771386,0.3076923076923077,10.303222500466093,53.979285601841006,empirical,1.0
59,theta,4.213203145694325,6.884027650109603,0.5384615384615384,13.317622673063513,39.92810053498588,analytic,1.0686482085714188
59,theta,4.213203145694325,6.884027650109603,0.8461538461538461,12.910371517344634,15.757607874236873,empirical,1.0686482085714188
60,naive,5.176573008594276,4.375915869765979,1.0,23.381973592582447,23.381973592582447,analytic,1.0
60,naive,5.176573008594276,4.375915869765979,0.8461538461538461,12.709778297673896,24.156517992625684,empirical,1.0
60,naive2,5.176573008594276,4.375915869765979,1.0,23.381973592582447,23.381973592582447,analytic,1.0
60,naive2,5.176573008594276,4.375915869765979,0.8461538461538461,12.709778297673896,24.156517992625684,empirical,1.0
60,seasonal_naive,5.176573008594276,4.375915869765979,1.0,23.381973592582447,23.381973592582447,analytic,1.0
60,seasonal_naive,5.176573008594276,4.375915869765979,0.8461538461538461,12.709778297673896,24.156517992625684,empirical,1.0
60,theta,3.174977297977509,2.7124903663577626,1.0,23.381973592582447,23.381973592582447,analytic,0.616601892810841
60,theta,3.174977297977509,2.7124903663577626,0.8461538461538461,12.548944734162058,21.48449777426349,empirical,0.616601892810841
61,naive,2.5130260513804146,2.9120655851372086,1.0,19.04399713275642,19.04399713275642,analytic,1.0
61,naive,2.5130260513804146,2.9120655851372086,0.8461538461538461,8.628417706393867,10.531389154262959,empirical,1.0
61,naive2,2.5130260513804146,2.9120655851372086,1.0,19.04399713275642,19.04399713275642,analytic,1.0
61,naive2,2.5130260513804146,2.9120655851372086,0.8461538461538461,8.628417706393867,10.531389154262959,empirical,1.0
61,seasonal_naive,2.5130260513804146,2.9120655851372086,1.0,19.04399713275642,19.04399713275642,analytic,1.0
61,seasonal_naive,2.5130260513804146,2.9120655851372086,0.8461538461538461,8.628417706393867,10.531389154262959,empirical,1.0
61,theta,2.611437909615988,3.0222714155458834,1.0,19.043997132756424,19.043997132756424,analytic,1.0385026280127194
61,theta,2.611437909615988,3.0222714155458834,1.0,9.05300084861379,9.05300084861379,empirical,1.0385026280127194
62,naive,2.9603508834658023,2.7816184882267443,1.0,18.54398158883099,18.54398158883099,analytic,1.0
62,naive,2.9603508834658023,2.7816184882267443,1.0,10.988657715526307,10.988657715526307,empirical,1.0
62,naive2,2.9603508834658023,2.7816184882267443,1.0,18.54398158883099,18.54398158883099,analytic,1.0
62,naive2,2.9603508834658023,2.7816184882267443,1.0,10.988657715526307,10.988657715526307,empirical,1.0
62,seasonal_naive,2.9603508834658023,2.7816184882267443,1.0,18.54398158883099,18.54398158883099,analytic,1.0
62,seasonal_naive,2.9603508834658023,2.7816184882267443,1.0,10.988657715526307,10.988657715526307,empirical,1.0
62,theta,2.941001993749393,2.76394739161376,1.0,18.54398158883099,18.54398158883099,analytic,0.9935555883469127
62,theta,2.941001993749393,2.76394739161376,0.8461538461538461,8.601380622510709,10.824737049291498,empirical,0.9935555883469127
63,naive,6.351966111097875,4.229884583796163,0.8461538461538461,18.287193662895035,23.59635649697352,analytic,1.0
63,naive,6.351966111097875,4.229884583796163,0.8461538461538461,11.875632667330681,34.784479971473345,empirical,1.0
63,naive2,6.351966111097875,4.229884583796163,0.8461538461538461,18.287193662895035,23.59635649697352,analytic,1.0
63,naive2,6.351966111097875,4.229884583796163,0.8461538461538461,11.875632667330681,34.784479971473345,empirical,1.0
63,seasonal_naive,6.351966111097875,4.229884583796163,0.8461538461538461,18.287193662895035,23.59635649697352,analytic,1.0
63,seasonal_naive,6.351966111097875,4.229884583796163,0.8461538461538461,11.875632667330681,34.784479971473345,empirical,1.0
63,theta,5.7562614556730765,3.8229242203405325,0.9230769230769231,18.287193662895035,28.295576044752977,analytic,0.9050032658640694
63,theta,5.7562614556730765,3.8229242203405325,0.8461538461538461,8.26397051777614,15.761023893973416,empirical,0.9050032658640694
64,naive,5.336016447708274,3.8644015231777624,0.8461538461538461,17.208204751339366,21.467338108898396,analytic,1.0
64,naive,5.336016447708274,3.8644015231777624,0.8461538461538461,10.430498213023894,29.323962123906316,empirical,1.0
64,naive2,5.336016447708274,3.8644015231777624,0.8461538461538461,17.208204751339366,21.467338108898396,analytic,1.0
64,naive2,5.336016447708274,3.8644015231777624,0.8461538461538461,10.430498213023894,29.323962123906316,empirical,1.0
64,seasonal_naive,5.336016447708274,3.8644015231777624,0.8461538461538461,17.208204751339366,21.467338108898396,analytic,1.0
64,seasonal_naive,5.336016447708274,3.8644015231777624,0.8461538461538461,10.430498213023894,29.323962123906316,empirical,1.0
64,theta,4.9805750904890225,3.598332518053769,0.9230769230769231,17.20820475133937,26.1115141749541,analytic,0.9322684866219564
64,theta,4.9805750904890225,3.598332518053769,0.8461538461538461,7.083613802043952,13.546110476271148,empirical,0.9322684866219564
65,naive,3.2959513886463734,8.35471017538644,0.6153846153846154,19.393199436482377,66.76319185736027,analytic,1.0
65,naive,3.2959513886463734,8.35471017538644,0.6923076923076923,9.811286213719839,18.098708375471826,empirical,1.0
65,naive2,3.2959513886463734,8.35471017538644,0.6153846153846154,19.393199436482377,66.76319185736027,analytic,1.0
65,naive2,3.2959513886463734,8.35471017538644,0.6923076923076923,9.811286213719839,18.098708375471826,empirical,1.0
65,seasonal_naive,3.2959513886463734,8.35471017538644,0.6153846153846154,19.393199436482377,66.76319185736027,analytic,1.0
65,seasonal_naive,3.2959513886463734,8.35471017538644,0.6923076923076923,9.811286213719839,18.098708375471826,empirical,1.0
65,theta,2.231018986912365,5.69436187404344,0.8461538461538461,19.393199436482377,26.24366162809541,analytic,0.6792359230449507
65,theta,2.231018986912365,5.69436187404344,0.7692307692307693,8.412658223758887,17.409226696298308,empirical,0.6792359230449507
66,naive,3.4049832829187587,15.214571872184631,0.15384615384615385,14.769509447407042,340.07073203157756,analytic,1.0
66,naive,3.4049832829187587,15.214571872184631,0.8461538461538461,26.90517117445226,34.2927385037092,empirical,1.0
66,naive2,3.4049832829187587,15.214571872184631,0.15384615384615385,14.769509447407042,340.07073203157756,analytic,1.0
66,naive2,3.4049832829187587,15.214571872184631,0.8461538461538461,26.90517117445226,34.2927385037092,empirical,1.0
66,seasonal_naive,3.4049832829187587,15.214571872184631,0.15384615384615385,14.769509447407042,340.07073203157756,analytic,1.0
66,seasonal_naive,3.4049832829187587,15.214571872184631,0.8461538461538461,26.90517117445226,34.2927385037092,empirical,1.0
66,theta,4.650077026466059,20.62082274094545,0.0,14.769509447407042,544.2122301370842,analytic,1.3605009211652734
66,theta,4.650077026466059,20.62082274094545,0.8461538461538461,31.179383719441905,51.50330140887921,empirical,1.3605009211652734
67,naive,1.0626571827598599,2.385343422590176,1.0,15.035212824917009,15.035212824917009,analytic,1.0
67,naive,1.0626571827598599,2.385343422590176,1.0,36.285556774303316,36.285556774303316,empirical,1.0
67,naive2,1.0626571827598599,2.385343422590176,1.0,15.035212824917009,15.035212824917009,analytic,1.0
67,naive2,1.0626571827598599,2.385343422590176,1.0,36.285556774303316,36.285556774303316,empirical,1.0
67,seasonal_naive,1.0626571827598599,2.385343422590176,1.0,15.035212824917009,15.035212824917009,analytic,1.0
67,seasonal_naive,1.0626571827598599,2.385343422590176,1.0,36.285556774303316,36.285556774303316,empirical,1.0
67,theta,0.6496516500180974,1.468305298544277,1.0,15.035212824917009,15.035212824917009,analytic,0.6134497029839256
67,theta,0.6496516500180974,1.468305298544277,1.0,45.3645864400091,45.3645864400091,empirical,0.6134497029839256
68,naive,1.030391316677055,1.8260251234315126,1.0,14.665661845962838,14.665661845962838,analytic,1.0
68,naive,1.030391316677055,1.8260251234315126,1.0,29.43294084045015,29.43294084045015,empirical,1.0
68,naive2,1.030391316677055,1.8260251234315126,1.0,14.665661845962838,14.665661845962838,analytic,1.0
68,naive2,1.030391316677055,1.8260251234315126,1.0,29.43294084045015,29.43294084045015,empirical,1.0
68,seasonal_naive,1.030391316677055,1.8260251234315126,1.0,14.665661845962838,14.665661845962838,analytic,1.0
68,seasonal_naive,1.030391316677055,1.8260251234315126,1.0,29.43294084045015,29.43294084045015,empirical,1.0
68,theta,0.6294675516275323,1.1226444833938116,1.0,14.665661845962838,14.665661845962838,analytic,0.6128518863779486
68,theta,0.6294675516275323,1.1226444833938116,1.0,36.45238182953762,36.45238182953762,empirical,0.6128518863779486
69,naive,0.7449683184916019,0.591591476268806,1.0,15.261206401794869,15.261206401794869,analytic,1.0
69,naive,0.7449683184916019,0.591591476268806,1.0,9.675677477047284,9.675677477047284,empirical,1.0
69,naive2,0.7449683184916019,0.591591476268806,1.0,15.261206401794869,15.261206401794869,analytic,1.0
69,naive2,0.7449683184916019,0.591591476268806,1.0,9.675677477047284,9.675677477047284,empirical,1.0
69,seasonal_naive,0.7449683184916019,0.591591476268806,1.0,15.261206401794869,15.261206401794869,analytic,1.0
69,seasonal_naive,0.7449683184916019,0.591591476268806,1.0,9.675677477047284,9.675677477047284,empirical,1.0
69,theta,1.7340932123659867,1.3646916377298934,1.0,15.26120640179487,15.26120640179487,analytic,2.317277558714215
69,theta,1.7340932123659867,1.3646916377298934,1.0,13.653720717845498,13.653720717845498,empirical,2.317277558714215
70,naive,1.2454556835480117,0.19442082184285542,1.0,20.859407874082436,20.859407874082436,analytic,1.0
70,naive,1.2454556835480117,0.19442082184285542,1.0,9.62549266566613,9.62549266566613,empirical,1.0
70,naive2,1.2454556835480117,0.19442082184285542,1.0,20.859407874082436,20.859407874082436,analytic,1.0
70,naive2,1.2454556835480117,0.19442082184285542,1.0,9.62549266566613,9.62549266566613,empirical,1.0
70,seasonal_naive,1.2454556835480117,0.19442082184285542,1.0,20.859407874082436,20.859407874082436,analytic,1.0
70,seasonal_naive,1.2454556835480117,0.19442082184285542,1.0,9.62549266566613,9.62549266566613,empirical,1.0
70,theta,1.3590628305027763,0.2102066813462171,1.0,20.859407874082436,20.859407874082436,analytic,1.0862058091579072
70,theta,1.3590628305027763,0.2102066813462171,1.0,13.82717114087481,13.82717114087481,empirical,1.0862058091579072
71,naive,1.2454556835480117,0.2336350046212154,1.0,23.795264832525813,23.795264832525813,analytic,1.0
71,naive,1.2454556835480117,0.2336350046212154,1.0,11.564970411815427,11.564970411815427,empirical,1.0
71,naive2,1.2454556835480117,0.2336350046212154,1.0,23.795264832525813,23.795264832525813,analytic,1.0
71,naive2,1.2454556835480117,0.2336350046212154,1.0,11.564970411815427,11.564970411815427,empirical,1.0
71,seasonal_naive,1.2454556835480117,0.2336350046212154,1.0,23.795264832525813,23.795264832525813,analytic,1.0
71,seasonal_naive,1.2454556835480117,0.2336350046212154,1.0,11.564970411815427,11.564970411815427,empirical,1.0
71,theta,1.3075716884869204,0.2433282472837718,1.0,23.795264832525813,23.795264832525813,analytic,1.045681473789172
71,theta,1.3075716884869204,0.2433282472837718,1.0,16.63521831505192,16.63521831505192,empirical,1.045681473789172
72,naive,1.2454556835480117,0.23360674801916487,1.0,23.8050661980429,23.8050661980429,analytic,1.0
72,naive,1.2454556835480117,0.23360674801916487,1.0,11.581337121858189,11.581337121858189,empirical,1.0
72,naive2,1.2454556835480117,0.23360674801916487,1.0,23.8050661980429,23.8050661980429,analytic,1.0
72,naive2,1.2454556835480117,0.23360674801916487,1.0,11.581337121858189,11.581337121858189,empirical,1.0
72,seasonal_naive,1.2454556835480117,0.23360674801916487,1.0,23.8050661980429,23.8050661980429,analytic,1.0
72,seasonal_naive,1.2454556835480117,0.23360674801916487,1.0,11.581337121858189,11.581337121858189,empirical,1.0
72,theta,1.3074755547678745,0.243283092194195,1.0,23.8050661980429,23.8050661980429,analytic,1.0456092205351422
72,theta,1.3074755547678745,0.243283092194195,1.0,16.66962772354699,16.66962772354699,empirical,1.0456092205351422
73,naive,33.851831491721455,20.739817306017873,0.23076923076923078,25.5895626456735,424.65729651767185,analytic,1.0
73,naive,33.851831491721455,20.739817306017873,0.46153846153846156,27.327985137741138,159.235876035508,empirical,1.0
73,naive2,33.851831491721455,20.739817306017873,0.23076923076923078,25.5895626456735,424.65729651767185,analytic,1.0
73,naive2,33.851831491721455,20.739817306017873,0.46153846153846156,27.327985137741138,159.235876035508,empirical,1.0
73,seasonal_naive,33.851831491721455,20.739817306017873,0.23076923076923078,25.5895626456735,424.65729651767185,analytic,1.0
73,seasonal_naive,33.851831491721455,20.739817306017873,0.46153846153846156,27.327985137741138,159.235876035508,empirical,1.0
73,theta,12.412819435789379,6.936353843999351,0.8461538461538461,25.5895626456735,64.87488779974018,analytic,0.3505635593620463
73,theta,12.412819435789379,6.936353843999351,0.6923076923076923,16.32066210839964,49.38708075115244,empirical,0.3505635593620463
74,naive,3.54115248854078,2.969336822397591,1.0,16.686146561773647,16.686146561773647,analytic,1.0
74,naive,3.54115248854078,2.969336822397591,0.9230769230769231,14.936585250827568,15.084313581700618,empirical,1.0
74,naive2,3.54115248854078,2.969336822397591,1.0,16.686146561773647,16.686146561773647,analytic,1.0
74,naive2,3.54115248854078,2.969336822397591,0.9230769230769231,14.936585250827568,15.084313581700618,empirical,1.0
74,seasonal_naive,3.54115248854078,2.969336822397591,1.0,16.686146561773647,16.686146561773647,analytic,1.0
74,seasonal_naive,3.54115248854078,2.969336822397591,0.9230769230769231,14.936585250827568,15.084313581700618,empirical,1.0
74,theta,3.2636731214966797,2.7398394801644748,0.9230769230769231,16.686146561773647,17.535942513389813,analytic,0.9221762090449057
74,theta,3.2636731214966797,2.7398394801644748,0.8461538461538461,15.181858972620999,24.561941780170013,empirical,0.9221762090449057
75,naive,22.624434389140273,1.3095554964067073,1.0,45.03712406482304,45.03712406482304,analytic,1.0
75,naive,22.624434389140273,1.3095554964067073,1.0,27.394264040457813,27.394264040457813,empirical,1.0
75,naive2,22.624434389140273,1.3095554964067073,1.0,45.03712406482304,45.03712406482304,analytic,1.0
75,naive2,22.624434389140273,1.3095554964067073,1.0,27.394264040457813,27.394264040457813,empirical,1.0
75,seasonal_naive,22.624434389140273,1.3095554964067073,1.0,45.03712406482304,45.03712406482304,analytic,1.0
75,seasonal_naive,22.624434389140273,1.3095554964067073,1.0,27.394264040457813,27.394264040457813,empirical,1.0
75,theta,53.945345968432775,4.242626126949169,1.0,45.03712406482306,45.03712406482306,analytic,2.8120647433564323
75,theta,53.945345968432775,4.242626126949169,1.0,58.77325786178879,58.77325786178879,empirical,2.8120647433564323
76,naive,12.794018003930507,3.007513733154156,0.9230769230769231,18.692470403426647,21.873278840778664,analytic,1.0
76,naive,12.794018003930507,3.007513733154156,1.0,17.60854140350075,17.60854140350075,empirical,1.0
76,naive2,12.794018003930507,3.007513733154156,0.9230769230769231,18.692470403426647,21.873278840778664,analytic,1.0
76,naive2,12.794018003930507,3.007513733154156,1.0,17.60854140350075,17.60854140350075,empirical,1.0
76,seasonal_naive,12.794018003930507,3.007513733154156,0.9230769230769231,18.692470403426647,21.873278840778664,analytic,1.0
76,seasonal_naive,12.794018003930507,3.007513733154156,1.0,17.60854140350075,17.60854140350075,empirical,1.0
76,theta,21.01876417151759,4.706538607575707,0.9230769230769231,18.692470403426647,27.476358916834624,analytic,1.6038927260410607
76,theta,21.01876417151759,4.706538607575707,0.9230769230769231,15.73637240476436,17.103770225137808,empirical,1.6038927260410607
77,naive,12.941482918135675,2.4357977441659573,0.9230769230769231,17.420789286762584,18.70453492790602,analytic,1.0
77,naive,12.941482918135675,2.4357977441659573,1.0,14.65449812445349,14.65449812445349,empirical,1.0
77,naive2,12.941482918135675,2.4357977441659573,0.9230769230769231,17.420789286762584,18.70453492790602,analytic,1.0
77,naive2,12.941482918135675,2.4357977441659573,1.0,14.65449812445349,14.65449812445349,empirical,1.0
77,seasonal_naive,12.941482918135675,2.4357977441659573,0.9230769230769231,17.420789286762584,18.70453492790602,analytic,1.0
77,seasonal_naive,12.941482918135675,2.4357977441659573,1.0,14.65449812445349,14.65449812445349,empirical,1.0
77,theta,19.673178831909706,3.555995805650227,0.9230769230769231,17.420789286762584,22.247688395855647,analytic,1.4900268947672508
77,theta,19.673178831909706,3.555995805650227,0.9230769230769231,13.168702980934004,16.433252354743317,empirical,1.4900268947672508
78,naive,17.61137465683892,3.0839834786599356,1.0,13.215945500709278,13.215945500709278,analytic,1.0
78,naive,17.61137465683892,3.0839834786599356,0.7692307692307693,15.507607582871465,21.04013838387404,empirical,1.0
78,naive2,17.61137465683892,3.0839834786599356,1.0,13.215945500709278,13.215945500709278,analytic,1.0
78,naive2,17.61137465683892,3.0839834786599356,0.7692307692307693,15.507607582871465,21.04013838387404,empirical,1.0
78,seasonal_naive,17.61137465683892,3.0839834786599356,1.0,13.215945500709278,13.215945500709278,analytic,1.0
78,seasonal_naive,17.61137465683892,3.0839834786599356,0.7692307692307693,15.507607582871465,21.04013838387404,empirical,1.0
78,theta,38.56712720742769,6.120602731860077,0.46153846153846156,13.215945500709278,52.03607698968848,analytic,2.087270305025683
78,theta,38.56712720742769,6.120602731860077,0.6153846153846154,17.814740264087266,32.48789419616527,empirical,2.087270305025683
79,naive,11.808799010491548,1.9476245753415904,1.0,13.387133512899712,13.387133512899712,analytic,1.0
79,naive,11.808799010491548,1.9476245753415904,0.7692307692307693,14.187371537503061,16.127328299555906,empirical,1.0
79,naive2,11.808799010491548,1.9476245753415904,1.0,13.387133512899712,13.387133512899712,analytic,1.0
79,naive2,11.808799010491548,1.9476245753415904,0.7692307692307693,14.187371537503061,16.127328299555906,empirical,1.0
79,seasonal_naive,11.808799010491548,1.9476245753415904,1.0,13.387133512899712,13.387133512899712,analytic,1.0
79,seasonal_naive,11.808799010491548,1.9476245753415904,0.7692307692307693,14.187371537503061,16.127328299555906,empirical,1.0
79,theta,34.20810505207488,5.050073135884511,0.6153846153846154,13.387133512899712,35.93841013077405,analytic,2.744885787463022
79,theta,34.20810505207488,5.050073135884511,0.6153846153846154,16.071381199389702,30.213210651056233,empirical,2.744885787463022
80,naive,2.573506016523505,2.576442716031952,0.9230769230769231,15.18178711896706,24.69690904699911,analytic,1.0
80,naive,2.573506016523505,2.576442716031952,0.9230769230769231,16.603966978532195,24.656518591566954,empirical,1.0
80,naive2,2.573506016523505,2.576442716031952,0.9230769230769231,15.18178711896706,24.69690904699911,analytic,1.0
80,naive2,2.573506016523505,2.576442716031952,0.9230769230769231,16.603966978532195,24.656518591566954,empirical,1.0
80,seasonal_naive,2.573506016523505,2.576442716031952,0.9230769230769231,15.18178711896706,24.69690904699911,analytic,1.0
80,seasonal_naive,2.573506016523505,2.576442716031952,0.9230769230769231,16.603966978532195,24.656518591566954,empirical,1.0
80,theta,2.4909142125756514,2.493081665357916,0.9230769230769231,15.181787118967057,24.281820023089765,analytic,0.9677758986450186
80,theta,2.4909142125756514,2.493081665357916,0.8461538461538461,17.926638421941128,31.40521516679731,empirical,0.9677758986450186
81,naive,0.1369512564901646,0.7494807917056767,1.0,23.747101512394785,23.747101512394785,analytic,1.0
81,naive,0.1369512564901646,0.7494807917056767,1.0,24.951289779938996,24.951289779938996,empirical,1.0
81,naive2,0.1369512564901646,0.7494807917056767,1.0,23.747101512394785,23.747101512394785,analytic,1.0
81,naive2,0.1369512564901646,0.7494807917056767,1.0,24.951289779938996,24.951289779938996,empirical,1.0
81,seasonal_naive,0.1369512564901646,0.7494807917056767,1.0,23.747101512394785,23.747101512394785,analytic,1.0
81,seasonal_naive,0.1369512564901646,0.7494807917056767,1.0,24.951289779938996,24.951289779938996,empirical,1.0
81,theta,0.3829658834105977,2.0989612987409525,1.0,23.747101512394785,23.747101512394785,analytic,2.7984600813342198
81,theta,0.3829658834105977,2.0989612987409525,0.9230769230769231,33.376612202999574,34.011027146515666,empirical,2.7984600813342198
82,naive,0.6200111743150872,1.0515629882858744,1.0,16.637376577453043,16.637376577453043,analytic,1.0
82,naive,0.6200111743150872,1.0515629882858744,1.0,20.577658879345464,20.577658879345464,empirical,1.0
82,naive2,0.6200111743150872,1.0515629882858744,1.0,16.637376577453043,16.637376577453043,analytic,1.0
82,naive2,0.6200111743150872,1.0515629882858744,1.0,20.577658879345464,20.577658879345464,empirical,1.0
82,seasonal_naive,0.6200111743150872,1.0515629882858744,1.0,16.637376577453043,16.637376577453043,analytic,1.0
82,seasonal_naive,0.6200111743150872,1.0515629882858744,1.0,20.577658879345464,20.577658879345464,empirical,1.0
82,theta,1.0801494417738249,1.8257489007208423,1.0,16.637376577453043,16.637376577453043,analytic,1.7391845614782118
82,theta,1.0801494417738249,1.8257489007208423,1.0,23.713317060111656,23.713317060111656,empirical,1.7391845614782118
83,naive,0.6626363036244304,1.04989685888618,1.0,15.497785779587186,15.497785779587186,analytic,1.0
83,naive,0.6626363036244304,1.04989685888618,1.0,20.028711941814336,20.028711941814336,empirical,1.0
83,naive2,0.6626363036244304,1.04989685888618,1.0,15.497785779587186,15.497785779587186,analytic,1.0
83,naive2,0.6626363036244304,1.04989685888618,1.0,20.028711941814336,20.028711941814336,empirical,1.0
83,seasonal_naive,0.6626363036244304,1.04989685888618,1.0,15.497785779587186,15.497785779587186,analytic,1.0
83,seasonal_naive,0.6626363036244304,1.04989685888618,1.0,20.028711941814336,20.028711941814336,empirical,1.0
83,theta,0.8770739408982905,1.3871470864841153,1.0,15.497785779587186,15.497785779587186,analytic,1.3224175592214904
83,theta,0.8770739408982905,1.3871470864841153,1.0,22.305242272962364,22.305242272962364,empirical,1.3224175592214904
84,naive,1.6688611011164871,5.056803963765577,1.0,15.434629668841884,15.434629668841884,analytic,1.0
84,naive,1.6688611011164871,5.056803963765577,1.0,32.008775002919435,32.008775002919435,empirical,1.0
84,naive2,1.6688611011164871,5.056803963765577,1.0,15.434629668841884,15.434629668841884,analytic,1.0
84,naive2,1.6688611011164871,5.056803963765577,1.0,32.008775002919435,32.008775002919435,empirical,1.0
84,seasonal_naive,1.6688611011164871,5.056803963765577,1.0,15.434629668841884,15.434629668841884,analytic,1.0
84,seasonal_naive,1.6688611011164871,5.056803963765577,1.0,32.008775002919435,32.008775002919435,empirical,1.0
84,theta,1.2608971009213221,3.8314441126774628,1.0,15.434629668841875,15.434629668841875,analytic,0.7566122161465235
84,theta,1.2608971009213221,3.8314441126774628,1.0,40.870078000780346,40.870078000780346,empirical,0.7566122161465235
85,naive,1.6814350434494525,4.89698247313283,1.0,15.998058236381185,15.998058236381185,analytic,1.0
85,naive,1.6814350434494525,4.89698247313283,1.0,29.11733600165227,29.11733600165227,empirical,1.0
85,naive2,1.6814350434494525,4.89698247313283,1.0,15.998058236381185,15.998058236381185,analytic,1.0
85,naive2,1.6814350434494525,4.89698247313283,1.0,29.11733600165227,29.11733600165227,empirical,1.0
85,seasonal_naive,1.6814350434494525,4.89698247313283,1.0,15.998058236381185,15.998058236381185,analytic,1.0
85,seasonal_naive,1.6814350434494525,4.89698247313283,1.0,29.11733600165227,29.11733600165227,empirical,1.0
85,theta,1.3083552375715632,3.8199783750370195,1.0,15.998058236381176,15.998058236381176,analytic,0.7790930114920711
85,theta,1.3083552375715632,3.8199783750370195,1.0,39.240250396231374,39.240250396231374,empirical,0.7790930114920711
86,naive,0.9601154269053225,1.0943122610854012,1.0,24.352575943548896,24.352575943548896,analytic,1.0
86,naive,0.9601154269053225,1.0943122610854012,1.0,5.943345241431,5.943345241431,empirical,1.0
86,naive2,0.9601154269053225,1.0943122610854012,1.0,24.352575943548896,24.352575943548896,analytic,1.0
86,naive2,0.9601154269053225,1.0943122610854012,1.0,5.943345241431,5.943345241431,empirical,1.0
86,seasonal_naive,0.9601154269053225,1.0943122610854012,1.0,24.352575943548896,24.352575943548896,analytic,1.0
86,seasonal_naive,0.9601154269053225,1.0943122610854012,1.0,5.943345241431,5.943345241431,empirical,1.0
86,theta,1.751442776442807,1.9858378346157781,1.0,24.3525759435489,24.3525759435489,analytic,1.8194452568897856
86,theta,1.751442776442807,1.9858378346157781,1.0,14.52560117526131,14.52560117526131,empirical,1.8194452568897856
87,naive,0.6175737602356628,2.1898333438401245,0.9230769230769231,17.715205402831483,19.27371231744437,analytic,1.0
87,naive,0.6175737602356628,2.1898333438401245,0.9230769230769231,11.45713397000083,19.092833992192194,empirical,1.0
87,naive2,0.6175737602356628,2.1898333438401245,0.9230769230769231,17.715205402831483,19.27371231744437,analytic,1.0
87,naive2,0.6175737602356628,2.1898333438401245,0.9230769230769231,11.45713397000083,19.092833992192194,empirical,1.0
87,seasonal_naive,0.6175737602356628,2.1898333438401245,0.9230769230769231,17.715205402831483,19.27371231744437,analytic,1.0
87,seasonal_naive,0.6175737602356628,2.1898333438401245,0.9230769230769231,11.45713397000083,19.092833992192194,empirical,1.0
87,theta,1.0631265014901954,3.758684222178694,0.9230769230769231,17.71520540283149,25.35194647852958,analytic,1.71894075302636
87,theta,1.0631265014901954,3.758684222178694,1.0,11.539870669200536,11.539870669200536,empirical,1.71894075302636
88,naive,5.073548067083987,0.6672242812500911,1.0,14.165341853323426,14.165341853323426,analytic,1.0
88,naive,5.073548067083987,0.6672242812500911,1.0,4.506660497535917,4.506660497535917,empirical,1.0
88,naive2,5.073548067083987,0.6672242812500911,1.0,14.165341853323426,14.165341853323426,analytic,1.0
88,naive2,5.073548067083987,0.6672242812500911,1.0,4.506660497535917,4.506660497535917,empirical,1.0
88,seasonal_naive,5.073548067083987,0.6672242812500911,1.0,14.165341853323426,14.165341853323426,analytic,1.0
88,seasonal_naive,5.073548067083987,0.6672242812500911,1.0,4.506660497535917,4.506660497535917,empirical,1.0
88,theta,8.9071291539395,1.2011492602421487,1.0,14.165341853323422,14.165341853323422,analytic,1.777909879158852
88,theta,8.9071291539395,1.2011492602421487,1.0,5.491879198658311,5.491879198658311,empirical,1.777909879158852
89,naive,1.6404345842691077,1.8335423323797255,1.0,15.116069384034239,15.116069384034239,analytic,1.0
89,naive,1.6404345842691077,1.8335423323797255,1.0,11.345259015281279,11.345259015281279,empirical,1.0
89,naive2,1.6404345842691077,1.8335423323797255,1.0,15.116069384034239,15.116069384034239,analytic,1.0
89,naive2,1.6404345842691077,1.8335423323797255,1.0,11.345259015281279,11.345259015281279,empirical,1.0
89,seasonal_naive,1.6404345842691077,1.8335423323797255,1.0,15.116069384034239,15.116069384034239,analytic,1.0
89,seasonal_naive,1.6404345842691077,1.8335423323797255,1.0,11.345259015281279,11.345259015281279,empirical,1.0
89,theta,1.1315404941582987,1.2726148507675945,1.0,15.11606938403424,15.11606938403424,analytic,0.6919276807300005
89,theta,1.1315404941582987,1.2726148507675945,1.0,9.556832511836411,9.556832511836411,empirical,0.6919276807300005
90,naive,1.4020593429362147,2.232305530315141,1.0,16.453179986694085,16.453179986694085,analytic,1.0
90,naive,1.4020593429362147,2.232305530315141,1.0,16.335690606222382,16.335690606222382,empirical,1.0
90,naive2,1.4020593429362147,2.232305530315141,1.0,16.453179986694085,16.453179986694085,analytic,1.0
90,naive2,1.4020593429362147,2.232305530315141,1.0,16.335690606222382,16.335690606222382,empirical,1.0
90,seasonal_naive,1.4020593429362147,2.232305530315141,1.0,16.453179986694085,16.453179986694085,analytic,1.0
90,seasonal_naive,1.4020593429362147,2.232305530315141,1.0,16.335690606222382,16.335690606222382,empirical,1.0
90,theta,1.4770426071512144,2.368594704289376,0.9230769230769231,16.453179986694085,18.019441402746956,analytic,1.057266953445588
90,theta,1.4770426071512144,2.368594704289376,1.0,13.986164169211694,13.986164169211694,empirical,1.057266953445588
91,naive,2.4111892810987863,2.8518420628647747,1.0,17.062318521216014,17.062318521216014,analytic,1.0
91,naive,2.4111892810987863,2.8518420628647747,0.9230769230769231,25.261941117443868,29.412914553187754,empirical,1.0
91,naive2,2.4111892810987863,2.8518420628647747,1.0,17.062318521216014,17.062318521216014,analytic,1.0
91,naive2,2.4111892810987863,2.8518420628647747,0.9230769230769231,25.261941117443868,29.412914553187754,empirical,1.0
91,seasonal_naive,2.4111892810987863,2.8518420628647747,1.0,17.062318521216014,17.062318521216014,analytic,1.0
91,seasonal_naive,2.4111892810987863,2.8518420628647747,0.9230769230769231,25.261941117443868,29.412914553187754,empirical,1.0
91,theta,7.3185305415613575,8.984248085287668,0.46153846153846156,17.062318521216014,84.68585058667814,analytic,3.0927842068746836
91,theta,7.3185305415613575,8.984248085287668,0.23076923076923078,19.600982479275576,146.2612225405589,empirical,3.0927842068746836
92,naive,0.893821411438229,1.4179084853288313,1.0,13.776700994108648,13.776700994108648,analytic,1.0
92,naive,0.893821411438229,1.4179084853288313,0.8461538461538461,5.047073288893792,9.901975536493874,empirical,1.0
92,naive2,0.893821411438229,1.4179084853288313,1.0,13.776700994108648,13.776700994108648,analytic,1.0
92,naive2,0.893821411438229,1.4179084853288313,0.8461538461538461,5.047073288893792,9.901975536493874,empirical,1.0
92,seasonal_naive,0.893821411438229,1.4179084853288313,1.0,13.776700994108648,13.776700994108648,analytic,1.0
92,seasonal_naive,0.893821411438229,1.4179084853288313,0.8461538461538461,5.047073288893792,9.901975536493874,empirical,1.0
92,theta,1.0257612575830162,1.625965223251306,1.0,13.776700994108646,13.776700994108646,analytic,1.1471740816720368
92,theta,1.0257612575830162,1.625965223251306,0.8461538461538461,5.646173953947845,6.86660742417567,empirical,1.1471740816720368
93,naive,9.846255392533424,2.9738571265256217,1.0,13.553014597459383,13.553014597459383,analytic,1.0
93,naive,9.846255392533424,2.9738571265256217,0.9230769230769231,12.961495830188927,13.482519259612403,empirical,1.0
93,naive2,9.846255392533424,2.9738571265256217,1.0,13.553014597459383,13.553014597459383,analytic,1.0
93,naive2,9.846255392533424,2.9738571265256217,0.9230769230769231,12.961495830188927,13.482519259612403,empirical,1.0
93,seasonal_naive,9.846255392533424,2.9738571265256217,1.0,13.553014597459383,13.553014597459383,analytic,1.0
93,seasonal_naive,9.846255392533424,2.9738571265256217,0.9230769230769231,12.961495830188927,13.482519259612403,empirical,1.0
93,theta,11.912205430597265,3.5544428756579114,1.0,13.553014597459379,13.553014597459379,analytic,1.2025253798972075
93,theta,11.912205430597265,3.5544428756579114,1.0,12.207007613004048,12.207007613004048,empirical,1.2025253798972075
94,naive,8.5564100694564,2.511997441977682,1.0,13.879239710995563,13.879239710995563,analytic,1.0
94,naive,8.5564100694564,2.511997441977682,0.9230769230769231,11.504029847411447,11.733941303301464,empirical,1.0
94,naive2,8.5564100694564,2.511997441977682,1.0,13.879239710995563,13.879239710995563,analytic,1.0
94,naive2,8.5564100694564,2.511997441977682,0.9230769230769231,11.504029847411447,11.733941303301464,empirical,1.0
94,seasonal_naive,8.5564100694564,2.511997441977682,1.0,13.879239710995563,13.879239710995563,analytic,1.0
94,seasonal_naive,8.5564100694564,2.511997441977682,0.9230769230769231,11.504029847411447,11.733941303301464,empirical,1.0
94,theta,14.96744718871737,4.228729574646999,1.0,13.879239710995563,13.879239710995563,analytic,1.7163401672955274
94,theta,14.96744718871737,4.228729574646999,0.8461538461538461,11.118615606000425,15.085363713120364,empirical,1.7163401672955274
95,naive,1.1735053393780503,4.644495536488707,1.0,13.779107675417531,13.779107675417531,analytic,1.0
95,naive,1.1735053393780503,4.644495536488707,0.8461538461538461,11.355401592070072,16.917467565303074,empirical,1.0
95,naive2,1.1735053393780503,4.644495536488707,1.0,13.779107675417531,13.779107675417531,analytic,1.0
95,naive2,1.1735053393780503,4.644495536488707,0.8461538461538461,11.355401592070072,16.917467565303074,empirical,1.0
95,seasonal_naive,1.1735053393780503,4.644495536488707,1.0,13.779107675417531,13.779107675417531,analytic,1.0
95,seasonal_naive,1.1735053393780503,4.644495536488707,0.8461538461538461,11.355401592070072,16.917467565303074,empirical,1.0
95,theta,0.9018622097685947,3.576092253187163,1.0,13.779107675417531,13.779107675417531,analytic,0.7692417246337854
95,theta,0.9018622097685947,3.576092253187163,1.0,9.297502312486456,9.297502312486456,empirical,0.7692417246337854
96,naive,7.9967848222781885,0.5502044629952374,1.0,14.422521746897786,14.422521746897786,analytic,1.0
96,naive,7.9967848222781885,0.5502044629952374,1.0,4.324354550653507,4.324354550653507,empirical,1.0
96,naive2,7.9967848222781885,0.5502044629952374,1.0,14.422521746897786,14.422521746897786,analytic,1.0
96,naive2,7.9967848222781885,0.5502044629952374,1.0,4.324354550653507,4.324354550653507,empirical,1.0
96,seasonal_naive,7.9967848222781885,0.5502044629952374,1.0,14.422521746897786,14.422521746897786,analytic,1.0
96,seasonal_naive,7.9967848222781885,0.5502044629952374,1.0,4.324354550653507,4.324354550653507,empirical,1.0
96,theta,6.055027189840163,0.43406504384308253,1.0,14.422521746897786,14.422521746897786,analytic,0.7730492993915392
96,theta,6.055027189840163,0.43406504384308253,1.0,5.093783697210793,5.093783697210793,empirical,0.7730492993915392
97,naive,5.314041949447915,0.4517248220876482,1.0,14.749207727849516,14.749207727849516,analytic,1.0
97,naive,5.314041949447915,0.4517248220876482,1.0,4.4286364009712305,4.4286364009712305,empirical,1.0
97,naive2,5.314041949447915,0.4517248220876482,1.0,14.749207727849516,14.749207727849516,analytic,1.0
97,naive2,5.314041949447915,0.4517248220876482,1.0,4.4286364009712305,4.4286364009712305,empirical,1.0
97,seasonal_naive,5.314041949447915,0.4517248220876482,1.0,14.749207727849516,14.749207727849516,analytic,1.0
97,seasonal_naive,5.314041949447915,0.4517248220876482,1.0,4.4286364009712305,4.4286364009712305,empirical,1.0
97,theta,5.405973149167016,0.47467524301901354,1.0,14.749207727849518,14.749207727849518,analytic,1.034052936797461
97,theta,5.405973149167016,0.47467524301901354,1.0,5.699355974867433,5.699355974867433,empirical,1.034052936797461
98,naive,1.5086348000272432,4.645421412192416,0.8461538461538461,17.00809898232245,30.756682186305586,analytic,1.0
98,naive,1.5086348000272432,4.645421412192416,0.9230769230769231,27.287425859105973,33.56398210786215,empirical,1.0
98,naive2,1.5086348000272432,4.645421412192416,0.8461538461538461,17.00809898232245,30.756682186305586,analytic,1.0
98,naive2,1.5086348000272432,4.645421412192416,0.9230769230769231,27.287425859105973,33.56398210786215,empirical,1.0
98,seasonal_naive,1.5086348000272432,4.645421412192416,0.8461538461538461,17.00809898232245,30.756682186305586,analytic,1.0
98,seasonal_naive,1.5086348000272432,4.645421412192416,0.9230769230769231,27.287425859105973,33.56398210786215,empirical,1.0
98,theta,4.566232120809103,14.286534062805169,0.0,17.00809898232245,248.3074818480802,analytic,3.0510661775928787
98,theta,4.566232120809103,14.286534062805169,0.8461538461538461,34.96014549864038,55.743012215770776,empirical,3.0510661775928787
99,naive,2.5692483534317296,5.371115998975018,0.8461538461538461,16.027069598612936,31.53872455947993,analytic,1.0
99,naive,2.5692483534317296,5.371115998975018,0.3076923076923077,8.357376384856689,90.77997131769276,empirical,1.0
99,naive2,2.5692483534317296,5.371115998975018,0.8461538461538461,16.027069598612936,31.53872455947993,analytic,1.0
99,naive2,2.5692483534317296,5.371115998975018,0.3076923076923077,8.357376384856689,90.77997131769276,empirical,1.0
99,seasonal_naive,2.5692483534317296,5.371115998975018,0.8461538461538461,16.027069598612936,31.53872455947993,analytic,1.0
99,seasonal_naive,2.5692483534317296,5.371115998975018,0.3076923076923077,8.357376384856689,90.77997131769276,empirical,1.0
99,theta,1.9642989403054714,4.122331103403597,0.9230769230769231,16.027069598612936,27.724927629593513,analytic,0.7660210899080009
99,theta,1.9642989403054714,4.122331103403597,0.46153846153846156,9.462297689301874,63.222504930601424,empirical,0.7660210899080009
100,naive,1.5803749489207646,3.214847644270086,1.0,12.475357495707758,12.475357495707758,analytic,1.0
100,naive,1.5803749489207646,3.214847644270086,0.7692307692307693,7.2866050560305435,12.022380505862555,empirical,1.0
100,naive2,1.5803749489207646,3.214847644270086,1.0,12.475357495707758,12.475357495707758,analytic,1.0
100,naive2,1.5803749489207646,3.214847644270086,0.7692307692307693,7.2866050560305435,12.022380505862555,empirical,1.0
100,seasonal_naive,1.5803749489207646,3.214847644270086,1.0,12.475357495707758,12.475357495707758,analytic,1.0
100,seasonal_naive,1.5803749489207646,3.214847644270086,0.7692307692307693,7.2866050560305435,12.022380505862555,empirical,1.0
100,theta,1.3977990068062665,2.8462911380764897,1.0,12.475357495707753,12.475357495707753,analytic,0.8849155198834419
100,theta,1.3977990068062665,2.8462911380764897,1.0,6.6316280539092025,6.6316280539092025,empirical,0.8849155198834419
101,naive,0.9577761577120367,2.4542787791494964,1.0,16.64814016878748,16.64814016878748,analytic,1.0
101,naive,0.9577761577120367,2.4542787791494964,0.9230769230769231,11.240655243417422,11.335794002223867,empirical,1.0
101,naive2,0.9577761577120367,2.4542787791494964,1.0,16.64814016878748,16.64814016878748,analytic,1.0
101,naive2,0.9577761577120367,2.4542787791494964,0.9230769230769231,11.240655243417422,11.335794002223867,empirical,1.0
101,seasonal_naive,0.9577761577120367,2.4542787791494964,1.0,16.64814016878748,16.64814016878748,analytic,1.0
101,seasonal_naive,0.9577761577120367,2.4542787791494964,0.9230769230769231,11.240655243417422,11.335794002223867,empirical,1.0
101,theta,0.633087296947338,1.6198190327200255,0.9230769230769231,16.648140168787478,19.22139332581584,analytic,0.6604975570907009
101,theta,0.633087296947338,1.6198190327200255,0.8461538461538461,11.886402805266073,19.80911058723409,empirical,0.6604975570907009
102,naive,3.0656566322368115,2.831446912574199,0.9230769230769231,16.549990265239412,23.011235959765504,analytic,1.0
102,naive,3.0656566322368115,2.831446912574199,0.9230769230769231,10.78625692492293,20.68489322950609,empirical,1.0
102,naive2,3.0656566322368115,2.831446912574199,0.9230769230769231,16.549990265239412,23.011235959765504,analytic,1.0
102,naive2,3.0656566322368115,2.831446912574199,0.9230769230769231,10.78625692492293,20.68489322950609,empirical,1.0
102,seasonal_naive,3.0656566322368115,2.831446912574199,0.9230769230769231,16.549990265239412,23.011235959765504,analytic,1.0
102,seasonal_naive,3.0656566322368115,2.831446912574199,0.9230769230769231,10.78625692492293,20.68489322950609,empirical,1.0
102,theta,2.8733840842271636,2.6552136384752223,0.9230769230769231,16.549990265239416,20.783288595705145,analytic,0.9375201770133224
102,theta,2.8733840842271636,2.6552136384752223,0.9230769230769231,11.478318311796196,18.14448926087581,empirical,0.9375201770133224
103,naive,3.2289023127790513,3.198915194289135,1.0,15.293150987998228,15.293150987998228,analytic,1.0
103,naive,3.2289023127790513,3.198915194289135,1.0,9.890504715022825,9.890504715022825,empirical,1.0
103,naive2,3.2289023127790513,3.198915194289135,1.0,15.293150987998228,15.293150987998228,analytic,1.0
103,naive2,3.2289023127790513,3.198915194289135,1.0,9.890504715022825,9.890504715022825,empirical,1.0
103,seasonal_naive,3.2289023127790513,3.198915194289135,1.0,15.293150987998228,15.293150987998228,analytic,1.0
103,seasonal_naive,3.2289023127790513,3.198915194289135,1.0,9.890504715022825,9.890504715022825,empirical,1.0
103,theta,5.1293017484842425,5.1396972083072985,1.0,15.293150987998233,15.293150987998233,analytic,1.597629513409197
103,theta,5.1293017484842425,5.1396972083072985,1.0,11.87624717844808,11.87624717844808,empirical,1.597629513409197
104,naive,0.9068092087633173,4.018711349401236,1.0,20.63909447180939,20.63909447180939,analytic,1.0
104,naive,0.9068092087633173,4.018711349401236,1.0,17.118241850066845,17.118241850066845,empirical,1.0
104,naive2,0.9068092087633173,4.018711349401236,1.0,20.63909447180939,20.63909447180939,analytic,1.0
104,naive2,0.9068092087633173,4.018711349401236,1.0,17.118241850066845,17.118241850066845,empirical,1.0
104,seasonal_naive,0.9068092087633173,4.018711349401236,1.0,20.63909447180939,20.63909447180939,analytic,1.0
104,seasonal_naive,0.9068092087633173,4.018711349401236,1.0,17.118241850066845,17.118241850066845,empirical,1.0
104,theta,0.8276998094219244,3.6661842428709033,1.0,20.63909447180939,20.63909447180939,analytic,0.9125196356719855
104,theta,0.8276998094219244,3.6661842428709033,1.0,20.293866928144876,20.293866928144876,empirical,0.9125196356719855
105,naive,0.48225782840461817,0.9430515907501591,1.0,14.552077587933184,14.552077587933184,analytic,1.0
105,naive,0.48225782840461817,0.9430515907501591,0.8461538461538461,5.199543812818939,9.159531830081711,empirical,1.0
105,naive2,0.48225782840461817,0.9430515907501591,1.0,14.552077587933184,14.552077587933184,analytic,1.0
105,naive2,0.48225782840461817,0.9430515907501591,0.8461538461538461,5.199543812818939,9.159531830081711,empirical,1.0
105,seasonal_naive,0.48225782840461817,0.9430515907501591,1.0,14.552077587933184,14.552077587933184,analytic,1.0
105,seasonal_naive,0.48225782840461817,0.9430515907501591,0.8461538461538461,5.199543812818939,9.159531830081711,empirical,1.0
105,theta,0.500491801128312,0.978545177258397,1.0,14.552077587933184,14.552077587933184,analytic,1.0377232725276895
105,theta,0.500491801128312,0.978545177258397,0.8461538461538461,5.917080348974132,7.267614657266257,empirical,1.0377232725276895
106,naive,1.6874715894831316,9.099819739895144,0.46153846153846156,17.635361318777395,65.62950453032393,analytic,1.0
106,naive,1.6874715894831316,9.099819739895144,0.6153846153846154,17.970177789989886,50.68262575912779,empirical,1.0
106,naive2,1.6874715894831316,9.099819739895144,0.46153846153846156,17.635361318777395,65.62950453032393,analytic,1.0
106,naive2,1.6874715894831316,9.099819739895144,0.6153846153846154,17.970177789989886,50.68262575912779,empirical,1.0
106,seasonal_naive,1.6874715894831316,9.099819739895144,0.46153846153846156,17.635361318777395,65.62950453032393,analytic,1.0
106,seasonal_naive,1.6874715894831316,9.099819739895144,0.6153846153846154,17.970177789989886,50.68262575912779,empirical,1.0
106,theta,2.5612616265203743,13.746887233133442,0.0,17.635361318777395,214.8036242685672,analytic,1.5142435473034919
106,theta,2.5612616265203743,13.746887233133442,0.5384615384615384,22.015481142774295,79.14214153617085,empirical,1.5142435473034919
107,naive,0.6565274291506269,3.4219027681927257,0.9230769230769231,14.735647640462178,17.597942510451077,analytic,1.0
107,naive,0.6565274291506269,3.4219027681927257,1.0,15.90212146287719,15.90212146287719,empirical,1.0
107,naive2,0.6565274291506269,3.4219027681927257,0.9230769230769231,14.735647640462178,17.597942510451077,analytic,1.0
107,naive2,0.6565274291506269,3.4219027681927257,1.0,15.90212146287719,15.90212146287719,empirical,1.0
107,seasonal_naive,0.6565274291506269,3.4219027681927257,0.9230769230769231,14.735647640462178,17.597942510451077,analytic,1.0
107,seasonal_naive,0.6565274291506269,3.4219027681927257,1.0,15.90212146287719,15.90212146287719,empirical,1.0
107,theta,0.3593036375987172,1.8763263029353854,0.9230769230769231,14.735647640462178,16.548653188521097,analytic,0.5478036472059125
107,theta,0.3593036375987172,1.8763263029353854,0.5384615384615384,9.618604842504054,43.16800548057816,empirical,0.5478036472059125
108,naive,0.7849388193269098,3.6086467961706665,0.9230769230769231,14.679348125670074,17.419824102671683,analytic,1.0
108,naive,0.7849388193269098,3.6086467961706665,1.0,15.70037701557725,15.70037701557725,empirical,1.0
108,naive2,0.7849388193269098,3.6086467961706665,0.9230769230769231,14.679348125670074,17.419824102671683,analytic,1.0
108,naive2,0.7849388193269098,3.6086467961706665,1.0,15.70037701557725,15.70037701557725,empirical,1.0
108,seasonal_naive,0.7849388193269098,3.6086467961706665,0.9230769230769231,14.679348125670074,17.419824102671683,analytic,1.0
108,seasonal_naive,0.7849388193269098,3.6086467961706665,1.0,15.70037701557725,15.70037701557725,empirical,1.0
108,theta,0.4083727173733273,1.88163592856041,0.9230769230769231,14.679348125670074,16.66920467827237,analytic,0.5208424070213964
108,theta,0.4083727173733273,1.88163592856041,0.5384615384615384,9.287017736792315,36.086625238500716,empirical,0.5208424070213964
109,naive,2.125014415366178,3.378173548867623,1.0,12.44173676399996,12.44173676399996,analytic,1.0
109,naive,2.125014415366178,3.378173548867623,0.8461538461538461,11.548687719248019,14.9734930546694,empirical,1.0
109,naive2,2.125014415366178,3.378173548867623,1.0,12.44173676399996,12.44173676399996,analytic,1.0
109,naive2,2.125014415366178,3.378173548867623,0.8461538461538461,11.548687719248019,14.9734930546694,empirical,1.0
109,seasonal_naive,2.125014415366178,3.378173548867623,1.0,12.44173676399996,12.44173676399996,analytic,1.0
109,seasonal_naive,2.125014415366178,3.378173548867623,0.8461538461538461,11.548687719248019,14.9734930546694,empirical,1.0
109,theta,3.538177435066147,5.5791731574252665,0.5384615384615384,12.44173676399996,29.164715888281382,analytic,1.658274383395896
109,theta,3.538177435066147,5.5791731574252665,0.8461538461538461,15.16746346999875,18.782761075792987,empirical,1.658274383395896
110,naive,0.986437321237001,1.110306199275701,1.0,24.41484185672503,24.41484185672503,analytic,1.0
110,naive,0.986437321237001,1.110306199275701,1.0,5.760621632615779,5.760621632615779,empirical,1.0
110,naive2,0.986437321237001,1.110306199275701,1.0,24.41484185672503,24.41484185672503,analytic,1.0
110,naive2,0.986437321237001,1.110306199275701,1.0,5.760621632615779,5.760621632615779,empirical,1.0
110,seasonal_naive,0.986437321237001,1.110306199275701,1.0,24.41484185672503,24.41484185672503,analytic,1.0
110,seasonal_naive,0.986437321237001,1.110306199275701,1.0,5.760621632615779,5.760621632615779,empirical,1.0
110,theta,1.7712830417367942,1.9833664833169113,1.0,24.41484185672503,24.41484185672503,analytic,1.7909802850862961
110,theta,1.7712830417367942,1.9833664833169113,1.0,14.242769360907861,14.242769360907861,empirical,1.7909802850862961
111,naive,0.7131075398897193,2.3292619545266153,1.0,18.15436769338421,18.15436769338421,analytic,1.0
111,naive,0.7131075398897193,2.3292619545266153,0.9230769230769231,11.318741784186708,20.004730402903057,empirical,1.0
111,naive2,0.7131075398897193,2.3292619545266153,1.0,18.15436769338421,18.15436769338421,analytic,1.0
111,naive2,0.7131075398897193,2.3292619545266153,0.9230769230769231,11.318741784186708,20.004730402903057,empirical,1.0
111,seasonal_naive,0.7131075398897193,2.3292619545266153,1.0,18.15436769338421,18.15436769338421,analytic,1.0
111,seasonal_naive,0.7131075398897193,2.3292619545266153,0.9230769230769231,11.318741784186708,20.004730402903057,empirical,1.0
111,theta,1.1130010401979373,3.625224056342631,0.9230769230769231,18.15436769338421,23.452026853264428,analytic,1.5585795091077401
111,theta,1.1130010401979373,3.625224056342631,0.9230769230769231,10.825521287706191,12.441992958544427,empirical,1.5585795091077401
112,naive,3.028072470550431,0.31835206941382194,1.0,14.38849636023917,14.38849636023917,analytic,1.0
112,naive,3.028072470550431,0.31835206941382194,1.0,4.7671456167620825,4.7671456167620825,empirical,1.0
112,naive2,3.028072470550431,0.31835206941382194,1.0,14.38849636023917,14.38849636023917,analytic,1.0
112,naive2,3.028072470550431,0.31835206941382194,1.0,4.7671456167620825,4.7671456167620825,empirical,1.0
112,seasonal_naive,3.028072470550431,0.31835206941382194,1.0,14.38849636023917,14.38849636023917,analytic,1.0
112,seasonal_naive,3.028072470550431,0.31835206941382194,1.0,4.7671456167620825,4.7671456167620825,empirical,1.0
112,theta,2.9139562477261123,0.3062359950908145,1.0,14.388496360239166,14.388496360239166,analytic,0.9621275899326778
112,theta,2.9139562477261123,0.3062359950908145,1.0,6.488810436208244,6.488810436208244,empirical,0.9621275899326778
113,naive,2.5586985364833046,2.0388311664718612,1.0,15.625647616967145,15.625647616967145,analytic,1.0
113,naive,2.5586985364833046,2.0388311664718612,1.0,6.629527924886307,6.629527924886307,empirical,1.0
113,naive2,2.5586985364833046,2.0388311664718612,1.0,15.625647616967145,15.625647616967145,analytic,1.0
113,naive2,2.5586985364833046,2.0388311664718612,1.0,6.629527924886307,6.629527924886307,empirical,1.0
113,seasonal_naive,2.5586985364833046,2.0388311664718612,1.0,15.625647616967145,15.625647616967145,analytic,1.0
113,seasonal_naive,2.5586985364833046,2.0388311664718612,1.0,6.629527924886307,6.629527924886307,empirical,1.0
113,theta,2.1483704289808956,1.7078875716662278,1.0,15.625647616967143,15.625647616967143,analytic,0.8386569002576654
113,theta,2.1483704289808956,1.7078875716662278,1.0,9.377620252192045,9.377620252192045,empirical,0.8386569002576654
114,naive,2.4187099561080947,2.7763245075042153,1.0,16.806982868428843,16.806982868428843,analytic,1.0
114,naive,2.4187099561080947,2.7763245075042153,1.0,9.173453746689026,9.173453746689026,empirical,1.0
114,naive2,2.4187099561080947,2.7763245075042153,1.0,16.806982868428843,16.806982868428843,analytic,1.0
114,naive2,2.4187099561080947,2.7763245075042153,1.0,9.173453746689026,9.173453746689026,empirical,1.0
114,seasonal_naive,2.4187099561080947,2.7763245075042153,1.0,16.806982868428843,16.806982868428843,analytic,1.0
114,seasonal_naive,2.4187099561080947,2.7763245075042153,1.0,9.173453746689026,9.173453746689026,empirical,1.0
114,theta,2.074776814943145,2.3767793500869243,1.0,16.806982868428847,16.806982868428847,analytic,0.8569457587953629
114,theta,2.074776814943145,2.3767793500869243,1.0,13.871693269866222,13.871693269866222,empirical,0.8569457587953629
115,naive,2.8896793348246685,2.465001622987627,0.9230769230769231,15.0136402558509,16.30992334612177,analytic,1.0
115,naive,2.8896793348246685,2.465001622987627,1.0,15.314992197841715,15.314992197841715,empirical,1.0
115,naive2,2.8896793348246685,2.465001622987627,0.9230769230769231,15.0136402558509,16.30992334612177,analytic,1.0
115,naive2,2.8896793348246685,2.465001622987627,1.0,15.314992197841715,15.314992197841715,empirical,1.0
115,seasonal_naive,2.8896793348246685,2.465001622987627,0.9230769230769231,15.0136402558509,16.30992334612177,analytic,1.0
115,seasonal_naive,2.8896793348246685,2.465001622987627,1.0,15.314992197841715,15.314992197841715,empirical,1.0
115,theta,3.3400151128792808,2.8657881880957152,1.0,15.013640255850904,15.013640255850904,analytic,1.159216806066329
115,theta,3.3400151128792808,2.8657881880957152,1.0,14.319741907559578,14.319741907559578,empirical,1.159216806066329
116,naive,1.6353409757518846,3.4405075976085446,1.0,34.28648742230675,34.28648742230675,analytic,1.0
116,naive,1.6353409757518846,3.4405075976085446,0.6923076923076923,11.832906045916257,22.814692412736907,empirical,1.0
116,naive2,1.6353409757518846,3.4405075976085446,1.0,34.28648742230675,34.28648742230675,analytic,1.0
116,naive2,1.6353409757518846,3.4405075976085446,0.6923076923076923,11.832906045916257,22.814692412736907,empirical,1.0
116,seasonal_naive,1.6353409757518846,3.4405075976085446,1.0,34.28648742230675,34.28648742230675,analytic,1.0
116,seasonal_naive,1.6353409757518846,3.4405075976085446,0.6923076923076923,11.832906045916257,22.814692412736907,empirical,1.0
116,theta,1.8583269550698112,3.8994291351037846,1.0,34.28648742230675,34.28648742230675,analytic,1.1348710834403475
116,theta,1.8583269550698112,3.8994291351037846,0.6923076923076923,11.246521281286308,21.49233236108689,empirical,1.1348710834403475
117,naive,0.8952386311603934,1.4200410324152721,1.0,13.801047622365514,13.801047622365514,analytic,1.0
117,naive,0.8952386311603934,1.4200410324152721,0.8461538461538461,5.053639577052329,9.995605856132364,empirical,1.0
117,naive2,0.8952386311603934,1.4200410324152721,1.0,13.801047622365514,13.801047622365514,analytic,1.0
117,naive2,0.8952386311603934,1.4200410324152721,0.8461538461538461,5.053639577052329,9.995605856132364,empirical,1.0
117,seasonal_naive,0.8952386311603934,1.4200410324152721,1.0,13.801047622365514,13.801047622365514,analytic,1.0
117,seasonal_naive,0.8952386311603934,1.4200410324152721,0.8461538461538461,5.053639577052329,9.995605856132364,empirical,1.0
117,theta,1.0304443237000722,1.6332260947293742,1.0,13.801047622365514,13.801047622365514,analytic,1.150576766197885
117,theta,1.0304443237000722,1.6332260947293742,0.8461538461538461,5.659534221644124,6.790447183672683,empirical,1.150576766197885
118,naive,15.668479285231799,3.417198819118853,1.0,13.480285073647996,13.480285073647996,analytic,1.0
118,naive,15.668479285231799,3.417198819118853,0.8461538461538461,11.075054022635719,15.686852838875325,empirical,1.0
118,naive2,15.668479285231799,3.417198819118853,1.0,13.480285073647996,13.480285073647996,analytic,1.0
118,naive2,15.668479285231799,3.417198819118853,0.8461538461538461,11.075054022635719,15.686852838875325,empirical,1.0
118,seasonal_naive,15.668479285231799,3.417198819118853,1.0,13.480285073647996,13.480285073647996,analytic,1.0
118,seasonal_naive,15.668479285231799,3.417198819118853,0.8461538461538461,11.075054022635719,15.686852838875325,empirical,1.0
118,theta,15.361572805815394,3.356208257753373,1.0,13.480285073647996,13.480285073647996,analytic,0.9812821874218431
118,theta,15.361572805815394,3.356208257753373,0.9230769230769231,10.289186856970437,10.663824045586997,empirical,0.9812821874218431
119,naive,13.213514775891621,2.717921810603621,1.0,14.11677199480299,14.11677199480299,analytic,1.0
119,naive,13.213514775891621,2.717921810603621,0.9230769230769231,9.51494917979834,12.238015435607782,empirical,1.0
119,naive2,13.213514775891621,2.717921810603621,1.0,14.11677199480299,14.11677199480299,analytic,1.0
119,naive2,13.213514775891621,2.717921810603621,0.9230769230769231,9.51494917979834,12.238015435607782,empirical,1.0
119,seasonal_naive,13.213514775891621,2.717921810603621,1.0,14.11677199480299,14.11677199480299,analytic,1.0
119,seasonal_naive,13.213514775891621,2.717921810603621,0.9230769230769231,9.51494917979834,12.238015435607782,empirical,1.0
119,theta,19.874859632277335,3.9309619904485333,1.0,14.116771994802992,14.116771994802992,analytic,1.4752214194926325
119,theta,19.874859632277335,3.9309619904485333,0.6923076923076923,9.109452214904751,18.89917021967588,empirical,1.4752214194926325
120,naive,1.6303220718116498,5.872297725698112,0.6923076923076923,13.95508664544698,24.12743124423475,analytic,1.0
120,naive,1.6303220718116498,5.872297725698112,0.6923076923076923,12.395304019015848,28.66860119166143,empirical,1.0
120,naive2,1.6303220718116498,5.872297725698112,0.6923076923076923,13.95508664544698,24.12743124423475,analytic,1.0
120,naive2,1.6303220718116498,5.872297725698112,0.6923076923076923,12.395304019015848,28.66860119166143,empirical,1.0
120,seasonal_naive,1.6303220718116498,5.872297725698112,0.6923076923076923,13.95508664544698,24.12743124423475,analytic,1.0
120,seasonal_naive,1.6303220718116498,5.872297725698112,0.6923076923076923,12.395304019015848,28.66860119166143,empirical,1.0
120,theta,1.6420579284028058,5.914058481846372,0.6923076923076923,13.95508664544698,24.83517344456294,analytic,1.0071549872456678
120,theta,1.6420579284028058,5.914058481846372,1.0,10.83002753188244,10.83002753188244,empirical,1.0071549872456678
121,naive,5.644518907669601,0.30722495798709065,1.0,14.757943900776409,14.757943900776409,analytic,1.0
121,naive,5.644518907669601,0.30722495798709065,1.0,4.406398182350756,4.406398182350756,empirical,1.0
121,naive2,5.644518907669601,0.30722495798709065,1.0,14.757943900776409,14.757943900776409,analytic,1.0
121,naive2,5.644518907669601,0.30722495798709065,1.0,4.406398182350756,4.406398182350756,empirical,1.0
121,seasonal_naive,5.644518907669601,0.30722495798709065,1.0,14.757943900776409,14.757943900776409,analytic,1.0
121,seasonal_naive,5.644518907669601,0.30722495798709065,1.0,4.406398182350756,4.406398182350756,empirical,1.0
121,theta,5.274305550159363,0.2865668873116247,1.0,14.757943900776409,14.757943900776409,analytic,0.9335855118315333
121,theta,5.274305550159363,0.2865668873116247,1.0,5.201574159848025,5.201574159848025,empirical,0.9335855118315333
122,naive,4.723475469863976,0.3198307483982075,1.0,15.063090548935296,15.063090548935296,analytic,1.0
122,naive,4.723475469863976,0.3198307483982075,1.0,4.561617099462184,4.561617099462184,empirical,1.0
122,naive2,4.723475469863976,0.3198307483982075,1.0,15.063090548935296,15.063090548935296,analytic,1.0
122,naive2,4.723475469863976,0.3198307483982075,1.0,4.561617099462184,4.561617099462184,empirical,1.0
122,seasonal_naive,4.723475469863976,0.3198307483982075,1.0,15.063090548935296,15.063090548935296,analytic,1.0
122,seasonal_naive,4.723475469863976,0.3198307483982075,1.0,4.561617099462184,4.561617099462184,empirical,1.0
122,theta,4.332042673474339,0.29259480438478297,1.0,15.063090548935296,15.063090548935296,analytic,0.9159864881735083
122,theta,4.332042673474339,0.29259480438478297,1.0,5.965867787928359,5.965867787928359,empirical,0.9159864881735083
123,naive,0.6665188410741301,1.938419984037847,1.0,17.942885951109236,17.942885951109236,analytic,1.0
123,naive,0.6665188410741301,1.938419984037847,1.0,22.214713767002877,22.214713767002877,empirical,1.0
123,naive2,0.6665188410741301,1.938419984037847,1.0,17.942885951109236,17.942885951109236,analytic,1.0
123,naive2,0.6665188410741301,1.938419984037847,1.0,22.214713767002877,22.214713767002877,empirical,1.0
123,seasonal_naive,0.6665188410741301,1.938419984037847,1.0,17.942885951109236,17.942885951109236,analytic,1.0
123,seasonal_naive,0.6665188410741301,1.938419984037847,1.0,22.214713767002877,22.214713767002877,empirical,1.0
123,theta,2.789698318149084,8.210199815059099,0.6153846153846154,17.94288595110924,53.54214433836689,analytic,4.210493446589542
123,theta,2.789698318149084,8.210199815059099,0.6153846153846154,25.59223146552898,45.08866125476231,empirical,4.210493446589542
124,naive,2.225666572037425,4.784320358603888,0.9230769230769231,16.18245631147106,26.647875540246517,analytic,1.0
124,naive,2.225666572037425,4.784320358603888,0.38461538461538464,7.422040055794709,80.60548886569673,empirical,1.0
124,naive2,2.225666572037425,4.784320358603888,0.9230769230769231,16.18245631147106,26.647875540246517,analytic,1.0
124,naive2,2.225666572037425,4.784320358603888,0.38461538461538464,7.422040055794709,80.60548886569673,empirical,1.0
124,seasonal_naive,2.225666572037425,4.784320358603888,0.9230769230769231,16.18245631147106,26.647875540246517,analytic,1.0
124,seasonal_naive,2.225666572037425,4.784320358603888,0.38461538461538464,7.422040055794709,80.60548886569673,empirical,1.0
124,theta,1.7076956778456527,3.682870539186958,0.9230769230769231,16.18245631147106,23.412340099547922,analytic,0.7685265318325831
124,theta,1.7076956778456527,3.682870539186958,0.46153846153846156,9.660809557413202,60.36600631467133,empirical,0.7685265318325831
125,naive,1.8304901198186119,3.6369578649096237,1.0,12.457109934887205,12.457109934887205,analytic,1.0
125,naive,1.8304901198186119,3.6369578649096237,0.6923076923076923,7.288761461850732,17.3328386956599,empirical,1.0
125,naive2,1.8304901198186119,3.6369578649096237,1.0,12.457109934887205,12.457109934887205,analytic,1.0
125,naive2,1.8304901198186119,3.6369578649096237,0.6923076923076923,7.288761461850732,17.3328386956599,empirical,1.0
125,seasonal_naive,1.8304901198186119,3.6369578649096237,1.0,12.457109934887205,12.457109934887205,analytic,1.0
125,seasonal_naive,1.8304901198186119,3.6369578649096237,0.6923076923076923,7.288761461850732,17.3328386956599,empirical,1.0
125,theta,1.7573128214179792,3.492627509191261,0.9230769230769231,12.457109934887205,13.477082600515667,analytic,0.960169374584682
125,theta,1.7573128214179792,3.492627509191261,1.0,6.53580550494192,6.53580550494192,empirical,0.960169374584682
126,naive,2.165745046800414,4.641730693537415,0.7692307692307693,17.620035605532888,22.90432543784362,analytic,1.0
126,naive,2.165745046800414,4.641730693537415,1.0,13.154492015907492,13.154492015907492,empirical,1.0
126,naive2,2.165745046800414,4.641730693537415,0.7692307692307693,17.620035605532888,22.90432543784362,analytic,1.0
126,naive2,2.165745046800414,4.641730693537415,1.0,13.154492015907492,13.154492015907492,empirical,1.0
126,seasonal_naive,2.165745046800414,4.641730693537415,0.7692307692307693,17.620035605532888,22.90432543784362,analytic,1.0
126,seasonal_naive,2.165745046800414,4.641730693537415,1.0,13.154492015907492,13.154492015907492,empirical,1.0
126,theta,1.4181837487527655,3.0258062131891714,0.9230769230769231,17.620035605532888,27.554941089815614,analytic,0.6533475739946615
126,theta,1.4181837487527655,3.0258062131891714,0.8461538461538461,10.36961231975496,13.874661556810176,empirical,0.6533475739946615
127,naive,3.1493663558348026,2.973524829048645,0.9230769230769231,16.709378115063366,23.82522538984519,analytic,1.0
127,naive,3.1493663558348026,2.973524829048645,0.9230769230769231,12.905280143055096,22.458135899557213,empirical,1.0
127,naive2,3.1493663558348026,2.973524829048645,0.9230769230769231,16.709378115063366,23.82522538984519,analytic,1.0
127,naive2,3.1493663558348026,2.973524829048645,0.9230769230769231,12.905280143055096,22.458135899557213,empirical,1.0
127,seasonal_naive,3.1493663558348026,2.973524829048645,0.9230769230769231,16.709378115063366,23.82522538984519,analytic,1.0
127,seasonal_naive,3.1493663558348026,2.973524829048645,0.9230769230769231,12.905280143055096,22.458135899557213,empirical,1.0
127,theta,2.638257958033045,2.4962128627920803,0.9230769230769231,16.70937811506337,19.51464043561056,analytic,0.8385950640238113
127,theta,2.638257958033045,2.4962128627920803,0.9230769230769231,13.70756882340543,16.838902116884192,empirical,0.8385950640238113
128,naive,3.173513614747672,3.1737293858905526,1.0,15.472732839993338,15.472732839993338,analytic,1.0
128,naive,3.173513614747672,3.1737293858905526,1.0,9.70089858611504,9.70089858611504,empirical,1.0
128,naive2,3.173513614747672,3.1737293858905526,1.0,15.472732839993338,15.472732839993338,analytic,1.0
128,naive2,3.173513614747672,3.1737293858905526,1.0,9.70089858611504,9.70089858611504,empirical,1.0
128,seasonal_naive,3.173513614747672,3.1737293858905526,1.0,15.472732839993338,15.472732839993338,analytic,1.0
128,seasonal_naive,3.173513614747672,3.1737293858905526,1.0,9.70089858611504,9.70089858611504,empirical,1.0
128,theta,5.151983601703773,5.212917864340793,1.0,15.472732839993338,15.472732839993338,analytic,1.6329766176515537
128,theta,5.151983601703773,5.212917864340793,1.0,12.2801895334296,12.2801895334296,empirical,1.6329766176515537
129,naive,0.6878831174700862,3.2953018173887245,1.0,20.57564258253235,20.57564258253235,analytic,1.0
129,naive,0.6878831174700862,3.2953018173887245,1.0,19.434475953001776,19.434475953001776,empirical,1.0
129,naive2,0.6878831174700862,3.2953018173887245,1.0,20.57564258253235,20.57564258253235,analytic,1.0
129,naive2,0.6878831174700862,3.2953018173887245,1.0,19.434475953001776,19.434475953001776,empirical,1.0
129,seasonal_naive,0.6878831174700862,3.2953018173887245,1.0,20.57564258253235,20.57564258253235,analytic,1.0
129,seasonal_naive,0.6878831174700862,3.2953018173887245,1.0,19.434475953001776,19.434475953001776,empirical,1.0
129,theta,0.5866506216924755,2.8082642269866684,1.0,20.575642582532343,20.575642582532343,analytic,0.8525185881054189
129,theta,0.5866506216924755,2.8082642269866684,1.0,22.437605763765518,22.437605763765518,empirical,0.8525185881054189
130,naive,0.4834403276805131,0.9446641450480328,1.0,14.571083243350465,14.571083243350465,analytic,1.0
130,naive,0.4834403276805131,0.9446641450480328,0.8461538461538461,5.212322951796537,9.209024546998295,empirical,1.0
130,naive2,0.4834403276805131,0.9446641450480328,1.0,14.571083243350465,14.571083243350465,analytic,1.0
130,naive2,0.4834403276805131,0.9446641450480328,0.8461538461538461,5.212322951796537,9.209024546998295,empirical,1.0
130,seasonal_naive,0.4834403276805131,0.9446641450480328,1.0,14.571083243350465,14.571083243350465,analytic,1.0
130,seasonal_naive,0.4834403276805131,0.9446641450480328,0.8461538461538461,5.212322951796537,9.209024546998295,empirical,1.0
130,theta,0.5040374731619789,0.9847330426753519,1.0,14.57108324335046,14.57108324335046,analytic,1.0425106884612378
130,theta,0.5040374731619789,0.9847330426753519,0.8461538461538461,5.932389402180716,7.190490014932356,empirical,1.0425106884612378
131,naive,1.6853952959255618,9.37266306721029,0.46153846153846156,18.169402857312548,58.43766565596947,analytic,1.0
131,naive,1.6853952959255618,9.37266306721029,0.5384615384615384,18.28893608741922,43.47819175133091,empirical,1.0
131,naive2,1.6853952959255618,9.37266306721029,0.46153846153846156,18.169402857312548,58.43766565596947,analytic,1.0
131,naive2,1.6853952959255618,9.37266306721029,0.5384615384615384,18.28893608741922,43.47819175133091,empirical,1.0
131,seasonal_naive,1.6853952959255618,9.37266306721029,0.46153846153846156,18.169402857312548,58.43766565596947,analytic,1.0
131,seasonal_naive,1.6853952959255618,9.37266306721029,0.5384615384615384,18.28893608741922,43.47819175133091,empirical,1.0
131,theta,2.588835836424364,14.326452451327402,0.0,18.169402857312548,227.8394437641578,analytic,1.5322883449798117
131,theta,2.588835836424364,14.326452451327402,0.6923076923076923,23.962673426565463,54.69661561997385,empirical,1.5322883449798117
132,naive,0.8742672048621108,4.161687439346848,0.9230769230769231,14.472540095552183,15.900437249889984,analytic,1.0
132,naive,0.8742672048621108,4.161687439346848,0.8461538461538461,11.971525280952429,16.034458956281657,empirical,1.0
132,naive2,0.8742672048621108,4.161687439346848,0.9230769230769231,14.472540095552183,15.900437249889984,analytic,1.0
132,naive2,0.8742672048621108,4.161687439346848,0.8461538461538461,11.971525280952429,16.034458956281657,empirical,1.0
132,seasonal_naive,0.8742672048621108,4.161687439346848,0.9230769230769231,14.472540095552183,15.900437249889984,analytic,1.0
132,seasonal_naive,0.8742672048621108,4.161687439346848,0.8461538461538461,11.971525280952429,16.034458956281657,empirical,1.0
132,theta,0.8512607951165811,4.052660097998843,0.8461538461538461,14.472540095552183,17.375500137142822,analytic,0.9737435265885277
132,theta,0.8512607951165811,4.052660097998843,1.0,11.73274572261557,11.73274572261557,empirical,0.9737435265885277
133,naive,1.0677078062830847,4.355708291166178,0.9230769230769231,14.404913165282277,15.67540040777567,analytic,1.0
133,naive,1.0677078062830847,4.355708291166178,0.8461538461538461,11.526565739272765,17.593708428279854,empirical,1.0
133,naive2,1.0677078062830847,4.355708291166178,0.9230769230769231,14.404913165282277,15.67540040777567,analytic,1.0
133,naive2,1.0677078062830847,4.355708291166178,0.8461538461538461,11.526565739272765,17.593708428279854,empirical,1.0
133,seasonal_naive,1.0677078062830847,4.355708291166178,0.9230769230769231,14.404913165282277,15.67540040777567,analytic,1.0
133,seasonal_naive,1.0677078062830847,4.355708291166178,0.8461538461538461,11.526565739272765,17.593708428279854,empirical,1.0
133,theta,1.0121154267555947,4.130308722687154,0.9230769230769231,14.404913165282277,16.216521681787558,analytic,0.9480924394479442
133,theta,1.0121154267555947,4.130308722687154,0.9230769230769231,11.309448625291475,13.001535140032649,empirical,0.9480924394479442
134,naive,2.0858476389339407,3.3014095225032,1.0,12.468730497398074,12.468730497398074,analytic,1.0
134,naive,2.0858476389339407,3.3014095225032,1.0,12.69893640285472,12.69893640285472,empirical,1.0
134,naive2,2.0858476389339407,3.3014095225032,1.0,12.468730497398074,12.468730497398074,analytic,1.0
134,naive2,2.0858476389339407,3.3014095225032,1.0,12.69893640285472,12.69893640285472,empirical,1.0
134,seasonal_naive,2.0858476389339407,3.3014095225032,1.0,12.468730497398074,12.468730497398074,analytic,1.0
134,seasonal_naive,2.0858476389339407,3.3014095225032,1.0,12.69893640285472,12.69893640285472,empirical,1.0
134,theta,3.676018512144657,5.764201266326857,0.6153846153846154,12.468730497398074,24.33829549021904,analytic,1.7541719242755323
134,theta,3.676018512144657,5.764201266326857,1.0,17.71845437041222,17.71845437041222,empirical,1.7541719242755323
135,naive,3.6905644237864395,7.044415009247048,0.6153846153846154,14.207575753472929,60.795109164847986,analytic,1.0
135,naive,3.6905644237864395,7.044415009247048,0.5384615384615384,12.612795355070187,39.60827053835605,empirical,1.0
135,naive2,3.6905644237864395,7.044415009247048,0.6153846153846154,14.207575753472929,60.795109164847986,analytic,1.0
135,naive2,3.6905644237864395,7.044415009247048,0.5384615384615384,12.612795355070187,39.60827053835605,empirical,1.0
135,seasonal_naive,3.6905644237864395,7.044415009247048,0.6153846153846154,14.207575753472929,60.795109164847986,analytic,1.0
135,seasonal_naive,3.6905644237864395,7.044415009247048,0.5384615384615384,12.612795355070187,39.60827053835605,empirical,1.0
135,theta,5.010191100717144,9.492339320009076,0.15384615384615385,14.207575753472929,136.9558598739851,analytic,1.3525331529545923
135,theta,5.010191100717144,9.492339320009076,1.0,19.094688195917435,19.094688195917435,empirical,1.3525331529545923
136,naive,0.9127413353700216,2.5823856364502795,1.0,18.0032448796313,18.0032448796313,analytic,1.0
136,naive,0.9127413353700216,2.5823856364502795,0.9230769230769231,10.288985340872815,13.355551025544004,empirical,1.0
136,naive2,0.9127413353700216,2.5823856364502795,1.0,18.0032448796313,18.0032448796313,analytic,1.0
136,naive2,0.9127413353700216,2.5823856364502795,0.9230769230769231,10.288985340872815,13.355551025544004,empirical,1.0
136,seasonal_naive,0.9127413353700216,2.5823856364502795,1.0,18.0032448796313,18.0032448796313,analytic,1.0
136,seasonal_naive,0.9127413353700216,2.5823856364502795,0.9230769230769231,10.288985340872815,13.355551025544004,empirical,1.0
136,theta,1.5478557764869334,4.3608382032015465,0.9230769230769231,18.0032448796313,23.783398060993253,analytic,1.692258845320333
136,theta,1.5478557764869334,4.3608382032015465,1.0,9.824531578198313,9.824531578198313,empirical,1.692258845320333
137,naive,6.440887046181287,0.4955943305705721,1.0,14.664493382078414,14.664493382078414,analytic,1.0
137,naive,6.440887046181287,0.4955943305705721,0.9230769230769231,5.464943451470366,7.10240484750864,empirical,1.0
137,naive2,6.440887046181287,0.4955943305705721,1.0,14.664493382078414,14.664493382078414,analytic,1.0
137,naive2,6.440887046181287,0.4955943305705721,0.9230769230769231,5.464943451470366,7.10240484750864,empirical,1.0
137,seasonal_naive,6.440887046181287,0.4955943305705721,1.0,14.664493382078414,14.664493382078414,analytic,1.0
137,seasonal_naive,6.440887046181287,0.4955943305705721,0.9230769230769231,5.464943451470366,7.10240484750864,empirical,1.0
137,theta,6.475751854279918,0.4984533810761012,1.0,14.664493382078408,14.664493382078408,analytic,1.0055909887595371
137,theta,6.475751854279918,0.4984533810761012,1.0,7.255509655648143,7.255509655648143,empirical,1.0055909887595371
138,naive,2.840765123685298,2.1814374746763106,1.0,16.279411921088393,16.279411921088393,analytic,1.0
138,naive,2.840765123685298,2.1814374746763106,1.0,6.962843590274829,6.962843590274829,empirical,1.0
138,naive2,2.840765123685298,2.1814374746763106,1.0,16.279411921088393,16.279411921088393,analytic,1.0
138,naive2,2.840765123685298,2.1814374746763106,1.0,6.962843590274829,6.962843590274829,empirical,1.0
138,seasonal_naive,2.840765123685298,2.1814374746763106,1.0,16.279411921088393,16.279411921088393,analytic,1.0
138,seasonal_naive,2.840765123685298,2.1814374746763106,1.0,6.962843590274829,6.962843590274829,empirical,1.0
138,theta,2.1827056261467033,1.6692485457529687,1.0,16.279411921088396,16.279411921088396,analytic,0.7667785446071059
138,theta,2.1827056261467033,1.6692485457529687,1.0,9.906502538204396,9.906502538204396,empirical,0.7667785446071059
139,naive,2.71922917203326,2.5229182446595866,1.0,16.77875074025166,16.77875074025166,analytic,1.0
139,naive,2.71922917203326,2.5229182446595866,1.0,8.106774235355962,8.106774235355962,empirical,1.0
139,naive2,2.71922917203326,2.5229182446595866,1.0,16.77875074025166,16.77875074025166,analytic,1.0
139,naive2,2.71922917203326,2.5229182446595866,1.0,8.106774235355962,8.106774235355962,empirical,1.0
139,seasonal_naive,2.71922917203326,2.5229182446595866,1.0,16.77875074025166,16.77875074025166,analytic,1.0
139,seasonal_naive,2.71922917203326,2.5229182446595866,1.0,8.106774235355962,8.106774235355962,empirical,1.0
139,theta,2.1238427212215014,1.962861196921963,1.0,16.778750740251656,16.778750740251656,analytic,0.7795290408073944
139,theta,2.1238427212215014,1.962861196921963,1.0,12.133178707777788,12.133178707777788,empirical,0.7795290408073944
140,naive,3.08322070124901,2.10591796868753,0.9230769230769231,14.975886367330347,15.41711395076245,analytic,1.0
140,naive,3.08322070124901,2.10591796868753,1.0,13.859402289391792,13.859402289391792,empirical,1.0
140,naive2,3.08322070124901,2.10591796868753,0.9230769230769231,14.975886367330347,15.41711395076245,analytic,1.0
140,naive2,3.08322070124901,2.10591796868753,1.0,13.859402289391792,13.859402289391792,empirical,1.0
140,seasonal_naive,3.08322070124901,2.10591796868753,0.9230769230769231,14.975886367330347,15.41711395076245,analytic,1.0
140,seasonal_naive,3.08322070124901,2.10591796868753,1.0,13.859402289391792,13.859402289391792,empirical,1.0
140,theta,4.639412119262773,3.203011547666892,0.9230769230769231,14.975886367330347,15.463962208733284,analytic,1.5128432907711256
140,theta,4.639412119262773,3.203011547666892,0.8461538461538461,13.276647161044139,15.996010515365574,empirical,1.5128432907711256
141,naive,1.4729525281710398,3.039134816564656,1.0,35.25050094818253,35.25050094818253,analytic,1.0
141,naive,1.4729525281710398,3.039134816564656,0.6923076923076923,11.067557874622683,15.339099995441794,empirical,1.0
141,naive2,1.4729525281710398,3.039134816564656,1.0,35.25050094818253,35.25050094818253,analytic,1.0
141,naive2,1.4729525281710398,3.039134816564656,0.6923076923076923,11.067557874622683,15.339099995441794,empirical,1.0
141,seasonal_naive,1.4729525281710398,3.039134816564656,1.0,35.25050094818253,35.25050094818253,analytic,1.0
141,seasonal_naive,1.4729525281710398,3.039134816564656,0.6923076923076923,11.067557874622683,15.339099995441794,empirical,1.0
141,theta,1.5272868629570453,3.1488801386947456,1.0,35.25050094818253,35.25050094818253,analytic,1.0364993770278992
141,theta,1.5272868629570453,3.1488801386947456,0.9230769230769231,11.960058247921095,15.829534922656315,empirical,1.0364993770278992
142,naive,0.7371240656837894,1.2947907262213347,1.0,15.532926269964442,15.532926269964442,analytic,1.0
142,naive,0.7371240656837894,1.2947907262213347,0.8461538461538461,7.240215544930738,9.015685956033257,empirical,1.0
142,naive2,0.7371240656837894,1.2947907262213347,1.0,15.532926269964442,15.532926269964442,analytic,1.0
142,naive2,0.7371240656837894,1.2947907262213347,0.8461538461538461,7.240215544930738,9.015685956033257,empirical,1.0
142,seasonal_naive,0.7371240656837894,1.2947907262213347,1.0,15.532926269964442,15.532926269964442,analytic,1.0
142,seasonal_naive,0.7371240656837894,1.2947907262213347,0.8461538461538461,7.240215544930738,9.015685956033257,empirical,1.0
142,theta,0.6904997044280137,1.2133232245068326,1.0,15.532926269964442,15.532926269964442,analytic,0.9369144247448963
142,theta,0.6904997044280137,1.2133232245068326,1.0,7.813372052522274,7.813372052522274,empirical,0.9369144247448963
143,naive,15.493811771691856,3.284674155572062,1.0,16.592697439500736,16.592697439500736,analytic,1.0
143,naive,15.493811771691856,3.284674155572062,1.0,21.60346724771366,21.60346724771366,empirical,1.0
143,naive2,15.493811771691856,3.284674155572062,1.0,16.592697439500736,16.592697439500736,analytic,1.0
143,naive2,15.493811771691856,3.284674155572062,1.0,21.60346724771366,21.60346724771366,empirical,1.0
143,seasonal_naive,15.493811771691856,3.284674155572062,1.0,16.592697439500736,16.592697439500736,analytic,1.0
143,seasonal_naive,15.493811771691856,3.284674155572062,1.0,21.60346724771366,21.60346724771366,empirical,1.0
143,theta,13.808567500682361,2.955491541156736,1.0,16.592697439500736,16.592697439500736,analytic,0.8955067000384156
143,theta,13.808567500682361,2.955491541156736,1.0,27.740214938868377,27.740214938868377,empirical,0.8955067000384156
144,naive,12.87419687959393,2.5474164531567163,1.0,16.32591281259651,16.32591281259651,analytic,1.0
144,naive,12.87419687959393,2.5474164531567163,1.0,19.472114288031133,19.472114288031133,empirical,1.0
144,naive2,12.87419687959393,2.5474164531567163,1.0,16.32591281259651,16.32591281259651,analytic,1.0
144,naive2,12.87419687959393,2.5474164531567163,1.0,19.472114288031133,19.472114288031133,empirical,1.0
144,seasonal_naive,12.87419687959393,2.5474164531567163,1.0,16.32591281259651,16.32591281259651,analytic,1.0
144,seasonal_naive,12.87419687959393,2.5474164531567163,1.0,19.472114288031133,19.472114288031133,empirical,1.0
144,theta,18.871435078620507,3.602500239392448,1.0,16.32591281259651,16.32591281259651,analytic,1.4400059704367283
144,theta,18.871435078620507,3.602500239392448,1.0,25.659099795669924,25.659099795669924,empirical,1.4400059704367283
145,naive,1.8304659180649256,5.053914605734561,0.8461538461538461,13.508870582482645,21.098780086408137,analytic,1.0
145,naive,1.8304659180649256,5.053914605734561,0.6923076923076923,11.669828102003692,27.74242369587474,empirical,1.0
145,naive2,1.8304659180649256,5.053914605734561,0.8461538461538461,13.508870582482645,21.098780086408137,analytic,1.0
145,naive2,1.8304659180649256,5.053914605734561,0.6923076923076923,11.669828102003692,27.74242369587474,empirical,1.0
145,seasonal_naive,1.8304659180649256,5.053914605734561,0.8461538461538461,13.508870582482645,21.098780086408137,analytic,1.0
145,seasonal_naive,1.8304659180649256,5.053914605734561,0.6923076923076923,11.669828102003692,27.74242369587474,empirical,1.0
145,theta,1.652909582248495,4.568513851172325,0.8461538461538461,13.508870582482645,20.139641702914417,analytic,0.9034774328575802
145,theta,1.652909582248495,4.568513851172325,1.0,10.470126827933584,10.470126827933584,empirical,0.9034774328575802
146,naive,13.284764628656342,0.3121752174932133,1.0,14.551222102121018,14.551222102121018,analytic,1.0
146,naive,13.284764628656342,0.3121752174932133,1.0,3.8738929215635447,3.8738929215635447,empirical,1.0
146,naive2,13.284764628656342,0.3121752174932133,1.0,14.551222102121018,14.551222102121018,analytic,1.0
146,naive2,13.284764628656342,0.3121752174932133,1.0,3.8738929215635447,3.8738929215635447,empirical,1.0
146,seasonal_naive,13.284764628656342,0.3121752174932133,1.0,14.551222102121018,14.551222102121018,analytic,1.0
146,seasonal_naive,13.284764628656342,0.3121752174932133,1.0,3.8738929215635447,3.8738929215635447,empirical,1.0
146,theta,6.812530150345852,0.15375958327763375,1.0,14.551222102121018,14.551222102121018,analytic,0.5026751549094479
146,theta,6.812530150345852,0.15375958327763375,1.0,4.5868829674373535,4.5868829674373535,empirical,0.5026751549094479
147,naive,9.919610836679484,0.3841182115612831,1.0,15.021011195138183,15.021011195138183,analytic,1.0
147,naive,9.919610836679484,0.3841182115612831,1.0,4.140962234741184,4.140962234741184,empirical,1.0
147,naive2,9.919610836679484,0.3841182115612831,1.0,15.021011195138183,15.021011195138183,analytic,1.0
147,naive2,9.919610836679484,0.3841182115612831,1.0,4.140962234741184,4.140962234741184,empirical,1.0
147,seasonal_naive,9.919610836679484,0.3841182115612831,1.0,15.021011195138183,15.021011195138183,analytic,1.0
147,seasonal_naive,9.919610836679484,0.3841182115612831,1.0,4.140962234741184,4.140962234741184,empirical,1.0
147,theta,6.209429369793304,0.23506344955390276,1.0,15.021011195138183,15.021011195138183,analytic,0.618965556083246
147,theta,6.209429369793304,0.23506344955390276,1.0,5.653165979453224,5.653165979453224,empirical,0.618965556083246
148,naive,1.078419185137418,1.7673916343095628,1.0,17.376298693276098,17.376298693276098,analytic,1.0
148,naive,1.078419185137418,1.7673916343095628,1.0,22.4328479424238,22.4328479424238,empirical,1.0
148,naive2,1.078419185137418,1.7673916343095628,1.0,17.376298693276098,17.376298693276098,analytic,1.0
148,naive2,1.078419185137418,1.7673916343095628,1.0,22.4328479424238,22.4328479424238,empirical,1.0
148,seasonal_naive,1.078419185137418,1.7673916343095628,1.0,17.376298693276098,17.376298693276098,analytic,1.0
148,seasonal_naive,1.078419185137418,1.7673916343095628,1.0,22.4328479424238,22.4328479424238,empirical,1.0
148,theta,5.227600478562841,8.772722819968953,0.5384615384615384,17.376298693276098,70.8194251534947,analytic,4.9055607078712065
148,theta,5.227600478562841,8.772722819968953,0.5384615384615384,24.818406409522037,76.0943431503406,empirical,4.9055607078712065
149,naive,2.8807925040444324,4.348101544774099,0.9230769230769231,15.049278728931386,24.253570775360714,analytic,1.0
149,naive,2.8807925040444324,4.348101544774099,0.38461538461538464,6.6925757977710045,78.87013808382841,empirical,1.0
149,naive2,2.8807925040444324,4.348101544774099,0.9230769230769231,15.049278728931386,24.253570775360714,analytic,1.0
149,naive2,2.8807925040444324,4.348101544774099,0.38461538461538464,6.6925757977710045,78.87013808382841,empirical,1.0
149,seasonal_naive,2.8807925040444324,4.348101544774099,0.9230769230769231,15.049278728931386,24.253570775360714,analytic,1.0
149,seasonal_naive,2.8807925040444324,4.348101544774099,0.38461538461538464,6.6925757977710045,78.87013808382841,empirical,1.0
149,theta,2.106882566554078,3.1958215606641067,0.9230769230769231,15.049278728931387,21.007483791381183,analytic,0.7331737946667101
149,theta,2.106882566554078,3.1958215606641067,0.46153846153846156,9.035334723731463,60.67951328904018,empirical,0.7331737946667101
150,naive,2.021976627106606,5.472311019119459,0.6923076923076923,13.418301107138575,25.170037752444554,analytic,1.0
150,naive,2.021976627106606,5.472311019119459,0.6923076923076923,11.838460239332292,29.163650218194366,empirical,1.0
150,naive2,2.021976627106606,5.472311019119459,0.6923076923076923,13.418301107138575,25.170037752444554,analytic,1.0
150,naive2,2.021976627106606,5.472311019119459,0.6923076923076923,11.838460239332292,29.163650218194366,empirical,1.0
150,seasonal_naive,2.021976627106606,5.472311019119459,0.6923076923076923,13.418301107138575,25.170037752444554,analytic,1.0
150,seasonal_naive,2.021976627106606,5.472311019119459,0.6923076923076923,11.838460239332292,29.163650218194366,empirical,1.0
150,theta,2.140141073481584,5.7880413504479735,0.6923076923076923,13.418301107138575,29.236354002231696,analytic,1.05806802127006
150,theta,2.140141073481584,5.7880413504479735,0.9230769230769231,10.861663436689053,11.263072645713972,empirical,1.05806802127006
151,naive,2.3641076288979095,4.067952300453528,0.9230769230769231,17.599352881271162,19.6562941757702,analytic,1.0
151,naive,2.3641076288979095,4.067952300453528,1.0,10.973348330340183,10.973348330340183,empirical,1.0
151,naive2,2.3641076288979095,4.067952300453528,0.9230769230769231,17.599352881271162,19.6562941757702,analytic,1.0
151,naive2,2.3641076288979095,4.067952300453528,1.0,10.973348330340183,10.973348330340183,empirical,1.0
151,seasonal_naive,2.3641076288979095,4.067952300453528,0.9230769230769231,17.599352881271162,19.6562941757702,analytic,1.0
151,seasonal_naive,2.3641076288979095,4.067952300453528,1.0,10.973348330340183,10.973348330340183,empirical,1.0
151,theta,1.9554276560751747,3.3420866801494316,0.9230769230769231,17.599352881271162,26.208305555786104,analytic,0.8243481328891349
151,theta,1.9554276560751747,3.3420866801494316,0.9230769230769231,9.444123916994608,15.692140372220404,empirical,0.8243481328891349
152,naive,3.1815062978995017,2.537380958620947,0.9230769230769231,16.25476136247348,22.117057517692047,analytic,1.0
152,naive,3.1815062978995017,2.537380958620947,0.9230769230769231,12.237135007699871,20.286995241521375,empirical,1.0
152,naive2,3.1815062978995017,2.537380958620947,0.9230769230769231,16.25476136247348,22.117057517692047,analytic,1.0
152,naive2,3.1815062978995017,2.537380958620947,0.9230769230769231,12.237135007699871,20.286995241521375,empirical,1.0
152,seasonal_naive,3.1815062978995017,2.537380958620947,0.9230769230769231,16.25476136247348,22.117057517692047,analytic,1.0
152,seasonal_naive,3.1815062978995017,2.537380958620947,0.9230769230769231,12.237135007699871,20.286995241521375,empirical,1.0
152,theta,2.681164287732257,2.1416710196872293,0.9230769230769231,16.25476136247348,18.666953580845327,analytic,0.8433910594866263
152,theta,2.681164287732257,2.1416710196872293,0.9230769230769231,12.81484347948876,15.297220680389302,empirical,0.8433910594866263
153,naive,2.8158368853513007,2.4366791581440483,1.0,17.52901725032554,17.52901725032554,analytic,1.0
153,naive,2.8158368853513007,2.4366791581440483,1.0,9.556230071980067,9.556230071980067,empirical,1.0
153,naive2,2.8158368853513007,2.4366791581440483,1.0,17.52901725032554,17.52901725032554,analytic,1.0
153,naive2,2.8158368853513007,2.4366791581440483,1.0,9.556230071980067,9.556230071980067,empirical,1.0
153,seasonal_naive,2.8158368853513007,2.4366791581440483,1.0,17.52901725032554,17.52901725032554,analytic,1.0
153,seasonal_naive,2.8158368853513007,2.4366791581440483,1.0,9.556230071980067,9.556230071980067,empirical,1.0
153,theta,6.315169467651099,5.580273575084653,1.0,17.529017250325538,17.529017250325538,analytic,2.2664234582569187
153,theta,6.315169467651099,5.580273575084653,1.0,12.09038217098121,12.09038217098121,empirical,2.2664234582569187
154,naive,1.10792245338113,2.486381087569652,1.0,18.01226021428272,18.01226021428272,analytic,1.0
154,naive,1.10792245338113,2.486381087569652,1.0,11.695162009211662,11.695162009211662,empirical,1.0
154,naive2,1.10792245338113,2.486381087569652,1.0,18.01226021428272,18.01226021428272,analytic,1.0
154,naive2,1.10792245338113,2.486381087569652,1.0,11.695162009211662,11.695162009211662,empirical,1.0
154,seasonal_naive,1.10792245338113,2.486381087569652,1.0,18.01226021428272,18.01226021428272,analytic,1.0
154,seasonal_naive,1.10792245338113,2.486381087569652,1.0,11.695162009211662,11.695162009211662,empirical,1.0
154,theta,0.9579955756722442,2.1464805879876847,1.0,18.01226021428272,18.01226021428272,analytic,0.863986276913706
154,theta,0.9579955756722442,2.1464805879876847,1.0,13.078258679310617,13.078258679310617,empirical,0.863986276913706
155,naive,1.3196018240418728,4.3581471367009454,1.0,20.324144347070707,20.324144347070707,analytic,1.0
155,naive,1.3196018240418728,4.3581471367009454,1.0,16.82095293865146,16.82095293865146,empirical,1.0
155,naive2,1.3196018240418728,4.3581471367009454,1.0,20.324144347070707,20.324144347070707,analytic,1.0
155,naive2,1.3196018240418728,4.3581471367009454,1.0,16.82095293865146,16.82095293865146,empirical,1.0
155,seasonal_naive,1.3196018240418728,4.3581471367009454,1.0,20.324144347070707,20.324144347070707,analytic,1.0
155,seasonal_naive,1.3196018240418728,4.3581471367009454,1.0,16.82095293865146,16.82095293865146,empirical,1.0
155,theta,1.2248562737015132,4.042278668515708,1.0,20.324144347070707,20.324144347070707,analytic,0.9278618564343718
155,theta,1.2248562737015132,4.042278668515708,1.0,18.26144610971952,18.26144610971952,empirical,0.9278618564343718
156,naive,0.4682594464390134,1.0213072818707376,1.0,16.611701771979554,16.611701771979554,analytic,1.0
156,naive,0.4682594464390134,1.0213072818707376,0.9230769230769231,7.217290049725295,8.489458272102077,empirical,1.0
156,naive2,0.4682594464390134,1.0213072818707376,1.0,16.611701771979554,16.611701771979554,analytic,1.0
156,naive2,0.4682594464390134,1.0213072818707376,0.9230769230769231,7.217290049725295,8.489458272102077,empirical,1.0
156,seasonal_naive,0.4682594464390134,1.0213072818707376,1.0,16.611701771979554,16.611701771979554,analytic,1.0
156,seasonal_naive,0.4682594464390134,1.0213072818707376,0.9230769230769231,7.217290049725295,8.489458272102077,empirical,1.0
156,theta,0.5035202771114512,1.0986121206586632,1.0,16.611701771979558,16.611701771979558,analytic,1.0754969784821715
156,theta,0.5035202771114512,1.0986121206586632,1.0,7.722130444390722,7.722130444390722,empirical,1.0754969784821715
157,naive,1.4262610250088368,6.157265500400275,0.9230769230769231,17.740190747134587,28.426768859080337,analytic,1.0
157,naive,1.4262610250088368,6.157265500400275,0.9230769230769231,17.72272071814561,20.079026316597893,empirical,1.0
157,naive2,1.4262610250088368,6.157265500400275,0.9230769230769231,17.740190747134587,28.426768859080337,analytic,1.0
157,naive2,1.4262610250088368,6.157265500400275,0.9230769230769231,17.72272071814561,20.079026316597893,empirical,1.0
157,seasonal_naive,1.4262610250088368,6.157265500400275,0.9230769230769231,17.740190747134587,28.426768859080337,analytic,1.0
157,seasonal_naive,1.4262610250088368,6.157265500400275,0.9230769230769231,17.72272071814561,20.079026316597893,empirical,1.0
157,theta,2.865449542468991,12.272236079903484,0.15384615384615385,17.740190747134598,161.25003392570798,analytic,2.0010973978700415
157,theta,2.865449542468991,12.272236079903484,0.5384615384615384,23.703490087780906,48.28371889738076,empirical,2.0010973978700415
158,naive,0.7550903591266526,2.583767431559707,0.9230769230769231,14.162388712335993,14.521298416119816,analytic,1.0
158,naive,0.7550903591266526,2.583767431559707,0.8461538461538461,10.424098570542904,12.608530708671427,empirical,1.0
158,naive2,0.7550903591266526,2.583767431559707,0.9230769230769231,14.162388712335993,14.521298416119816,analytic,1.0
158,naive2,0.7550903591266526,2.583767431559707,0.8461538461538461,10.424098570542904,12.608530708671427,empirical,1.0
158,seasonal_naive,0.7550903591266526,2.583767431559707,0.9230769230769231,14.162388712335993,14.521298416119816,analytic,1.0
158,seasonal_naive,0.7550903591266526,2.583767431559707,0.8461538461538461,10.424098570542904,12.608530708671427,empirical,1.0
158,theta,0.6550045787332596,2.242615001509046,0.9230769230769231,14.162388712335993,14.747412811992453,analytic,0.8677075489831616
158,theta,0.6550045787332596,2.242615001509046,1.0,9.891451367418714,9.891451367418714,empirical,0.8677075489831616
159,naive,1.0340830597400523,3.2648123589573075,0.9230769230769231,14.375171450954538,16.224507219314894,analytic,1.0
159,naive,1.0340830597400523,3.2648123589573075,0.8461538461538461,10.745175349699872,17.55627666510276,empirical,1.0
159,naive2,1.0340830597400523,3.2648123589573075,0.9230769230769231,14.375171450954538,16.224507219314894,analytic,1.0
159,naive2,1.0340830597400523,3.2648123589573075,0.8461538461538461,10.745175349699872,17.55627666510276,empirical,1.0
159,seasonal_naive,1.0340830597400523,3.2648123589573075,0.9230769230769231,14.375171450954538,16.224507219314894,analytic,1.0
159,seasonal_naive,1.0340830597400523,3.2648123589573075,0.8461538461538461,10.745175349699872,17.55627666510276,empirical,1.0
159,theta,0.8981112403860524,2.8378128058882335,0.9230769230769231,14.375171450954547,15.895213616803515,analytic,0.8688606898535363
159,theta,0.8981112403860524,2.8378128058882335,0.9230769230769231,10.516333240689718,10.882878862845907,empirical,0.8688606898535363
160,naive,1.1266730008684962,2.9721438153550577,1.0,15.977089406303417,15.977089406303417,analytic,1.0
160,naive,1.1266730008684962,2.9721438153550577,1.0,10.922418121773543,10.922418121773543,empirical,1.0
160,naive2,1.1266730008684962,2.9721438153550577,1.0,15.977089406303417,15.977089406303417,analytic,1.0
160,naive2,1.1266730008684962,2.9721438153550577,1.0,10.922418121773543,10.922418121773543,empirical,1.0
160,seasonal_naive,1.1266730008684962,2.9721438153550577,1.0,15.977089406303417,15.977089406303417,analytic,1.0
160,seasonal_naive,1.1266730008684962,2.9721438153550577,1.0,10.922418121773543,10.922418121773543,empirical,1.0
160,theta,1.9627642174136948,5.153362032903896,0.7692307692307693,15.977089406303413,23.187161678358944,analytic,1.7379878975208531
160,theta,1.9627642174136948,5.153362032903896,1.0,12.241720589458776,12.241720589458776,empirical,1.7379878975208531
161,naive,2.381017795886124,4.898236939524115,0.8461538461538461,15.49284324895393,17.82901394795893,analytic,1.0
161,naive,2.381017795886124,4.898236939524115,1.0,20.244348700405336,20.244348700405336,empirical,1.0
161,naive2,2.381017795886124,4.898236939524115,0.8461538461538461,15.49284324895393,17.82901394795893,analytic,1.0
161,naive2,2.381017795886124,4.898236939524115,1.0,20.244348700405336,20.244348700405336,empirical,1.0
161,seasonal_naive,2.381017795886124,4.898236939524115,0.8461538461538461,15.49284324895393,17.82901394795893,analytic,1.0
161,seasonal_naive,2.381017795886124,4.898236939524115,1.0,20.244348700405336,20.244348700405336,empirical,1.0
161,theta,5.0095176380718875,10.15145290696228,0.15384615384615385,15.492843248953939,112.3688422865808,analytic,2.0882051894693596
161,theta,5.0095176380718875,10.15145290696228,1.0,28.143531803850564,28.143531803850564,empirical,2.0882051894693596
162,naive,1.178440272925002,1.5519931777044216,1.0,18.833983984907373,18.833983984907373,analytic,1.0
162,naive,1.178440272925002,1.5519931777044216,1.0,6.503507862865092,6.503507862865092,empirical,1.0
162,naive2,1.178440272925002,1.5519931777044216,1.0,18.833983984907373,18.833983984907373,analytic,1.0
162,naive2,1.178440272925002,1.5519931777044216,1.0,6.503507862865092,6.503507862865092,empirical,1.0
162,seasonal_naive,1.178440272925002,1.5519931777044216,1.0,18.833983984907373,18.833983984907373,analytic,1.0
162,seasonal_naive,1.178440272925002,1.5519931777044216,1.0,6.503507862865092,6.503507862865092,empirical,1.0
162,theta,1.3843191528220813,1.8202938215507023,1.0,18.833983984907377,18.833983984907377,analytic,1.1737897190390356
162,theta,1.3843191528220813,1.8202938215507023,1.0,14.884332609261024,14.884332609261024,empirical,1.1737897190390356
163,naive,0.6296393782000592,1.2441817248476712,1.0,16.31085067628224,16.31085067628224,analytic,1.0
163,naive,0.6296393782000592,1.2441817248476712,0.9230769230769231,9.721532077438276,12.475554951845783,empirical,1.0
163,naive2,0.6296393782000592,1.2441817248476712,1.0,16.31085067628224,16.31085067628224,analytic,1.0
163,naive2,0.6296393782000592,1.2441817248476712,0.9230769230769231,9.721532077438276,12.475554951845783,empirical,1.0
163,seasonal_naive,0.6296393782000592,1.2441817248476712,1.0,16.31085067628224,16.31085067628224,analytic,1.0
163,seasonal_naive,0.6296393782000592,1.2441817248476712,0.9230769230769231,9.721532077438276,12.475554951845783,empirical,1.0
163,theta,0.7057621269421955,1.3948319831149785,1.0,16.31085067628224,16.31085067628224,analytic,1.1209913850442146
163,theta,0.7057621269421955,1.3948319831149785,0.7692307692307693,9.942007101039227,16.71241804007695,empirical,1.1209913850442146
164,naive,2.0336912434228305,0.22649203476744384,1.0,14.89605125196181,14.89605125196181,analytic,1.0
164,naive,2.0336912434228305,0.22649203476744384,1.0,2.938976184671204,2.938976184671204,empirical,1.0
164,naive2,2.0336912434228305,0.22649203476744384,1.0,14.89605125196181,14.89605125196181,analytic,1.0
164,naive2,2.0336912434228305,0.22649203476744384,1.0,2.938976184671204,2.938976184671204,empirical,1.0
164,seasonal_naive,2.0336912434228305,0.22649203476744384,1.0,14.89605125196181,14.89605125196181,analytic,1.0
164,seasonal_naive,2.0336912434228305,0.22649203476744384,1.0,2.938976184671204,2.938976184671204,empirical,1.0
164,theta,2.531771237632418,0.28273755999060085,1.0,14.89605125196181,14.89605125196181,analytic,1.2466238058847041
164,theta,2.531771237632418,0.28273755999060085,1.0,4.210154843269278,4.210154843269278,empirical,1.2466238058847041
165,naive,2.0164847853590246,1.322996758801905,1.0,14.139852353298041,14.139852353298041,analytic,1.0
165,naive,2.0164847853590246,1.322996758801905,1.0,6.798042327734025,6.798042327734025,empirical,1.0
165,naive2,2.0164847853590246,1.322996758801905,1.0,14.139852353298041,14.139852353298041,analytic,1.0
165,naive2,2.0164847853590246,1.322996758801905,1.0,6.798042327734025,6.798042327734025,empirical,1.0
165,seasonal_naive,2.0164847853590246,1.322996758801905,1.0,14.139852353298041,14.139852353298041,analytic,1.0
165,seasonal_naive,2.0164847853590246,1.322996758801905,1.0,6.798042327734025,6.798042327734025,empirical,1.0
165,theta,2.3740619516841943,1.5609054771375332,1.0,14.13985235329804,14.13985235329804,analytic,1.1785763045013788
165,theta,2.3740619516841943,1.5609054771375332,1.0,8.267518022534523,8.267518022534523,empirical,1.1785763045013788
166,naive,1.9335619318950357,1.0992371425490866,1.0,13.571846120276673,13.571846120276673,analytic,1.0
166,naive,1.9335619318950357,1.0992371425490866,1.0,5.574864770668505,5.574864770668505,empirical,1.0
166,naive2,1.9335619318950357,1.0992371425490866,1.0,13.571846120276673,13.571846120276673,analytic,1.0
166,naive2,1.9335619318950357,1.0992371425490866,1.0,5.574864770668505,5.574864770668505,empirical,1.0
166,seasonal_naive,1.9335619318950357,1.0992371425490866,1.0,13.571846120276673,13.571846120276673,analytic,1.0
166,seasonal_naive,1.9335619318950357,1.0992371425490866,1.0,5.574864770668505,5.574864770668505,empirical,1.0
166,theta,2.472916954851984,1.4099672509342582,1.0,13.571846120276673,13.571846120276673,analytic,1.2808108546582178
166,theta,2.472916954851984,1.4099672509342582,1.0,7.507700383010275,7.507700383010275,empirical,1.2808108546582178
167,naive,4.067750281560122,2.7603993288184427,1.0,13.568461693455525,13.568461693455525,analytic,1.0
167,naive,4.067750281560122,2.7603993288184427,1.0,12.610200734401085,12.610200734401085,empirical,1.0
167,naive2,4.067750281560122,2.7603993288184427,1.0,13.568461693455525,13.568461693455525,analytic,1.0
167,naive2,4.067750281560122,2.7603993288184427,1.0,12.610200734401085,12.610200734401085,empirical,1.0
167,seasonal_naive,4.067750281560122,2.7603993288184427,1.0,13.568461693455525,13.568461693455525,analytic,1.0
167,seasonal_naive,4.067750281560122,2.7603993288184427,1.0,12.610200734401085,12.610200734401085,empirical,1.0
167,theta,3.1912317398778605,2.1777394228335636,1.0,13.568461693455525,13.568461693455525,analytic,0.7867209745784306
167,theta,3.1912317398778605,2.1777394228335636,1.0,10.624918269018519,10.624918269018519,empirical,0.7867209745784306
168,naive,2.520524850861828,3.596753638080557,1.0,26.688003138799353,26.688003138799353,analytic,1.0
168,naive,2.520524850861828,3.596753638080557,0.9230769230769231,12.2249982712278,14.127894421774545,empirical,1.0
168,naive2,2.520524850861828,3.596753638080557,1.0,26.688003138799353,26.688003138799353,analytic,1.0
168,naive2,2.520524850861828,3.596753638080557,0.9230769230769231,12.2249982712278,14.127894421774545,empirical,1.0
168,seasonal_naive,2.520524850861828,3.596753638080557,1.0,26.688003138799353,26.688003138799353,analytic,1.0
168,seasonal_naive,2.520524850861828,3.596753638080557,0.9230769230769231,12.2249982712278,14.127894421774545,empirical,1.0
168,theta,2.981312888275604,4.235662323172742,1.0,26.688003138799353,26.688003138799353,analytic,1.1802245701518643
168,theta,2.981312888275604,4.235662323172742,0.9230769230769231,17.23524343980106,20.106792537642036,empirical,1.1802245701518643
169,naive,1.6105697127613936,6.046763393621963,1.0,26.91245684912001,26.91245684912001,analytic,1.0
169,naive,1.6105697127613936,6.046763393621963,0.9230769230769231,15.218788598061591,16.342886992957176,empirical,1.0
169,naive2,1.6105697127613936,6.046763393621963,1.0,26.91245684912001,26.91245684912001,analytic,1.0
169,naive2,1.6105697127613936,6.046763393621963,0.9230769230769231,15.218788598061591,16.342886992957176,empirical,1.0
169,seasonal_naive,1.6105697127613936,6.046763393621963,1.0,26.91245684912001,26.91245684912001,analytic,1.0
169,seasonal_naive,1.6105697127613936,6.046763393621963,0.9230769230769231,15.218788598061591,16.342886992957176,empirical,1.0
169,theta,2.2286927050180307,8.329743234244022,1.0,26.91245684912001,26.91245684912001,analytic,1.3806727692833098
169,theta,2.2286927050180307,8.329743234244022,0.9230769230769231,22.13149184535864,22.87451898009713,empirical,1.3806727692833098
170,naive,1.1862501105633387,2.187332457909533,1.0,17.404376434579103,17.404376434579103,analytic,1.0
170,naive,1.1862501105633387,2.187332457909533,0.6153846153846154,7.108319276047786,20.875748567787888,empirical,1.0
170,naive2,1.1862501105633387,2.187332457909533,1.0,17.404376434579103,17.404376434579103,analytic,1.0
170,naive2,1.1862501105633387,2.187332457909533,0.6153846153846154,7.108319276047786,20.875748567787888,empirical,1.0
170,seasonal_naive,1.1862501105633387,2.187332457909533,1.0,17.404376434579103,17.404376434579103,analytic,1.0
170,seasonal_naive,1.1862501105633387,2.187332457909533,0.6153846153846154,7.108319276047786,20.875748567787888,empirical,1.0
170,theta,1.6723964538722738,3.0747766113845905,1.0,17.404376434579103,17.404376434579103,analytic,1.4077687867675355
170,theta,1.6723964538722738,3.0747766113845905,0.9230769230769231,8.608802384260056,10.664988005829493,empirical,1.4077687867675355
171,naive,1.2615128753680638,4.217476553490846,1.0,15.00456491455588,15.00456491455588,analytic,1.0
171,naive,1.2615128753680638,4.217476553490846,0.8461538461538461,8.81981945954594,11.914898177226634,empirical,1.0
171,naive2,1.2615128753680638,4.217476553490846,1.0,15.00456491455588,15.00456491455588,analytic,1.0
171,naive2,1.2615128753680638,4.217476553490846,0.8461538461538461,8.81981945954594,11.914898177226634,empirical,1.0
171,seasonal_naive,1.2615128753680638,4.217476553490846,1.0,15.00456491455588,15.00456491455588,analytic,1.0
171,seasonal_naive,1.2615128753680638,4.217476553490846,0.8461538461538461,8.81981945954594,11.914898177226634,empirical,1.0
171,theta,1.5692526632409578,5.235956747892907,1.0,15.00456491455588,15.00456491455588,analytic,1.2427177228932762
171,theta,1.5692526632409578,5.235956747892907,0.8461538461538461,7.978376342849443,9.707244112084846,empirical,1.2427177228932762
172,naive,12.196894137751359,1.403444641672472,1.0,14.190025367777949,14.190025367777949,analytic,1.0
172,naive,12.196894137751359,1.403444641672472,0.7692307692307693,4.749140856196922,13.04418222485931,empirical,1.0
172,naive2,12.196894137751359,1.403444641672472,1.0,14.190025367777949,14.190025367777949,analytic,1.0
172,naive2,12.196894137751359,1.403444641672472,0.7692307692307693,4.749140856196922,13.04418222485931,empirical,1.0
172,seasonal_naive,12.196894137751359,1.403444641672472,1.0,14.190025367777949,14.190025367777949,analytic,1.0
172,seasonal_naive,12.196894137751359,1.403444641672472,0.7692307692307693,4.749140856196922,13.04418222485931,empirical,1.0
172,theta,6.45848354976936,0.7757761908164041,1.0,14.190025367777945,14.190025367777945,analytic,0.541142247587242
172,theta,6.45848354976936,0.7757761908164041,0.9230769230769231,5.944907187040807,6.053941566304805,empirical,0.541142247587242
173,naive,0.6102833874451712,1.0709039083881087,1.0,13.388683921541361,13.388683921541361,analytic,1.0
173,naive,0.6102833874451712,1.0709039083881087,0.9230769230769231,5.943955120040661,6.321568015666727,empirical,1.0
173,naive2,0.6102833874451712,1.0709039083881087,1.0,13.388683921541361,13.388683921541361,analytic,1.0
173,naive2,0.6102833874451712,1.0709039083881087,0.9230769230769231,5.943955120040661,6.321568015666727,empirical,1.0
173,seasonal_naive,0.6102833874451712,1.0709039083881087,1.0,13.388683921541361,13.388683921541361,analytic,1.0
173,seasonal_naive,0.6102833874451712,1.0709039083881087,0.9230769230769231,5.943955120040661,6.321568015666727,empirical,1.0
173,theta,0.6058558938279206,1.0631224748159165,1.0,13.388683921541364,13.388683921541364,analytic,0.9927394773038476
173,theta,0.6058558938279206,1.0631224748159165,1.0,6.8807795173006445,6.8807795173006445,empirical,0.9927394773038476
174,naive,1.4594489949561087,4.302134668424974,1.0,12.912097616396988,12.912097616396988,analytic,1.0
174,naive,1.4594489949561087,4.302134668424974,0.8461538461538461,8.516303745175268,11.95903151545952,empirical,1.0
174,naive2,1.4594489949561087,4.302134668424974,1.0,12.912097616396988,12.912097616396988,analytic,1.0
174,naive2,1.4594489949561087,4.302134668424974,0.8461538461538461,8.516303745175268,11.95903151545952,empirical,1.0
174,seasonal_naive,1.4594489949561087,4.302134668424974,1.0,12.912097616396988,12.912097616396988,analytic,1.0
174,seasonal_naive,1.4594489949561087,4.302134668424974,0.8461538461538461,8.516303745175268,11.95903151545952,empirical,1.0
174,theta,1.7059556403565965,5.020654622206132,1.0,12.912097616396988,12.912097616396988,analytic,1.1679593321611075
174,theta,1.7059556403565965,5.020654622206132,0.8461538461538461,7.363360406753656,9.090120477595619,empirical,1.1679593321611075
175,naive,1.9123241379823155,2.39563800137428,1.0,16.32554405178404,16.32554405178404,analytic,1.0
175,naive,1.9123241379823155,2.39563800137428,1.0,12.35547493310892,12.35547493310892,empirical,1.0
175,naive2,1.9123241379823155,2.39563800137428,1.0,16.32554405178404,16.32554405178404,analytic,1.0
175,naive2,1.9123241379823155,2.39563800137428,1.0,12.35547493310892,12.35547493310892,empirical,1.0
175,seasonal_naive,1.9123241379823155,2.39563800137428,1.0,16.32554405178404,16.32554405178404,analytic,1.0
175,seasonal_naive,1.9123241379823155,2.39563800137428,1.0,12.35547493310892,12.35547493310892,empirical,1.0
175,theta,1.441209961373101,1.8016897327731762,1.0,16.325544051784036,16.325544051784036,analytic,0.7528570401710468
175,theta,1.441209961373101,1.8016897327731762,0.6923076923076923,9.453331905285747,16.3067391491453,empirical,0.7528570401710468
176,naive,4.196052498836118,1.7007442036340337,1.0,14.229873584137604,14.229873584137604,analytic,1.0
176,naive,4.196052498836118,1.7007442036340337,0.6923076923076923,4.741205266438633,6.24559453256202,empirical,1.0
176,naive2,4.196052498836118,1.7007442036340337,1.0,14.229873584137604,14.229873584137604,analytic,1.0
176,naive2,4.196052498836118,1.7007442036340337,0.6923076923076923,4.741205266438633,6.24559453256202,empirical,1.0
176,seasonal_naive,4.196052498836118,1.7007442036340337,1.0,14.229873584137604,14.229873584137604,analytic,1.0
176,seasonal_naive,4.196052498836118,1.7007442036340337,0.6923076923076923,4.741205266438633,6.24559453256202,empirical,1.0
176,theta,2.872360837259757,1.1742572877388413,1.0,14.229873584137604,14.229873584137604,analytic,0.6874880765425402
176,theta,2.872360837259757,1.1742572877388413,1.0,5.516840252133562,5.516840252133562,empirical,0.6874880765425402
177,naive,5.599334488849723,6.236263011246305,0.6923076923076923,15.843083307251133,43.289512400627515,analytic,1.0
177,naive,5.599334488849723,6.236263011246305,0.6923076923076923,11.848619340399669,58.65931401216173,empirical,1.0
177,naive2,5.599334488849723,6.236263011246305,0.6923076923076923,15.843083307251133,43.289512400627515,analytic,1.0
177,naive2,5.599334488849723,6.236263011246305,0.6923076923076923,11.848619340399669,58.65931401216173,empirical,1.0
177,seasonal_naive,5.599334488849723,6.236263011246305,0.6923076923076923,15.843083307251133,43.289512400627515,analytic,1.0
177,seasonal_naive,5.599334488849723,6.236263011246305,0.6923076923076923,11.848619340399669,58.65931401216173,empirical,1.0
177,theta,4.992080810652961,5.540996040744848,0.6923076923076923,15.843083307251133,38.91968245110702,analytic,0.8900305992348094
177,theta,4.992080810652961,5.540996040744848,0.6923076923076923,14.529139938480371,37.81709831307622,empirical,0.8900305992348094
178,naive,0.593857869131898,2.0127842860163185,1.0,17.925736787179165,17.925736787179165,analytic,1.0
178,naive,0.593857869131898,2.0127842860163185,1.0,11.252545922452141,11.252545922452141,empirical,1.0
178,naive2,0.593857869131898,2.0127842860163185,1.0,17.925736787179165,17.925736787179165,analytic,1.0
178,naive2,0.593857869131898,2.0127842860163185,1.0,11.252545922452141,11.252545922452141,empirical,1.0
178,seasonal_naive,0.593857869131898,2.0127842860163185,1.0,17.925736787179165,17.925736787179165,analytic,1.0
178,seasonal_naive,0.593857869131898,2.0127842860163185,1.0,11.252545922452141,11.252545922452141,empirical,1.0
178,theta,0.6025875219503556,2.0419906640756667,1.0,17.925736787179165,17.925736787179165,analytic,1.014605169409547
178,theta,0.6025875219503556,2.0419906640756667,1.0,15.826118176425267,15.826118176425267,empirical,1.014605169409547
179,naive,1.0248728788394152,2.195241532558599,1.0,18.929870144431156,18.929870144431156,analytic,1.0
179,naive,1.0248728788394152,2.195241532558599,0.6153846153846154,7.552270695657195,19.000433816751833,empirical,1.0
179,naive2,1.0248728788394152,2.195241532558599,1.0,18.929870144431156,18.929870144431156,analytic,1.0
179,naive2,1.0248728788394152,2.195241532558599,0.6153846153846154,7.552270695657195,19.000433816751833,empirical,1.0
179,seasonal_naive,1.0248728788394152,2.195241532558599,1.0,18.929870144431156,18.929870144431156,analytic,1.0
179,seasonal_naive,1.0248728788394152,2.195241532558599,0.6153846153846154,7.552270695657195,19.000433816751833,empirical,1.0
179,theta,1.4563613215139666,3.1113898465640206,1.0,18.929870144431156,18.929870144431156,analytic,1.419175134285171
179,theta,1.4563613215139666,3.1113898465640206,0.9230769230769231,9.57287677463685,11.076673417535835,empirical,1.419175134285171
180,naive,1.8256947114231432,6.067327683087246,0.8461538461538461,14.13881235989111,14.988067954847676,analytic,1.0
180,naive,1.8256947114231432,6.067327683087246,0.7692307692307693,8.85014245127249,22.153652325865373,empirical,1.0
180,naive2,1.8256947114231432,6.067327683087246,0.8461538461538461,14.13881235989111,14.988067954847676,analytic,1.0
180,naive2,1.8256947114231432,6.067327683087246,0.7692307692307693,8.85014245127249,22.153652325865373,empirical,1.0
180,seasonal_naive,1.8256947114231432,6.067327683087246,0.8461538461538461,14.13881235989111,14.988067954847676,analytic,1.0
180,seasonal_naive,1.8256947114231432,6.067327683087246,0.7692307692307693,8.85014245127249,22.153652325865373,empirical,1.0
180,theta,1.3726896559336632,4.574776485006562,1.0,14.13881235989111,14.13881235989111,analytic,0.7529371929136477
180,theta,1.3726896559336632,4.574776485006562,1.0,10.882142517699267,10.882142517699267,empirical,0.7529371929136477
181,naive,6.121703351750647,4.897842877081034,1.0,33.78710923598983,33.78710923598983,analytic,1.0
181,naive,6.121703351750647,4.897842877081034,0.0,13.884381168387435,76.68286738414972,empirical,1.0
181,naive2,6.121703351750647,4.897842877081034,1.0,33.78710923598983,33.78710923598983,analytic,1.0
181,naive2,6.121703351750647,4.897842877081034,0.0,13.884381168387435,76.68286738414972,empirical,1.0
181,seasonal_naive,6.121703351750647,4.897842877081034,1.0,33.78710923598983,33.78710923598983,analytic,1.0
181,seasonal_naive,6.121703351750647,4.897842877081034,0.0,13.884381168387435,76.68286738414972,empirical,1.0
181,theta,12.111837778091344,9.36602305918292,1.0,33.78710923598983,33.78710923598983,analytic,1.9453914540341846
181,theta,12.111837778091344,9.36602305918292,0.0,29.413829973994446,201.65031597496582,empirical,1.9453914540341846
182,naive,2.383957516205703,6.17561820381006,0.7692307692307693,14.088202302444786,16.481964313344182,analytic,1.0
182,naive,2.383957516205703,6.17561820381006,0.23076923076923078,8.952249628501951,48.88955547706756,empirical,1.0
182,naive2,2.383957516205703,6.17561820381006,0.7692307692307693,14.088202302444786,16.481964313344182,analytic,1.0
182,naive2,2.383957516205703,6.17561820381006,0.23076923076923078,8.952249628501951,48.88955547706756,empirical,1.0
182,seasonal_naive,2.383957516205703,6.17561820381006,0.7692307692307693,14.088202302444786,16.481964313344182,analytic,1.0
182,seasonal_naive,2.383957516205703,6.17561820381006,0.23076923076923078,8.952249628501951,48.88955547706756,empirical,1.0
182,theta,1.7119539908702166,4.452749507581487,1.0,14.088202302444786,14.088202302444786,analytic,0.7195675783547197
182,theta,1.7119539908702166,4.452749507581487,1.0,10.077437316896704,10.077437316896704,empirical,0.7195675783547197
183,naive,1.2084197300579291,5.160877417140846,1.0,13.41863525596931,13.41863525596931,analytic,1.0
183,naive,1.2084197300579291,5.160877417140846,0.6923076923076923,9.387294196676162,14.615283894514658,empirical,1.0
183,naive2,1.2084197300579291,5.160877417140846,1.0,13.41863525596931,13.41863525596931,analytic,1.0
183,naive2,1.2084197300579291,5.160877417140846,0.6923076923076923,9.387294196676162,14.615283894514658,empirical,1.0
183,seasonal_naive,1.2084197300579291,5.160877417140846,1.0,13.41863525596931,13.41863525596931,analytic,1.0
183,seasonal_naive,1.2084197300579291,5.160877417140846,0.6923076923076923,9.387294196676162,14.615283894514658,empirical,1.0
183,theta,1.2337089600360684,5.267798931267704,1.0,13.418635255969297,13.418635255969297,analytic,1.0208226111833714
183,theta,1.2337089600360684,5.267798931267704,1.0,10.798830589941387,10.798830589941387,empirical,1.0208226111833714
184,naive,1.1911347484491832,3.9158352445754843,1.0,13.229428690528627,13.229428690528627,analytic,1.0
184,naive,1.1911347484491832,3.9158352445754843,0.7692307692307693,7.740703442786645,12.556851234905807,empirical,1.0
184,naive2,1.1911347484491832,3.9158352445754843,1.0,13.229428690528627,13.229428690528627,analytic,1.0
184,naive2,1.1911347484491832,3.9158352445754843,0.7692307692307693,7.740703442786645,12.556851234905807,empirical,1.0
184,seasonal_naive,1.1911347484491832,3.9158352445754843,1.0,13.229428690528627,13.229428690528627,analytic,1.0
184,seasonal_naive,1.1911347484491832,3.9158352445754843,0.7692307692307693,7.740703442786645,12.556851234905807,empirical,1.0
184,theta,1.2109657014757418,3.980304269204694,1.0,13.22942869052864,13.22942869052864,analytic,1.016556230997752
184,theta,1.2109657014757418,3.980304269204694,1.0,8.365817375916658,8.365817375916658,empirical,1.016556230997752
185,naive,1.489408739392247,2.7876639244265644,1.0,13.184063294439772,13.184063294439772,analytic,1.0
185,naive,1.489408739392247,2.7876639244265644,1.0,11.272861195847593,11.272861195847593,empirical,1.0
185,naive2,1.489408739392247,2.7876639244265644,1.0,13.184063294439772,13.184063294439772,analytic,1.0
185,naive2,1.489408739392247,2.7876639244265644,1.0,11.272861195847593,11.272861195847593,empirical,1.0
185,seasonal_naive,1.489408739392247,2.7876639244265644,1.0,13.184063294439772,13.184063294439772,analytic,1.0
185,seasonal_naive,1.489408739392247,2.7876639244265644,1.0,11.272861195847593,11.272861195847593,empirical,1.0
185,theta,1.1312395226700236,2.1234584747042526,1.0,13.184063294439767,13.184063294439767,analytic,0.7606282895105241
185,theta,1.1312395226700236,2.1234584747042526,1.0,14.423875266363886,14.423875266363886,empirical,0.7606282895105241
186,naive,1.8145634358499327,1.446289836404687,1.0,14.30445943220895,14.30445943220895,analytic,1.0
186,naive,1.8145634358499327,1.446289836404687,1.0,9.298816070791538,9.298816070791538,empirical,1.0
186,naive2,1.8145634358499327,1.446289836404687,1.0,14.30445943220895,14.30445943220895,analytic,1.0
186,naive2,1.8145634358499327,1.446289836404687,1.0,9.298816070791538,9.298816070791538,empirical,1.0
186,seasonal_naive,1.8145634358499327,1.446289836404687,1.0,14.30445943220895,14.30445943220895,analytic,1.0
186,seasonal_naive,1.8145634358499327,1.446289836404687,1.0,9.298816070791538,9.298816070791538,empirical,1.0
186,theta,3.2409057010811573,2.634561419636286,1.0,14.30445943220895,14.30445943220895,analytic,1.8038262379989187
186,theta,3.2409057010811573,2.634561419636286,1.0,11.713420037973851,11.713420037973851,empirical,1.8038262379989187
187,naive,1.6249228750117903,0.5151540740145026,1.0,13.518413566230231,13.518413566230231,analytic,1.0
187,naive,1.6249228750117903,0.5151540740145026,1.0,6.8895790274371045,6.8895790274371045,empirical,1.0
187,naive2,1.6249228750117903,0.5151540740145026,1.0,13.518413566230231,13.518413566230231,analytic,1.0
187,naive2,1.6249228750117903,0.5151540740145026,1.0,6.8895790274371045,6.8895790274371045,empirical,1.0
187,seasonal_naive,1.6249228750117903,0.5151540740145026,1.0,13.518413566230231,13.518413566230231,analytic,1.0
187,seasonal_naive,1.6249228750117903,0.5151540740145026,1.0,6.8895790274371045,6.8895790274371045,empirical,1.0
187,theta,4.430307073403535,1.4306117390231796,1.0,13.518413566230231,13.518413566230231,analytic,2.7517641345409176
187,theta,4.430307073403535,1.4306117390231796,1.0,7.876349255786452,7.876349255786452,empirical,2.7517641345409176
188,naive,7.897471456277502,3.4316200850854317,0.9230769230769231,13.49288642980486,16.2298554755093,analytic,1.0
188,naive,7.897471456277502,3.4316200850854317,0.8461538461538461,10.953049102987222,17.615267247878627,empirical,1.0
188,naive2,7.897471456277502,3.4316200850854317,0.9230769230769231,13.49288642980486,16.2298554755093,analytic,1.0
188,naive2,7.897471456277502,3.4316200850854317,0.8461538461538461,10.953049102987222,17.615267247878627,empirical,1.0
188,seasonal_naive,7.897471456277502,3.4316200850854317,0.9230769230769231,13.49288642980486,16.2298554755093,analytic,1.0
188,seasonal_naive,7.897471456277502,3.4316200850854317,0.8461538461538461,10.953049102987222,17.615267247878627,empirical,1.0
188,theta,6.798331131108021,2.9744547367932164,0.9230769230769231,13.49288642980486,14.569191166735333,analytic,0.8638011667044158
188,theta,6.798331131108021,2.9744547367932164,0.9230769230769231,8.411026667159698,13.89699177638373,empirical,0.8638011667044158
189,naive,3.401595936182834,1.4357714887457054,1.0,14.544196651381284,14.544196651381284,analytic,1.0
189,naive,3.401595936182834,1.4357714887457054,1.0,8.742564223207255,8.742564223207255,empirical,1.0
189,naive2,3.401595936182834,1.4357714887457054,1.0,14.544196651381284,14.544196651381284,analytic,1.0
189,naive2,3.401595936182834,1.4357714887457054,1.0,8.742564223207255,8.742564223207255,empirical,1.0
189,seasonal_naive,3.401595936182834,1.4357714887457054,1.0,14.544196651381284,14.544196651381284,analytic,1.0
189,seasonal_naive,3.401595936182834,1.4357714887457054,1.0,8.742564223207255,8.742564223207255,empirical,1.0
189,theta,6.348432929385965,2.7401052106406003,1.0,14.544196651381284,14.544196651381284,analytic,1.887382538447787
189,theta,6.348432929385965,2.7401052106406003,1.0,10.285000651873215,10.285000651873215,empirical,1.887382538447787
190,naive,10.786810728489277,2.8348529184121642,1.0,21.191940046558198,21.191940046558198,analytic,1.0
190,naive,10.786810728489277,2.8348529184121642,1.0,23.814136207154,23.814136207154,empirical,1.0
190,naive2,10.786810728489277,2.8348529184121642,1.0,21.191940046558198,21.191940046558198,analytic,1.0
190,naive2,10.786810728489277,2.8348529184121642,1.0,23.814136207154,23.814136207154,empirical,1.0
190,seasonal_naive,10.786810728489277,2.8348529184121642,1.0,21.191940046558198,21.191940046558198,analytic,1.0
190,seasonal_naive,10.786810728489277,2.8348529184121642,1.0,23.814136207154,23.814136207154,empirical,1.0
190,theta,7.220586042313243,1.9400592343969507,1.0,21.191940046558198,21.191940046558198,analytic,0.6768750051709372
190,theta,7.220586042313243,1.9400592343969507,1.0,23.927495466105615,23.927495466105615,empirical,0.6768750051709372
191,naive,3.8476562543910298,0.9018553183072681,1.0,13.707841420555848,13.707841420555848,analytic,1.0
191,naive,3.8476562543910298,0.9018553183072681,1.0,9.503567774852076,9.503567774852076,empirical,1.0
191,naive2,3.8476562543910298,0.9018553183072681,1.0,13.707841420555848,13.707841420555848,analytic,1.0
191,naive2,3.8476562543910298,0.9018553183072681,1.0,9.503567774852076,9.503567774852076,empirical,1.0
191,seasonal_naive,3.8476562543910298,0.9018553183072681,1.0,13.707841420555848,13.707841420555848,analytic,1.0
191,seasonal_naive,3.8476562543910298,0.9018553183072681,1.0,9.503567774852076,9.503567774852076,empirical,1.0
191,theta,8.635382022568692,2.0911045064079268,1.0,13.707841420555848,13.707841420555848,analytic,2.281496115309442
191,theta,8.635382022568692,2.0911045064079268,1.0,10.250721417169327,10.250721417169327,empirical,2.281496115309442
192,naive,2.27050603448275,1.3551317413402713,1.0,12.693282942090326,12.693282942090326,analytic,1.0
192,naive,2.27050603448275,1.3551317413402713,1.0,10.080411570833247,10.080411570833247,empirical,1.0
192,naive2,2.27050603448275,1.3551317413402713,1.0,12.693282942090326,12.693282942090326,analytic,1.0
192,naive2,2.27050603448275,1.3551317413402713,1.0,10.080411570833247,10.080411570833247,empirical,1.0
192,seasonal_naive,2.27050603448275,1.3551317413402713,1.0,12.693282942090326,12.693282942090326,analytic,1.0
192,seasonal_naive,2.27050603448275,1.3551317413402713,1.0,10.080411570833247,10.080411570833247,empirical,1.0
192,theta,2.4152515258426717,1.4359381250683292,1.0,12.693282942090326,12.693282942090326,analytic,1.0616901161059866
192,theta,2.4152515258426717,1.4359381250683292,1.0,11.494914235927832,11.494914235927832,empirical,1.0616901161059866
193,naive,3.347689624777278,0.43120971615934367,1.0,14.023740485803017,14.023740485803017,analytic,1.0
193,naive,3.347689624777278,0.43120971615934367,1.0,4.931559062488045,4.931559062488045,empirical,1.0
193,naive2,3.347689624777278,0.43120971615934367,1.0,14.023740485803017,14.023740485803017,analytic,1.0
193,naive2,3.347689624777278,0.43120971615934367,1.0,4.931559062488045,4.931559062488045,empirical,1.0
193,seasonal_naive,3.347689624777278,0.43120971615934367,1.0,14.023740485803017,14.023740485803017,analytic,1.0
193,seasonal_naive,3.347689624777278,0.43120971615934367,1.0,4.931559062488045,4.931559062488045,empirical,1.0
193,theta,2.589336276433805,0.34135041678189026,1.0,14.023740485803017,14.023740485803017,analytic,0.7825403902169594
193,theta,2.589336276433805,0.34135041678189026,1.0,6.443931511736279,6.443931511736279,empirical,0.7825403902169594
194,naive,5.073560788448923,1.6490976744240224,1.0,14.396602178626438,14.396602178626438,analytic,1.0
194,naive,5.073560788448923,1.6490976744240224,1.0,12.637299794283985,12.637299794283985,empirical,1.0
194,naive2,5.073560788448923,1.6490976744240224,1.0,14.396602178626438,14.396602178626438,analytic,1.0
194,naive2,5.073560788448923,1.6490976744240224,1.0,12.637299794283985,12.637299794283985,empirical,1.0
194,seasonal_naive,5.073560788448923,1.6490976744240224,1.0,14.396602178626438,14.396602178626438,analytic,1.0
194,seasonal_naive,5.073560788448923,1.6490976744240224,1.0,12.637299794283985,12.637299794283985,empirical,1.0
194,theta,11.983264987218403,4.227592059883516,0.9230769230769231,14.396602178626438,17.57470857692757,analytic,2.462741612038867
194,theta,11.983264987218403,4.227592059883516,0.9230769230769231,13.688225361465996,16.243385983293237,empirical,2.462741612038867
195,naive,3.6880644972399095,1.9582865528308329,1.0,12.854761703359648,12.854761703359648,analytic,1.0
195,naive,3.6880644972399095,1.9582865528308329,1.0,16.06947528150555,16.06947528150555,empirical,1.0
195,naive2,3.6880644972399095,1.9582865528308329,1.0,12.854761703359648,12.854761703359648,analytic,1.0
195,naive2,3.6880644972399095,1.9582865528308329,1.0,16.06947528150555,16.06947528150555,empirical,1.0
195,seasonal_naive,3.6880644972399095,1.9582865528308329,1.0,12.854761703359648,12.854761703359648,analytic,1.0
195,seasonal_naive,3.6880644972399095,1.9582865528308329,1.0,16.06947528150555,16.06947528150555,empirical,1.0
195,theta,9.8997746465745,5.598337127406687,0.6923076923076923,12.854761703359648,34.229195343148476,analytic,2.7715336814215994
195,theta,9.8997746465745,5.598337127406687,0.9230769230769231,20.213625983601236,30.098295138184177,empirical,2.7715336814215994
196,naive,1.4722291493351198,0.668144853427501,1.0,14.24536987075739,14.24536987075739,analytic,1.0
196,naive,1.4722291493351198,0.668144853427501,1.0,17.832844608171857,17.832844608171857,empirical,1.0
196,naive2,1.4722291493351198,0.668144853427501,1.0,14.24536987075739,14.24536987075739,analytic,1.0
196,naive2,1.4722291493351198,0.668144853427501,1.0,17.832844608171857,17.832844608171857,empirical,1.0
196,seasonal_naive,1.4722291493351198,0.668144853427501,1.0,14.24536987075739,14.24536987075739,analytic,1.0
196,seasonal_naive,1.4722291493351198,0.668144853427501,1.0,17.832844608171857,17.832844608171857,empirical,1.0
196,theta,7.120182020613893,3.333478751659999,0.9230769230769231,14.245369870757393,18.15918431089137,analytic,4.912741533642236
196,theta,7.120182020613893,3.333478751659999,0.9230769230769231,24.65340644816714,30.180270036271494,empirical,4.912741533642236
197,naive,5.367531663155292,3.1363495007756566,0.9230769230769231,13.913879599392288,14.888187777534442,analytic,1.0
197,naive,5.367531663155292,3.1363495007756566,1.0,19.37276568935519,19.37276568935519,empirical,1.0
197,naive2,5.367531663155292,3.1363495007756566,0.9230769230769231,13.913879599392288,14.888187777534442,analytic,1.0
197,naive2,5.367531663155292,3.1363495007756566,1.0,19.37276568935519,19.37276568935519,empirical,1.0
197,seasonal_naive,5.367531663155292,3.1363495007756566,0.9230769230769231,13.913879599392288,14.888187777534442,analytic,1.0
197,seasonal_naive,5.367531663155292,3.1363495007756566,1.0,19.37276568935519,19.37276568935519,empirical,1.0
197,theta,3.887439493828245,2.287137723439975,1.0,13.913879599392288,13.913879599392288,analytic,0.7267432387282656
197,theta,3.887439493828245,2.287137723439975,1.0,22.004708600033442,22.004708600033442,empirical,0.7267432387282656
198,naive,5.13071880299351,0.8120061616503871,1.0,13.826470769901436,13.826470769901436,analytic,1.0
198,naive,5.13071880299351,0.8120061616503871,1.0,26.770974453613377,26.770974453613377,empirical,1.0
198,naive2,5.13071880299351,0.8120061616503871,1.0,13.826470769901436,13.826470769901436,analytic,1.0
198,naive2,5.13071880299351,0.8120061616503871,1.0,26.770974453613377,26.770974453613377,empirical,1.0
198,seasonal_naive,5.13071880299351,0.8120061616503871,1.0,13.826470769901436,13.826470769901436,analytic,1.0
198,seasonal_naive,5.13071880299351,0.8120061616503871,1.0,26.770974453613377,26.770974453613377,empirical,1.0
198,theta,10.19916159365067,1.6519159245442638,1.0,13.82647076990144,13.82647076990144,analytic,2.0111129536768684
198,theta,10.19916159365067,1.6519159245442638,1.0,38.01118897466348,38.01118897466348,empirical,2.0111129536768684
199,naive,11.214892171202871,0.7744766026012694,1.0,16.472063801308384,16.472063801308384,analytic,1.0
199,naive,11.214892171202871,0.7744766026012694,1.0,24.96131019368994,24.96131019368994,empirical,1.0
199,naive2,11.214892171202871,0.7744766026012694,1.0,16.472063801308384,16.472063801308384,analytic,1.0
199,naive2,11.214892171202871,0.7744766026012694,1.0,24.96131019368994,24.96131019368994,empirical,1.0
199,seasonal_naive,11.214892171202871,0.7744766026012694,1.0,16.472063801308384,16.472063801308384,analytic,1.0
199,seasonal_naive,11.214892171202871,0.7744766026012694,1.0,24.96131019368994,24.96131019368994,empirical,1.0
199,theta,8.810393696523121,0.6194959131332249,1.0,16.472063801308384,16.472063801308384,analytic,0.7927437450029767
199,theta,8.810393696523121,0.6194959131332249,1.0,36.60567451565014,36.60567451565014,empirical,0.7927437450029767
200,naive,4.357475413044105,2.270136839146236,1.0,13.835522074661304,13.835522074661304,analytic,1.0
200,naive,4.357475413044105,2.270136839146236,1.0,12.799884607854949,12.799884607854949,empirical,1.0
200,naive2,4.357475413044105,2.270136839146236,1.0,13.835522074661304,13.835522074661304,analytic,1.0
200,naive2,4.357475413044105,2.270136839146236,1.0,12.799884607854949,12.799884607854949,empirical,1.0
200,seasonal_naive,4.357475413044105,2.270136839146236,1.0,13.835522074661304,13.835522074661304,analytic,1.0
200,seasonal_naive,4.357475413044105,2.270136839146236,1.0,12.799884607854949,12.799884607854949,empirical,1.0
200,theta,10.926636710870316,6.140599381573206,0.6153846153846154,13.835522074661304,31.846015455487752,analytic,2.6062540505858687
200,theta,10.926636710870316,6.140599381573206,0.8461538461538461,17.638384813111955,26.08525893388428,empirical,2.6062540505858687
201,naive,1.3674672089046234,0.6334354714569931,1.0,13.503369326925837,13.503369326925837,analytic,1.0
201,naive,1.3674672089046234,0.6334354714569931,1.0,9.784038316318382,9.784038316318382,empirical,1.0
201,naive2,1.3674672089046234,0.6334354714569931,1.0,13.503369326925837,13.503369326925837,analytic,1.0
201,naive2,1.3674672089046234,0.6334354714569931,1.0,9.784038316318382,9.784038316318382,empirical,1.0
201,seasonal_naive,1.3674672089046234,0.6334354714569931,1.0,13.503369326925837,13.503369326925837,analytic,1.0
201,seasonal_naive,1.3674672089046234,0.6334354714569931,1.0,9.784038316318382,9.784038316318382,empirical,1.0
201,theta,7.5491668410375246,3.642504170582948,0.9230769230769231,13.503369326925837,16.05653989223865,analytic,5.635470944838383
201,theta,7.5491668410375246,3.642504170582948,0.9230769230769231,12.420210230939768,14.708127015685582,empirical,5.635470944838383
202,naive,8.061553179201491,3.9188738638882734,0.9230769230769231,14.248415850501804,18.175004739516442,analytic,1.0
202,naive,8.061553179201491,3.9188738638882734,1.0,17.504850587452896,17.504850587452896,empirical,1.0
202,naive2,8.061553179201491,3.9188738638882734,0.9230769230769231,14.248415850501804,18.175004739516442,analytic,1.0
202,naive2,8.061553179201491,3.9188738638882734,1.0,17.504850587452896,17.504850587452896,empirical,1.0
202,seasonal_naive,8.061553179201491,3.9188738638882734,0.9230769230769231,14.248415850501804,18.175004739516442,analytic,1.0
202,seasonal_naive,8.061553179201491,3.9188738638882734,1.0,17.504850587452896,17.504850587452896,empirical,1.0
202,theta,18.190603759517558,9.481837826893859,0.07692307692307693,14.248415850501804,110.30809142870017,analytic,2.3379975832055893
202,theta,18.190603759517558,9.481837826893859,0.7692307692307693,24.44297690878897,27.803816354028505,empirical,2.3379975832055893
203,naive,0.42060841946582744,0.972431879668197,1.0,15.91632794984856,15.91632794984856,analytic,1.0
203,naive,0.42060841946582744,0.972431879668197,0.8461538461538461,7.74802503963845,8.849257450138355,empirical,1.0
203,naive2,0.42060841946582744,0.972431879668197,1.0,15.91632794984856,15.91632794984856,analytic,1.0
203,naive2,0.42060841946582744,0.972431879668197,0.8461538461538461,7.74802503963845,8.849257450138355,empirical,1.0
203,seasonal_naive,0.42060841946582744,0.972431879668197,1.0,15.91632794984856,15.91632794984856,analytic,1.0
203,seasonal_naive,0.42060841946582744,0.972431879668197,0.8461538461538461,7.74802503963845,8.849257450138355,empirical,1.0
203,theta,0.7056699179963011,1.6278793482813632,1.0,15.91632794984856,15.91632794984856,analytic,1.6758826297251033
203,theta,0.7056699179963011,1.6278793482813632,1.0,7.551890785191807,7.551890785191807,empirical,1.6758826297251033
204,naive,7.609548901723843,6.371522988185416,1.0,18.43947154769713,18.43947154769713,analytic,1.0
204,naive,7.609548901723843,6.371522988185416,1.0,21.312531840624562,21.312531840624562,empirical,1.0
204,naive2,7.609548901723843,6.371522988185416,1.0,18.43947154769713,18.43947154769713,analytic,1.0
204,naive2,7.609548901723843,6.371522988185416,1.0,21.312531840624562,21.312531840624562,empirical,1.0
204,seasonal_naive,7.609548901723843,6.371522988185416,1.0,18.43947154769713,18.43947154769713,analytic,1.0
204,seasonal_naive,7.609548901723843,6.371522988185416,1.0,21.312531840624562,21.312531840624562,empirical,1.0
204,theta,11.557622235292499,9.458328628891769,0.3076923076923077,18.43947154769713,45.75817624880521,analytic,1.5016502490273762
204,theta,11.557622235292499,9.458328628891769,1.0,26.471451936450595,26.471451936450595,empirical,1.5016502490273762
205,naive,11.942224315016379,1.4603726769728567,1.0,13.467917722545137,13.467917722545137,analytic,1.0
205,naive,11.942224315016379,1.4603726769728567,0.8461538461538461,5.673881323686796,15.88638218251538,empirical,1.0
205,naive2,11.942224315016379,1.4603726769728567,1.0,13.467917722545137,13.467917722545137,analytic,1.0
205,naive2,11.942224315016379,1.4603726769728567,0.8461538461538461,5.673881323686796,15.88638218251538,empirical,1.0
205,seasonal_naive,11.942224315016379,1.4603726769728567,1.0,13.467917722545137,13.467917722545137,analytic,1.0
205,seasonal_naive,11.942224315016379,1.4603726769728567,0.8461538461538461,5.673881323686796,15.88638218251538,empirical,1.0
205,theta,12.748468971419285,1.5509419873372692,1.0,13.467917722545137,13.467917722545137,analytic,1.0647650224123317
205,theta,12.748468971419285,1.5509419873372692,0.7692307692307693,5.88603050507437,16.49391827201181,empirical,1.0647650224123317
206,naive,23.59264867546435,12.288959990551986,0.6923076923076923,23.650005356134514,147.1104625498525,analytic,1.0
206,naive,23.59264867546435,12.288959990551986,0.9230769230769231,32.78557496358579,79.16293307487882,empirical,1.0
206,naive2,23.59264867546435,12.288959990551986,0.6923076923076923,23.650005356134514,147.1104625498525,analytic,1.0
206,naive2,23.59264867546435,12.288959990551986,0.9230769230769231,32.78557496358579,79.16293307487882,empirical,1.0
206,seasonal_naive,23.59264867546435,12.288959990551986,0.6923076923076923,23.650005356134514,147.1104625498525,analytic,1.0
206,seasonal_naive,23.59264867546435,12.288959990551986,0.9230769230769231,32.78557496358579,79.16293307487882,empirical,1.0
206,theta,30.655895955833877,15.283048777480401,0.3076923076923077,23.650005356134507,195.99709672041195,analytic,1.2715119654942482
206,theta,30.655895955833877,15.283048777480401,0.9230769230769231,37.15516344131353,88.36224422866968,empirical,1.2715119654942482
207,naive,10.390475069189456,2.293240939613462,1.0,13.41283266415837,13.41283266415837,analytic,1.0
207,naive,10.390475069189456,2.293240939613462,0.9230769230769231,7.954070227568423,8.914936436479103,empirical,1.0
207,naive2,10.390475069189456,2.293240939613462,1.0,13.41283266415837,13.41283266415837,analytic,1.0
207,naive2,10.390475069189456,2.293240939613462,0.9230769230769231,7.954070227568423,8.914936436479103,empirical,1.0
207,seasonal_naive,10.390475069189456,2.293240939613462,1.0,13.41283266415837,13.41283266415837,analytic,1.0
207,seasonal_naive,10.390475069189456,2.293240939613462,0.9230769230769231,7.954070227568423,8.914936436479103,empirical,1.0
207,theta,10.048135828190183,2.214099410104761,1.0,13.412832664158369,13.412832664158369,analytic,0.9662709059397528
207,theta,10.048135828190183,2.214099410104761,0.7692307692307693,7.21219724223285,14.775038189171273,empirical,0.9662709059397528
208,naive,3.652659374506494,10.042547619642459,1.0,51.875616481321615,51.875616481321615,analytic,1.0
208,naive,3.652659374506494,10.042547619642459,1.0,67.42586898653678,67.42586898653678,empirical,1.0
208,naive2,3.652659374506494,10.042547619642459,1.0,51.875616481321615,51.875616481321615,analytic,1.0
208,naive2,3.652659374506494,10.042547619642459,1.0,67.42586898653678,67.42586898653678,empirical,1.0
208,seasonal_naive,3.652659374506494,10.042547619642459,1.0,51.875616481321615,51.875616481321615,analytic,1.0
208,seasonal_naive,3.652659374506494,10.042547619642459,1.0,67.42586898653678,67.42586898653678,empirical,1.0
208,theta,3.969875737595548,10.943152054071803,1.0,51.875616481321615,51.875616481321615,analytic,1.0882620993239347
208,theta,3.969875737595548,10.943152054071803,1.0,71.50543556402968,71.50543556402968,empirical,1.0882620993239347
209,naive,13.055316253025257,6.100862065122765,1.0,17.345716146763284,17.345716146763284,analytic,1.0
209,naive,13.055316253025257,6.100862065122765,0.8461538461538461,13.398155238652528,19.850196845953914,empirical,1.0
209,naive2,13.055316253025257,6.100862065122765,1.0,17.345716146763284,17.345716146763284,analytic,1.0
209,naive2,13.055316253025257,6.100862065122765,0.8461538461538461,13.398155238652528,19.850196845953914,empirical,1.0
209,seasonal_naive,13.055316253025257,6.100862065122765,1.0,17.345716146763284,17.345716146763284,analytic,1.0
209,seasonal_naive,13.055316253025257,6.100862065122765,0.8461538461538461,13.398155238652528,19.850196845953914,empirical,1.0
209,theta,14.732163258724423,6.822552658561945,1.0,17.34571614676328,17.34571614676328,analytic,1.1233674576477877
209,theta,14.732163258724423,6.822552658561945,0.9230769230769231,15.100901042828218,21.045753173263353,empirical,1.1233674576477877
210,naive,5.507701742454925,40.64432635230461,0.0,26.633953372808204,1119.727940008829,analytic,1.0
210,naive,5.507701742454925,40.64432635230461,0.6153846153846154,48.31944591169,57.23812706663024,empirical,1.0
210,naive2,5.507701742454925,40.64432635230461,0.0,26.633953372808204,1119.727940008829,analytic,1.0
210,naive2,5.507701742454925,40.64432635230461,0.6153846153846154,48.31944591169,57.23812706663024,empirical,1.0
210,seasonal_naive,5.507701742454925,40.64432635230461,0.0,26.633953372808204,1119.727940008829,analytic,1.0
210,seasonal_naive,5.507701742454925,40.64432635230461,0.6153846153846154,48.31944591169,57.23812706663024,empirical,1.0
210,theta,9.11695755490353,65.92901047882964,0.0,26.633953372808204,2131.11530506983,analytic,1.6387034822482092
210,theta,9.11695755490353,65.92901047882964,0.6153846153846154,72.43585806993572,145.6769453834108,empirical,1.6387034822482092
211,naive,5.4363823891209115,2.1604523717594195,1.0,19.48034816985689,19.48034816985689,analytic,1.0
211,naive,5.4363823891209115,2.1604523717594195,1.0,23.240293854716455,23.240293854716455,empirical,1.0
211,naive2,5.4363823891209115,2.1604523717594195,1.0,19.48034816985689,19.48034816985689,analytic,1.0
211,naive2,5.4363823891209115,2.1604523717594195,1.0,23.240293854716455,23.240293854716455,empirical,1.0
211,seasonal_naive,5.4363823891209115,2.1604523717594195,1.0,19.48034816985689,19.48034816985689,analytic,1.0
211,seasonal_naive,5.4363823891209115,2.1604523717594195,1.0,23.240293854716455,23.240293854716455,empirical,1.0
211,theta,5.415281770380186,2.1522341426686604,1.0,19.48034816985689,19.48034816985689,analytic,0.9961573448223037
211,theta,5.415281770380186,2.1522341426686604,1.0,27.873906038148725,27.873906038148725,empirical,0.9961573448223037
212,naive,6.841655193610041,1.4695760905189033,1.0,28.620291855274175,28.620291855274175,analytic,1.0
212,naive,6.841655193610041,1.4695760905189033,1.0,32.33615060414715,32.33615060414715,empirical,1.0
212,naive2,6.841655193610041,1.4695760905189033,1.0,28.620291855274175,28.620291855274175,analytic,1.0
212,naive2,6.841655193610041,1.4695760905189033,1.0,32.33615060414715,32.33615060414715,empirical,1.0
212,seasonal_naive,6.841655193610041,1.4695760905189033,1.0,28.620291855274175,28.620291855274175,analytic,1.0
212,seasonal_naive,6.841655193610041,1.4695760905189033,1.0,32.33615060414715,32.33615060414715,empirical,1.0
212,theta,5.588497325533404,1.206059499570186,1.0,28.62029185527419,28.62029185527419,analytic,0.818759706250626
212,theta,5.588497325533404,1.206059499570186,1.0,31.84473471529069,31.84473471529069,empirical,0.818759706250626
213,naive,2.9906837374493254,1.0292076511997639,1.0,15.572988504494088,15.572988504494088,analytic,1.0
213,naive,2.9906837374493254,1.0292076511997639,1.0,15.50261741193137,15.50261741193137,empirical,1.0
213,naive2,2.9906837374493254,1.0292076511997639,1.0,15.572988504494088,15.572988504494088,analytic,1.0
213,naive2,2.9906837374493254,1.0292076511997639,1.0,15.50261741193137,15.50261741193137,empirical,1.0
213,seasonal_naive,2.9906837374493254,1.0292076511997639,1.0,15.572988504494088,15.572988504494088,analytic,1.0
213,seasonal_naive,2.9906837374493254,1.0292076511997639,1.0,15.50261741193137,15.50261741193137,empirical,1.0
213,theta,3.5521959224012303,1.2189020995079562,1.0,15.572988504494088,15.572988504494088,analytic,1.1860324676421332
213,theta,3.5521959224012303,1.2189020995079562,1.0,16.005419884410983,16.005419884410983,empirical,1.1860324676421332
214,naive,3.0651283275637056,4.706241678080087,1.0,17.21374201333626,17.21374201333626,analytic,1.0
214,naive,3.0651283275637056,4.706241678080087,0.9230769230769231,13.004526699340579,13.603909769251171,empirical,1.0
214,naive2,3.0651283275637056,4.706241678080087,1.0,17.21374201333626,17.21374201333626,analytic,1.0
214,naive2,3.0651283275637056,4.706241678080087,0.9230769230769231,13.004526699340579,13.603909769251171,empirical,1.0
214,seasonal_naive,3.0651283275637056,4.706241678080087,1.0,17.21374201333626,17.21374201333626,analytic,1.0
214,seasonal_naive,3.0651283275637056,4.706241678080087,0.9230769230769231,13.004526699340579,13.603909769251171,empirical,1.0
214,theta,3.6594813828639485,5.598167735935963,0.9230769230769231,17.21374201333626,19.19617472726983,analytic,1.1917139328266557
214,theta,3.6594813828639485,5.598167735935963,1.0,14.574671023557286,14.574671023557286,empirical,1.1917139328266557
215,naive,2.312544748842383,4.3047578731361185,1.0,19.13921770776391,19.13921770776391,analytic,1.0
215,naive,2.312544748842383,4.3047578731361185,1.0,13.944049000860373,13.944049000860373,empirical,1.0
215,naive2,2.312544748842383,4.3047578731361185,1.0,19.13921770776391,19.13921770776391,analytic,1.0
215,naive2,2.312544748842383,4.3047578731361185,1.0,13.944049000860373,13.944049000860373,empirical,1.0
215,seasonal_naive,2.312544748842383,4.3047578731361185,1.0,19.13921770776391,19.13921770776391,analytic,1.0
215,seasonal_naive,2.312544748842383,4.3047578731361185,1.0,13.944049000860373,13.944049000860373,empirical,1.0
215,theta,2.7155173534903305,5.041496384554437,1.0,19.139217707763905,19.139217707763905,analytic,1.1727001100587766
215,theta,2.7155173534903305,5.041496384554437,1.0,14.533760376228187,14.533760376228187,empirical,1.1727001100587766
216,naive,1.319986862769526,0.40618959061871807,1.0,24.719319901985706,24.719319901985706,analytic,1.0
216,naive,1.319986862769526,0.40618959061871807,0.9230769230769231,4.10498506505407,8.779091634025404,empirical,1.0
216,naive2,1.319986862769526,0.40618959061871807,1.0,24.719319901985706,24.719319901985706,analytic,1.0
216,naive2,1.319986862769526,0.40618959061871807,0.9230769230769231,4.10498506505407,8.779091634025404,empirical,1.0
216,seasonal_naive,1.319986862769526,0.40618959061871807,1.0,24.719319901985706,24.719319901985706,analytic,1.0
216,seasonal_naive,1.319986862769526,0.40618959061871807,0.9230769230769231,4.10498506505407,8.779091634025404,empirical,1.0
216,theta,1.4750571931547374,0.4550276026844474,1.0,24.7193199019857,24.7193199019857,analytic,1.1188566080900202
216,theta,1.4750571931547374,0.4550276026844474,0.9230769230769231,3.4237285774377244,5.282878253993427,empirical,1.1188566080900202
217,naive,2.8818727726708833,0.976165272579621,1.0,25.285000965180032,25.285000965180032,analytic,1.0
217,naive,2.8818727726708833,0.976165272579621,0.7692307692307693,4.417669893473953,25.591740033680406,empirical,1.0
217,naive2,2.8818727726708833,0.976165272579621,1.0,25.285000965180032,25.285000965180032,analytic,1.0
217,naive2,2.8818727726708833,0.976165272579621,0.7692307692307693,4.417669893473953,25.591740033680406,empirical,1.0
217,seasonal_naive,2.8818727726708833,0.976165272579621,1.0,25.285000965180032,25.285000965180032,analytic,1.0
217,seasonal_naive,2.8818727726708833,0.976165272579621,0.7692307692307693,4.417669893473953,25.591740033680406,empirical,1.0
217,theta,2.9975890388586373,1.016341816396726,1.0,25.285000965180032,25.285000965180032,analytic,1.0406553354561074
217,theta,2.9975890388586373,1.016341816396726,0.7692307692307693,4.167165528839144,17.014980149367087,empirical,1.0406553354561074
218,naive,2.080256730998699,1.741996351971822,1.0,21.513093829527822,21.513093829527822,analytic,1.0
218,naive,2.080256730998699,1.741996351971822,1.0,26.032109199740045,26.032109199740045,empirical,1.0
218,naive2,2.080256730998699,1.741996351971822,1.0,21.513093829527822,21.513093829527822,analytic,1.0
218,naive2,2.080256730998699,1.741996351971822,1.0,26.032109199740045,26.032109199740045,empirical,1.0
218,seasonal_naive,2.080256730998699,1.741996351971822,1.0,21.513093829527822,21.513093829527822,analytic,1.0
218,seasonal_naive,2.080256730998699,1.741996351971822,1.0,26.032109199740045,26.032109199740045,empirical,1.0
218,theta,1.1507110324376195,0.9696992514491857,1.0,21.513093829527822,21.513093829527822,analytic,0.554908965574645
218,theta,1.1507110324376195,0.9696992514491857,1.0,26.742544683051054,26.742544683051054,empirical,0.554908965574645
219,naive,1.2612088339046275,1.7196949134140382,1.0,22.06218545093677,22.06218545093677,analytic,1.0
219,naive,1.2612088339046275,1.7196949134140382,1.0,14.342928247652145,14.342928247652145,empirical,1.0
219,naive2,1.2612088339046275,1.7196949134140382,1.0,22.06218545093677,22.06218545093677,analytic,1.0
219,naive2,1.2612088339046275,1.7196949134140382,1.0,14.342928247652145,14.342928247652145,empirical,1.0
219,seasonal_naive,1.2612088339046275,1.7196949134140382,1.0,22.06218545093677,22.06218545093677,analytic,1.0
219,seasonal_naive,1.2612088339046275,1.7196949134140382,1.0,14.342928247652145,14.342928247652145,empirical,1.0
219,theta,0.6942362806692108,0.9502708662590627,1.0,22.06218545093677,22.06218545093677,analytic,0.551517075610536
219,theta,0.6942362806692108,0.9502708662590627,0.6923076923076923,7.320807687532876,7.326243596253442,empirical,0.551517075610536
220,naive,4.103845454944666,1.9691323585994622,0.9230769230769231,14.985690673375325,15.553744403888908,analytic,1.0
220,naive,4.103845454944666,1.9691323585994622,0.8461538461538461,7.82052608066712,8.14963555694499,empirical,1.0
220,naive2,4.103845454944666,1.9691323585994622,0.9230769230769231,14.985690673375325,15.553744403888908,analytic,1.0
220,naive2,4.103845454944666,1.9691323585994622,0.8461538461538461,7.82052608066712,8.14963555694499,empirical,1.0
220,seasonal_naive,4.103845454944666,1.9691323585994622,0.9230769230769231,14.985690673375325,15.553744403888908,analytic,1.0
220,seasonal_naive,4.103845454944666,1.9691323585994622,0.8461538461538461,7.82052608066712,8.14963555694499,empirical,1.0
220,theta,5.090325753305898,2.4261588124746933,0.9230769230769231,14.985690673375325,19.585797793221527,analytic,1.2362374199797594
220,theta,5.090325753305898,2.4261588124746933,0.8461538461538461,9.901659055929867,17.423399538599753,empirical,1.2362374199797594
221,naive,5.8620511870003345,2.619608375555231,0.9230769230769231,13.886715485930251,15.286796894407143,analytic,1.0
221,naive,5.8620511870003345,2.619608375555231,1.0,12.902984276617726,12.902984276617726,empirical,1.0
221,naive2,5.8620511870003345,2.619608375555231,0.9230769230769231,13.886715485930251,15.286796894407143,analytic,1.0
221,naive2,5.8620511870003345,2.619608375555231,1.0,12.902984276617726,12.902984276617726,empirical,1.0
221,seasonal_naive,5.8620511870003345,2.619608375555231,0.9230769230769231,13.886715485930251,15.286796894407143,analytic,1.0
221,seasonal_naive,5.8620511870003345,2.619608375555231,1.0,12.902984276617726,12.902984276617726,empirical,1.0
221,theta,6.384429793192709,2.8476764050110326,1.0,13.886715485930251,13.886715485930251,analytic,1.0880868973110207
221,theta,6.384429793192709,2.8476764050110326,1.0,14.659925985874423,14.659925985874423,empirical,1.0880868973110207
222,naive,1.3528548840614654,1.0592581273539987,1.0,23.889860822245364,23.889860822245364,analytic,1.0
222,naive,1.3528548840614654,1.0592581273539987,1.0,27.454978017383706,27.454978017383706,empirical,1.0
222,naive2,1.3528548840614654,1.0592581273539987,1.0,23.889860822245364,23.889860822245364,analytic,1.0
222,naive2,1.3528548840614654,1.0592581273539987,1.0,27.454978017383706,27.454978017383706,empirical,1.0
222,seasonal_naive,1.3528548840614654,1.0592581273539987,1.0,23.889860822245364,23.889860822245364,analytic,1.0
222,seasonal_naive,1.3528548840614654,1.0592581273539987,1.0,27.454978017383706,27.454978017383706,empirical,1.0
222,theta,1.5211082744540008,1.1892362571134538,1.0,23.889860822245364,23.889860822245364,analytic,1.1235379455720713
222,theta,1.5211082744540008,1.1892362571134538,1.0,27.951271418612937,27.951271418612937,empirical,1.1235379455720713
223,naive,12.18357070207162,2.4670429755696914,1.0,15.115933251356438,15.115933251356438,analytic,1.0
223,naive,12.18357070207162,2.4670429755696914,1.0,9.450716236836069,9.450716236836069,empirical,1.0
223,naive2,12.18357070207162,2.4670429755696914,1.0,15.115933251356438,15.115933251356438,analytic,1.0
223,naive2,12.18357070207162,2.4670429755696914,1.0,9.450716236836069,9.450716236836069,empirical,1.0
223,seasonal_naive,12.18357070207162,2.4670429755696914,1.0,15.115933251356438,15.115933251356438,analytic,1.0
223,seasonal_naive,12.18357070207162,2.4670429755696914,1.0,9.450716236836069,9.450716236836069,empirical,1.0
223,theta,9.940029907090553,2.0499198796652522,1.0,15.115933251356438,15.115933251356438,analytic,0.8233885344053505
223,theta,9.940029907090553,2.0499198796652522,1.0,11.053280733431874,11.053280733431874,empirical,0.8233885344053505
224,naive,8.659429403319088,0.9521911337100658,1.0,17.270804749023686,17.270804749023686,analytic,1.0
224,naive,8.659429403319088,0.9521911337100658,1.0,5.4682404804212865,5.4682404804212865,empirical,1.0
224,naive2,8.659429403319088,0.9521911337100658,1.0,17.270804749023686,17.270804749023686,analytic,1.0
224,naive2,8.659429403319088,0.9521911337100658,1.0,5.4682404804212865,5.4682404804212865,empirical,1.0
224,seasonal_naive,8.659429403319088,0.9521911337100658,1.0,17.270804749023686,17.270804749023686,analytic,1.0
224,seasonal_naive,8.659429403319088,0.9521911337100658,1.0,5.4682404804212865,5.4682404804212865,empirical,1.0
224,theta,7.2782282902293005,0.8131741087788339,1.0,17.270804749023686,17.270804749023686,analytic,0.8472502352027879
224,theta,7.2782282902293005,0.8131741087788339,1.0,5.599229250057799,5.599229250057799,empirical,0.8472502352027879
225,naive,11.059358709073077,2.6784348408760326,1.0,15.207250051207433,15.207250051207433,analytic,1.0
225,naive,11.059358709073077,2.6784348408760326,1.0,16.722327732070198,16.722327732070198,empirical,1.0
225,naive2,11.059358709073077,2.6784348408760326,1.0,15.207250051207433,15.207250051207433,analytic,1.0
225,naive2,11.059358709073077,2.6784348408760326,1.0,16.722327732070198,16.722327732070198,empirical,1.0
225,seasonal_naive,11.059358709073077,2.6784348408760326,1.0,15.207250051207433,15.207250051207433,analytic,1.0
225,seasonal_naive,11.059358709073077,2.6784348408760326,1.0,16.722327732070198,16.722327732070198,empirical,1.0
225,theta,18.669767448388015,4.730767675072284,1.0,15.207250051207431,15.207250051207431,analytic,1.727192643706028
225,theta,18.669767448388015,4.730767675072284,1.0,17.226751266791652,17.226751266791652,empirical,1.727192643706028
226,naive,17.488934830632648,1.6983992567744939,1.0,17.35106281325088,17.35106281325088,analytic,1.0
226,naive,17.488934830632648,1.6983992567744939,1.0,8.102820014502203,8.102820014502203,empirical,1.0
226,naive2,17.488934830632648,1.6983992567744939,1.0,17.35106281325088,17.35106281325088,analytic,1.0
226,naive2,17.488934830632648,1.6983992567744939,1.0,8.102820014502203,8.102820014502203,empirical,1.0
226,seasonal_naive,17.488934830632648,1.6983992567744939,1.0,17.35106281325088,17.35106281325088,analytic,1.0
226,seasonal_naive,17.488934830632648,1.6983992567744939,1.0,8.102820014502203,8.102820014502203,empirical,1.0
226,theta,12.472428385749586,1.2560547034997205,1.0,17.35106281325088,17.35106281325088,analytic,0.7263566011232445
226,theta,12.472428385749586,1.2560547034997205,1.0,7.684177251385454,7.684177251385454,empirical,0.7263566011232445
227,naive,6.06901855555317,1.1501077011605838,1.0,16.917298154353233,16.917298154353233,analytic,1.0
227,naive,6.06901855555317,1.1501077011605838,0.8461538461538461,4.899151161390051,5.548335423719624,empirical,1.0
227,naive2,6.06901855555317,1.1501077011605838,1.0,16.917298154353233,16.917298154353233,analytic,1.0
227,naive2,6.06901855555317,1.1501077011605838,0.8461538461538461,4.899151161390051,5.548335423719624,empirical,1.0
227,seasonal_naive,6.06901855555317,1.1501077011605838,1.0,16.917298154353233,16.917298154353233,analytic,1.0
227,seasonal_naive,6.06901855555317,1.1501077011605838,0.8461538461538461,4.899151161390051,5.548335423719624,empirical,1.0
227,theta,6.2463663476715805,1.1822984421226652,1.0,16.917298154353233,16.917298154353233,analytic,1.0286055756894472
227,theta,6.2463663476715805,1.1822984421226652,0.8461538461538461,4.880527708965968,6.1460926228927395,empirical,1.0286055756894472
228,naive,5.8152926114432635,0.42496917873763745,1.0,17.615558939151704,17.615558939151704,analytic,1.0
228,naive,5.8152926114432635,0.42496917873763745,1.0,6.824917131609276,6.824917131609276,empirical,1.0
228,naive2,5.8152926114432635,0.42496917873763745,1.0,17.615558939151704,17.615558939151704,analytic,1.0
228,naive2,5.8152926114432635,0.42496917873763745,1.0,6.824917131609276,6.824917131609276,empirical,1.0
228,seasonal_naive,5.8152926114432635,0.42496917873763745,1.0,17.615558939151704,17.615558939151704,analytic,1.0
228,seasonal_naive,5.8152926114432635,0.42496917873763745,1.0,6.824917131609276,6.824917131609276,empirical,1.0
228,theta,14.38779970728893,1.1133860897590497,1.0,17.615558939151704,17.615558939151704,analytic,2.5470268296115695
228,theta,14.38779970728893,1.1133860897590497,1.0,5.787576587601346,5.787576587601346,empirical,2.5470268296115695
229,naive,12.237782378416131,1.332512989849037,1.0,17.89642952716463,17.89642952716463,analytic,1.0
229,naive,12.237782378416131,1.332512989849037,1.0,7.5364657666610375,7.5364657666610375,empirical,1.0
229,naive2,12.237782378416131,1.332512989849037,1.0,17.89642952716463,17.89642952716463,analytic,1.0
229,naive2,12.237782378416131,1.332512989849037,1.0,7.5364657666610375,7.5364657666610375,empirical,1.0
229,seasonal_naive,12.237782378416131,1.332512989849037,1.0,17.89642952716463,17.89642952716463,analytic,1.0
229,seasonal_naive,12.237782378416131,1.332512989849037,1.0,7.5364657666610375,7.5364657666610375,empirical,1.0
229,theta,11.770473014422132,1.288077584377483,1.0,17.89642952716463,17.89642952716463,analytic,0.964233570407971
229,theta,11.770473014422132,1.288077584377483,0.6923076923076923,8.069288160798106,10.450834249456788,empirical,0.964233570407971
230,naive,50.23282470006015,4.53885620260629,1.0,14.221401874138245,14.221401874138245,analytic,1.0
230,naive,50.23282470006015,4.53885620260629,1.0,13.72440683633654,13.72440683633654,empirical,1.0
230,naive2,50.23282470006015,4.53885620260629,1.0,14.221401874138245,14.221401874138245,analytic,1.0
230,naive2,50.23282470006015,4.53885620260629,1.0,13.72440683633654,13.72440683633654,empirical,1.0
230,seasonal_naive,50.23282470006015,4.53885620260629,1.0,14.221401874138245,14.221401874138245,analytic,1.0
230,seasonal_naive,50.23282470006015,4.53885620260629,1.0,13.72440683633654,13.72440683633654,empirical,1.0
230,theta,49.84087355034536,4.513439992000229,1.0,14.221401874138245,14.221401874138245,analytic,0.9932988075674902
230,theta,49.84087355034536,4.513439992000229,1.0,16.445146261640307,16.445146261640307,empirical,0.9932988075674902
231,naive,22.63063078804799,2.457953539559406,1.0,15.753822305201316,15.753822305201316,analytic,1.0
231,naive,22.63063078804799,2.457953539559406,1.0,10.982893019609891,10.982893019609891,empirical,1.0
231,naive2,22.63063078804799,2.457953539559406,1.0,15.753822305201316,15.753822305201316,analytic,1.0
231,naive2,22.63063078804799,2.457953539559406,1.0,10.982893019609891,10.982893019609891,empirical,1.0
231,seasonal_naive,22.63063078804799,2.457953539559406,1.0,15.753822305201316,15.753822305201316,analytic,1.0
231,seasonal_naive,22.63063078804799,2.457953539559406,1.0,10.982893019609891,10.982893019609891,empirical,1.0
231,theta,21.067248455066213,2.3146636947177375,1.0,15.753822305201316,15.753822305201316,analytic,0.9363105102072958
231,theta,21.067248455066213,2.3146636947177375,1.0,11.77876191791738,11.77876191791738,empirical,0.9363105102072958
232,naive,18.36590268377603,2.2971421819348086,1.0,16.770011681119886,16.770011681119886,analytic,1.0
232,naive,18.36590268377603,2.2971421819348086,1.0,10.223967901812333,10.223967901812333,empirical,1.0
232,naive2,18.36590268377603,2.2971421819348086,1.0,16.770011681119886,16.770011681119886,analytic,1.0
232,naive2,18.36590268377603,2.2971421819348086,1.0,10.223967901812333,10.223967901812333,empirical,1.0
232,seasonal_naive,18.36590268377603,2.2971421819348086,1.0,16.770011681119886,16.770011681119886,analytic,1.0
232,seasonal_naive,18.36590268377603,2.2971421819348086,1.0,10.223967901812333,10.223967901812333,empirical,1.0
232,theta,15.820477508703407,2.017824583455287,1.0,16.770011681119886,16.770011681119886,analytic,0.8699056624176
232,theta,15.820477508703407,2.017824583455287,1.0,9.213456853276584,9.213456853276584,empirical,0.8699056624176
233,naive,15.753694258976036,0.982665882875951,1.0,36.52251857607282,36.52251857607282,analytic,1.0
233,naive,15.753694258976036,0.982665882875951,0.8461538461538461,4.070247406050959,7.496841308520547,empirical,1.0
233,naive2,15.753694258976036,0.982665882875951,1.0,36.52251857607282,36.52251857607282,analytic,1.0
233,naive2,15.753694258976036,0.982665882875951,0.8461538461538461,4.070247406050959,7.496841308520547,empirical,1.0
233,seasonal_naive,15.753694258976036,0.982665882875951,1.0,36.52251857607282,36.52251857607282,analytic,1.0
233,seasonal_naive,15.753694258976036,0.982665882875951,0.8461538461538461,4.070247406050959,7.496841308520547,empirical,1.0
233,theta,10.996670095327602,0.7149240652361956,1.0,36.52251857607282,36.52251857607282,analytic,0.7127863966603568
233,theta,10.996670095327602,0.7149240652361956,1.0,4.032523757427373,4.032523757427373,empirical,0.7127863966603568
234,naive,45.861185100869754,3.297589332597305,1.0,24.88810202925536,24.88810202925536,analytic,1.0
234,naive,45.861185100869754,3.297589332597305,1.0,12.419932639556325,12.419932639556325,empirical,1.0
234,naive2,45.861185100869754,3.297589332597305,1.0,24.88810202925536,24.88810202925536,analytic,1.0
234,naive2,45.861185100869754,3.297589332597305,1.0,12.419932639556325,12.419932639556325,empirical,1.0
234,seasonal_naive,45.861185100869754,3.297589332597305,1.0,24.88810202925536,24.88810202925536,analytic,1.0
234,seasonal_naive,45.861185100869754,3.297589332597305,1.0,12.419932639556325,12.419932639556325,empirical,1.0
234,theta,41.72638814145252,3.0770077949909487,1.0,24.88810202925536,24.88810202925536,analytic,0.9214746402684673
234,theta,41.72638814145252,3.0770077949909487,1.0,14.719237471190862,14.719237471190862,empirical,0.9214746402684673
235,naive,12.664551886266873,1.9149930552761973,1.0,33.44143218358083,33.44143218358083,analytic,1.0
235,naive,12.664551886266873,1.9149930552761973,1.0,6.670518000655657,6.670518000655657,empirical,1.0
235,naive2,12.664551886266873,1.9149930552761973,1.0,33.44143218358083,33.44143218358083,analytic,1.0
235,naive2,12.664551886266873,1.9149930552761973,1.0,6.670518000655657,6.670518000655657,empirical,1.0
235,seasonal_naive,12.664551886266873,1.9149930552761973,1.0,33.44143218358083,33.44143218358083,analytic,1.0
235,seasonal_naive,12.664551886266873,1.9149930552761973,1.0,6.670518000655657,6.670518000655657,empirical,1.0
235,theta,10.224420275719142,1.5800223298805391,1.0,33.44143218358084,33.44143218358084,analytic,0.8162028946908149
235,theta,10.224420275719142,1.5800223298805391,1.0,6.925303102631113,6.925303102631113,empirical,0.8162028946908149
236,naive,10.659781560026804,1.1434557715153193,1.0,16.970116594707353,16.970116594707353,analytic,1.0
236,naive,10.659781560026804,1.1434557715153193,1.0,9.923553415952098,9.923553415952098,empirical,1.0
236,naive2,10.659781560026804,1.1434557715153193,1.0,16.970116594707353,16.970116594707353,analytic,1.0
236,naive2,10.659781560026804,1.1434557715153193,1.0,9.923553415952098,9.923553415952098,empirical,1.0
236,seasonal_naive,10.659781560026804,1.1434557715153193,1.0,16.970116594707353,16.970116594707353,analytic,1.0
236,seasonal_naive,10.659781560026804,1.1434557715153193,1.0,9.923553415952098,9.923553415952098,empirical,1.0
236,theta,8.612485737637266,0.9343346429168553,1.0,16.970116594707353,16.970116594707353,analytic,0.8125284275390835
236,theta,8.612485737637266,0.9343346429168553,1.0,8.405580076083679,8.405580076083679,empirical,0.8125284275390835
237,naive,45.036164091275815,6.0065015066142955,0.6923076923076923,14.583549984053828,48.73144488946987,analytic,1.0
237,naive,45.036164091275815,6.0065015066142955,0.8461538461538461,14.38560357981743,16.85578093235435,empirical,1.0
237,naive2,45.036164091275815,6.0065015066142955,0.6923076923076923,14.583549984053828,48.73144488946987,analytic,1.0
237,naive2,45.036164091275815,6.0065015066142955,0.8461538461538461,14.38560357981743,16.85578093235435,empirical,1.0
237,seasonal_naive,45.036164091275815,6.0065015066142955,0.6923076923076923,14.583549984053828,48.73144488946987,analytic,1.0
237,seasonal_naive,45.036164091275815,6.0065015066142955,0.8461538461538461,14.38560357981743,16.85578093235435,empirical,1.0
237,theta,40.9962542631163,5.619046337264875,0.6923076923076923,14.583549984053828,43.79494740664187,analytic,0.9228951760951632
237,theta,40.9962542631163,5.619046337264875,1.0,15.163771706665747,15.163771706665747,empirical,0.9228951760951632
238,naive,18.187697270681515,1.965357558280103,1.0,15.292654518329034,15.292654518329034,analytic,1.0
238,naive,18.187697270681515,1.965357558280103,1.0,10.132358672647351,10.132358672647351,empirical,1.0
238,naive2,18.187697270681515,1.965357558280103,1.0,15.292654518329034,15.292654518329034,analytic,1.0
238,naive2,18.187697270681515,1.965357558280103,1.0,10.132358672647351,10.132358672647351,empirical,1.0
238,seasonal_naive,18.187697270681515,1.965357558280103,1.0,15.292654518329034,15.292654518329034,analytic,1.0
238,seasonal_naive,18.187697270681515,1.965357558280103,1.0,10.132358672647351,10.132358672647351,empirical,1.0
238,theta,15.26509186262959,1.6869562461654608,1.0,15.292654518329034,15.292654518329034,analytic,0.8488271904681783
238,theta,15.26509186262959,1.6869562461654608,1.0,11.729838760537456,11.729838760537456,empirical,0.8488271904681783
239,naive,20.860514802069016,3.4037619182665875,1.0,15.940731522217824,15.940731522217824,analytic,1.0
239,naive,20.860514802069016,3.4037619182665875,1.0,10.824615511724115,10.824615511724115,empirical,1.0
239,naive2,20.860514802069016,3.4037619182665875,1.0,15.940731522217824,15.940731522217824,analytic,1.0
239,naive2,20.860514802069016,3.4037619182665875,1.0,10.824615511724115,10.824615511724115,empirical,1.0
239,seasonal_naive,20.860514802069016,3.4037619182665875,1.0,15.940731522217824,15.940731522217824,analytic,1.0
239,seasonal_naive,20.860514802069016,3.4037619182665875,1.0,10.824615511724115,10.824615511724115,empirical,1.0
239,theta,22.921398560256222,3.690418030995688,1.0,15.940731522217824,15.940731522217824,analytic,1.0915054813707599
239,theta,22.921398560256222,3.690418030995688,1.0,13.374417754168936,13.374417754168936,empirical,1.0915054813707599
240,naive,24.014010083683026,2.992551295077582,1.0,14.859722720126749,14.859722720126749,analytic,1.0
240,naive,24.014010083683026,2.992551295077582,1.0,9.988746214202031,9.988746214202031,empirical,1.0
240,naive2,24.014010083683026,2.992551295077582,1.0,14.859722720126749,14.859722720126749,analytic,1.0
240,naive2,24.014010083683026,2.992551295077582,1.0,9.988746214202031,9.988746214202031,empirical,1.0
240,seasonal_naive,24.014010083683026,2.992551295077582,1.0,14.859722720126749,14.859722720126749,analytic,1.0
240,seasonal_naive,24.014010083683026,2.992551295077582,1.0,9.988746214202031,9.988746214202031,empirical,1.0
240,theta,18.2267657186039,2.361343407666658,1.0,14.859722720126749,14.859722720126749,analytic,0.7740395805063844
240,theta,18.2267657186039,2.361343407666658,1.0,8.644763045885856,8.644763045885856,empirical,0.7740395805063844
241,naive,12.428648977283997,0.9813940316696588,1.0,18.42467496150459,18.42467496150459,analytic,1.0
241,naive,12.428648977283997,0.9813940316696588,1.0,7.023489463062836,7.023489463062836,empirical,1.0
241,naive2,12.428648977283997,0.9813940316696588,1.0,18.42467496150459,18.42467496150459,analytic,1.0
241,naive2,12.428648977283997,0.9813940316696588,1.0,7.023489463062836,7.023489463062836,empirical,1.0
241,seasonal_naive,12.428648977283997,0.9813940316696588,1.0,18.42467496150459,18.42467496150459,analytic,1.0
241,seasonal_naive,12.428648977283997,0.9813940316696588,1.0,7.023489463062836,7.023489463062836,empirical,1.0
241,theta,10.946206233582059,0.8765966473745007,1.0,18.42467496150459,18.42467496150459,analytic,0.8869697669891456
241,theta,10.946206233582059,0.8765966473745007,1.0,7.171828617028924,7.171828617028924,empirical,0.8869697669891456
242,naive,68.53927506004011,7.463763705609502,0.46153846153846156,15.899915625528434,51.28149885923736,analytic,1.0
242,naive,68.53927506004011,7.463763705609502,1.0,16.83861871952585,16.83861871952585,empirical,1.0
242,naive2,68.53927506004011,7.463763705609502,0.46153846153846156,15.899915625528434,51.28149885923736,analytic,1.0
242,naive2,68.53927506004011,7.463763705609502,1.0,16.83861871952585,16.83861871952585,empirical,1.0
242,seasonal_naive,68.53927506004011,7.463763705609502,0.46153846153846156,15.899915625528434,51.28149885923736,analytic,1.0
242,seasonal_naive,68.53927506004011,7.463763705609502,1.0,16.83861871952585,16.83861871952585,empirical,1.0
242,theta,68.6223955792642,7.469196948195179,0.46153846153846156,15.899915625528434,51.35386354918003,analytic,1.0009703461685588
242,theta,68.6223955792642,7.469196948195179,1.0,19.603538906880157,19.603538906880157,empirical,1.0009703461685588
243,naive,35.58220302818354,6.758963736863318,0.6923076923076923,14.792016789396408,40.070798077844465,analytic,1.0
243,naive,35.58220302818354,6.758963736863318,1.0,17.33015866153024,17.33015866153024,empirical,1.0
243,naive2,35.58220302818354,6.758963736863318,0.6923076923076923,14.792016789396408,40.070798077844465,analytic,1.0
243,naive2,35.58220302818354,6.758963736863318,1.0,17.33015866153024,17.33015866153024,empirical,1.0
243,seasonal_naive,35.58220302818354,6.758963736863318,0.6923076923076923,14.792016789396408,40.070798077844465,analytic,1.0
243,seasonal_naive,35.58220302818354,6.758963736863318,1.0,17.33015866153024,17.33015866153024,empirical,1.0
243,theta,34.24918946552798,6.556932954733823,0.6923076923076923,14.792016789396408,37.27527337887577,analytic,0.9663231390447128
243,theta,34.24918946552798,6.556932954733823,1.0,19.636170337007094,19.636170337007094,empirical,0.9663231390447128
244,naive,12.058018010394088,1.4109606429126567,1.0,17.150115884729168,17.150115884729168,analytic,1.0
244,naive,12.058018010394088,1.4109606429126567,1.0,6.793016853046865,6.793016853046865,empirical,1.0
244,naive2,12.058018010394088,1.4109606429126567,1.0,17.150115884729168,17.150115884729168,analytic,1.0
244,naive2,12.058018010394088,1.4109606429126567,1.0,6.793016853046865,6.793016853046865,empirical,1.0
244,seasonal_naive,12.058018010394088,1.4109606429126567,1.0,17.150115884729168,17.150115884729168,analytic,1.0
244,seasonal_naive,12.058018010394088,1.4109606429126567,1.0,6.793016853046865,6.793016853046865,empirical,1.0
244,theta,10.328295291924434,1.2232416316317898,1.0,17.150115884729168,17.150115884729168,analytic,0.8617532949811219
244,theta,10.328295291924434,1.2232416316317898,1.0,6.181303045103474,6.181303045103474,empirical,0.8617532949811219
245,naive,23.62472401817585,2.423410782060051,1.0,14.019599004372855,14.019599004372855,analytic,1.0
245,naive,23.62472401817585,2.423410782060051,1.0,9.908471807445368,9.908471807445368,empirical,1.0
245,naive2,23.62472401817585,2.423410782060051,1.0,14.019599004372855,14.019599004372855,analytic,1.0
245,naive2,23.62472401817585,2.423410782060051,1.0,9.908471807445368,9.908471807445368,empirical,1.0
245,seasonal_naive,23.62472401817585,2.423410782060051,1.0,14.019599004372855,14.019599004372855,analytic,1.0
245,seasonal_naive,23.62472401817585,2.423410782060051,1.0,9.908471807445368,9.908471807445368,empirical,1.0
245,theta,19.37682936488528,2.041992486363632,1.0,14.019599004372855,14.019599004372855,analytic,0.8314018975909228
245,theta,19.37682936488528,2.041992486363632,1.0,8.31382520380711,8.31382520380711,empirical,0.8314018975909228
246,naive,27.528730947673573,4.805591785048061,1.0,13.940864060341154,13.940864060341154,analytic,1.0
246,naive,27.528730947673573,4.805591785048061,0.8461538461538461,10.83586157079587,13.054124964030363,empirical,1.0
246,naive2,27.528730947673573,4.805591785048061,1.0,13.940864060341154,13.940864060341154,analytic,1.0
246,naive2,27.528730947673573,4.805591785048061,0.8461538461538461,10.83586157079587,13.054124964030363,empirical,1.0
246,seasonal_naive,27.528730947673573,4.805591785048061,1.0,13.940864060341154,13.940864060341154,analytic,1.0
246,seasonal_naive,27.528730947673573,4.805591785048061,0.8461538461538461,10.83586157079587,13.054124964030363,empirical,1.0
246,theta,30.60498803839548,5.25101595054723,1.0,13.940864060341154,13.940864060341154,analytic,1.102217934000631
246,theta,30.60498803839548,5.25101595054723,0.9230769230769231,12.283616167127937,13.476958929537496,empirical,1.102217934000631
247,naive,4.375167209728651,5.077690622769614,1.0,23.144898388726137,23.144898388726137,analytic,1.0
247,naive,4.375167209728651,5.077690622769614,0.9230769230769231,14.173700628451824,17.449336402795492,empirical,1.0
247,naive2,4.375167209728651,5.077690622769614,1.0,23.144898388726137,23.144898388726137,analytic,1.0
247,naive2,4.375167209728651,5.077690622769614,0.9230769230769231,14.173700628451824,17.449336402795492,empirical,1.0
247,seasonal_naive,4.375167209728651,5.077690622769614,1.0,23.144898388726137,23.144898388726137,analytic,1.0
247,seasonal_naive,4.375167209728651,5.077690622769614,0.9230769230769231,14.173700628451824,17.449336402795492,empirical,1.0
247,theta,2.4070441984169206,2.8316146586829802,1.0,23.144898388726137,23.144898388726137,analytic,0.5539092384895362
247,theta,2.4070441984169206,2.8316146586829802,0.9230769230769231,12.440092841709008,20.765602310782736,empirical,0.5539092384895362
248,naive,3.1881400461865876,11.473535490752363,0.9230769230769231,38.60851971986503,40.93021638211519,analytic,1.0
248,naive,3.1881400461865876,11.473535490752363,1.0,79.00971181760202,79.00971181760202,empirical,1.0
248,naive2,3.1881400461865876,11.473535490752363,0.9230769230769231,38.60851971986503,40.93021638211519,analytic,1.0
248,naive2,3.1881400461865876,11.473535490752363,1.0,79.00971181760202,79.00971181760202,empirical,1.0
248,seasonal_naive,3.1881400461865876,11.473535490752363,0.9230769230769231,38.60851971986503,40.93021638211519,analytic,1.0
248,seasonal_naive,3.1881400461865876,11.473535490752363,1.0,79.00971181760202,79.00971181760202,empirical,1.0
248,theta,7.636418540982312,28.67654644204806,0.23076923076923078,38.608519719865,428.9521595823784,analytic,2.4473113053933218
248,theta,7.636418540982312,28.67654644204806,0.46153846153846156,72.55550770530304,305.4607697259136,empirical,2.4473113053933218
249,naive,2.9208442425834376,3.618254108094614,0.9230769230769231,16.982970634803856,19.987421446350805,analytic,1.0
249,naive,2.9208442425834376,3.618254108094614,0.7692307692307693,10.441102935059785,29.20628649338013,empirical,1.0
249,naive2,2.9208442425834376,3.618254108094614,0.9230769230769231,16.982970634803856,19.987421446350805,analytic,1.0
249,naive2,2.9208442425834376,3.618254108094614,0.7692307692307693,10.441102935059785,29.20628649338013,empirical,1.0
249,seasonal_naive,2.9208442425834376,3.618254108094614,0.9230769230769231,16.982970634803856,19.987421446350805,analytic,1.0
249,seasonal_naive,2.9208442425834376,3.618254108094614,0.7692307692307693,10.441102935059785,29.20628649338013,empirical,1.0
249,theta,3.0198494136206784,3.735610799383765,0.8461538461538461,16.982970634803852,26.3570779274145,analytic,1.0331653493606257
249,theta,3.0198494136206784,3.735610799383765,0.7692307692307693,7.1420401552699255,12.666756181560363,empirical,1.0331653493606257
250,naive,3.978650234804441,9.537875649186242,0.46153846153846156,15.577332932653503,110.6976325278642,analytic,1.0
250,naive,3.978650234804441,9.537875649186242,0.8461538461538461,21.138890353612087,24.89429553092029,empirical,1.0
250,naive2,3.978650234804441,9.537875649186242,0.46153846153846156,15.577332932653503,110.6976325278642,analytic,1.0
250,naive2,3.978650234804441,9.537875649186242,0.8461538461538461,21.138890353612087,24.89429553092029,empirical,1.0
250,seasonal_naive,3.978650234804441,9.537875649186242,0.46153846153846156,15.577332932653503,110.6976325278642,analytic,1.0
250,seasonal_naive,3.978650234804441,9.537875649186242,0.8461538461538461,21.138890353612087,24.89429553092029,empirical,1.0
250,theta,2.9380328618237974,7.091013736749787,0.46153846153846156,15.577332932653503,50.68045201984944,analytic,0.7409540218306616
250,theta,2.9380328618237974,7.091013736749787,0.9230769230769231,28.41050142857243,31.236236203579416,empirical,0.7409540218306616
251,naive,3.147204047468462,8.367054920603806,0.6153846153846154,18.81328685679665,66.51145819355006,analytic,1.0
251,naive,3.147204047468462,8.367054920603806,0.6923076923076923,9.211205583690521,18.984492175563556,empirical,1.0
251,naive2,3.147204047468462,8.367054920603806,0.6153846153846154,18.81328685679665,66.51145819355006,analytic,1.0
251,naive2,3.147204047468462,8.367054920603806,0.6923076923076923,9.211205583690521,18.984492175563556,empirical,1.0
251,seasonal_naive,3.147204047468462,8.367054920603806,0.6153846153846154,18.81328685679665,66.51145819355006,analytic,1.0
251,seasonal_naive,3.147204047468462,8.367054920603806,0.6923076923076923,9.211205583690521,18.984492175563556,empirical,1.0
251,theta,2.193611547363384,5.867722701486105,0.8461538461538461,18.81328685679665,26.843508307880594,analytic,0.6991460881561365
251,theta,2.193611547363384,5.867722701486105,0.6153846153846154,7.117037369057763,23.831946278880284,empirical,0.6991460881561365
252,naive,2.2557611074287665,6.654545949006737,0.6923076923076923,15.589844615914311,21.276561686712757,analytic,1.0
252,naive,2.2557611074287665,6.654545949006737,0.46153846153846156,12.722180228577091,36.273233223612934,empirical,1.0
252,naive2,2.2557611074287665,6.654545949006737,0.6923076923076923,15.589844615914311,21.276561686712757,analytic,1.0
252,naive2,2.2557611074287665,6.654545949006737,0.46153846153846156,12.722180228577091,36.273233223612934,empirical,1.0
252,seasonal_naive,2.2557611074287665,6.654545949006737,0.6923076923076923,15.589844615914311,21.276561686712757,analytic,1.0
252,seasonal_naive,2.2557611074287665,6.654545949006737,0.46153846153846156,12.722180228577091,36.273233223612934,empirical,1.0
252,theta,2.228772868183746,6.575850991580946,0.6923076923076923,15.589844615914306,22.10144390051621,analytic,0.9881050584984075
252,theta,2.228772868183746,6.575850991580946,0.46153846153846156,12.337543116260768,34.06637906513288,empirical,0.9881050584984075
253,naive,1.1245494256888107,4.1664849190540805,0.9230769230769231,18.659227710211578,19.889926971566283,analytic,1.0
253,naive,1.1245494256888107,4.1664849190540805,0.9230769230769231,9.07732738988449,10.58037531546184,empirical,1.0
253,naive2,1.1245494256888107,4.1664849190540805,0.9230769230769231,18.659227710211578,19.889926971566283,analytic,1.0
253,naive2,1.1245494256888107,4.1664849190540805,0.9230769230769231,9.07732738988449,10.58037531546184,empirical,1.0
253,seasonal_naive,1.1245494256888107,4.1664849190540805,0.9230769230769231,18.659227710211578,19.889926971566283,analytic,1.0
253,seasonal_naive,1.1245494256888107,4.1664849190540805,0.9230769230769231,9.07732738988449,10.58037531546184,empirical,1.0
253,theta,1.6404662415215494,6.058833135767552,0.6923076923076923,18.659227710211578,26.542059956366284,analytic,1.4564799266038364
253,theta,1.6404662415215494,6.058833135767552,0.8461538461538461,9.113671662578362,9.75787364195145,empirical,1.4564799266038364
254,naive,2.7043521427047,3.150352342038254,1.0,12.849474486253095,12.849474486253095,analytic,1.0
254,naive,2.7043521427047,3.150352342038254,1.0,11.296500266477173,11.296500266477173,empirical,1.0
254,naive2,2.7043521427047,3.150352342038254,1.0,12.849474486253095,12.849474486253095,analytic,1.0
254,naive2,2.7043521427047,3.150352342038254,1.0,11.296500266477173,11.296500266477173,empirical,1.0
254,seasonal_naive,2.7043521427047,3.150352342038254,1.0,12.849474486253095,12.849474486253095,analytic,1.0
254,seasonal_naive,2.7043521427047,3.150352342038254,1.0,11.296500266477173,11.296500266477173,empirical,1.0
254,theta,2.9464800222154146,3.4376789784413075,1.0,12.849474486253095,12.849474486253095,analytic,1.090368638911949
254,theta,2.9464800222154146,3.4376789784413075,1.0,15.407583911890415,15.407583911890415,empirical,1.090368638911949
255,naive,12.433020371515369,2.4939778384454794,1.0,19.81696783443889,19.81696783443889,analytic,1.0
255,naive,12.433020371515369,2.4939778384454794,0.9230769230769231,3.844577675475379,5.192590213467037,empirical,1.0
255,naive2,12.433020371515369,2.4939778384454794,1.0,19.81696783443889,19.81696783443889,analytic,1.0
255,naive2,12.433020371515369,2.4939778384454794,0.9230769230769231,3.844577675475379,5.192590213467037,empirical,1.0
255,seasonal_naive,12.433020371515369,2.4939778384454794,1.0,19.81696783443889,19.81696783443889,analytic,1.0
255,seasonal_naive,12.433020371515369,2.4939778384454794,0.9230769230769231,3.844577675475379,5.192590213467037,empirical,1.0
255,theta,12.760633093956402,2.5571721085675576,1.0,19.816967834438884,19.816967834438884,analytic,1.025844478822422
255,theta,12.760633093956402,2.5571721085675576,1.0,4.113516025712396,4.113516025712396,empirical,1.025844478822422
256,naive,0.35207954949012293,0.5232861303241374,1.0,31.473524611736718,31.473524611736718,analytic,1.0
256,naive,0.35207954949012293,0.5232861303241374,1.0,10.15425526673727,10.15425526673727,empirical,1.0
256,naive2,0.35207954949012293,0.5232861303241374,1.0,31.473524611736718,31.473524611736718,analytic,1.0
256,naive2,0.35207954949012293,0.5232861303241374,1.0,10.15425526673727,10.15425526673727,empirical,1.0
256,seasonal_naive,0.35207954949012293,0.5232861303241374,1.0,31.473524611736718,31.473524611736718,analytic,1.0
256,seasonal_naive,0.35207954949012293,0.5232861303241374,1.0,10.15425526673727,10.15425526673727,empirical,1.0
256,theta,0.10138544568928433,0.15088764336560131,1.0,31.473524611736718,31.473524611736718,analytic,0.2881540513045713
256,theta,0.10138544568928433,0.15088764336560131,1.0,32.81855235902565,32.81855235902565,empirical,0.2881540513045713
257,naive,5.178939730130164,5.427813415091017,0.6153846153846154,12.962423234031846,24.583583296950227,analytic,1.0
257,naive,5.178939730130164,5.427813415091017,0.38461538461538464,9.517960222860331,46.97238930436412,empirical,1.0
257,naive2,5.178939730130164,5.427813415091017,0.6153846153846154,12.962423234031846,24.583583296950227,analytic,1.0
257,naive2,5.178939730130164,5.427813415091017,0.38461538461538464,9.517960222860331,46.97238930436412,empirical,1.0
257,seasonal_naive,5.178939730130164,5.427813415091017,0.6153846153846154,12.962423234031846,24.583583296950227,analytic,1.0
257,seasonal_naive,5.178939730130164,5.427813415091017,0.38461538461538464,9.517960222860331,46.97238930436412,empirical,1.0
257,theta,5.8183160520213235,6.125772266942008,0.5384615384615384,12.962423234031846,37.67320577790919,analytic,1.1260231575502093
257,theta,5.8183160520213235,6.125772266942008,0.6153846153846154,10.814463477609845,27.93312734141345,empirical,1.1260231575502093
258,naive,8.608917039435665,0.8250641930360971,1.0,27.158813640806883,27.158813640806883,analytic,1.0
258,naive,8.608917039435665,0.8250641930360971,1.0,42.035848118140464,42.035848118140464,empirical,1.0
258,naive2,8.608917039435665,0.8250641930360971,1.0,27.158813640806883,27.158813640806883,analytic,1.0
258,naive2,8.608917039435665,0.8250641930360971,1.0,42.035848118140464,42.035848118140464,empirical,1.0
258,seasonal_naive,8.608917039435665,0.8250641930360971,1.0,27.158813640806883,27.158813640806883,analytic,1.0
258,seasonal_naive,8.608917039435665,0.8250641930360971,1.0,42.035848118140464,42.035848118140464,empirical,1.0
258,theta,11.62779990481409,1.1424994029522986,1.0,27.158813640806883,27.158813640806883,analytic,1.3677046547399745
258,theta,11.62779990481409,1.1424994029522986,1.0,40.86802031713126,40.86802031713126,empirical,1.3677046547399745
259,naive,21.541152870465133,0.29761542132716046,1.0,15.96638520355598,15.96638520355598,analytic,1.0
259,naive,21.541152870465133,0.29761542132716046,0.9230769230769231,2.696462870007571,3.8249153892787717,empirical,1.0
259,naive2,21.541152870465133,0.29761542132716046,1.0,15.96638520355598,15.96638520355598,analytic,1.0
259,naive2,21.541152870465133,0.29761542132716046,0.9230769230769231,2.696462870007571,3.8249153892787717,empirical,1.0
259,seasonal_naive,21.541152870465133,0.29761542132716046,1.0,15.96638520355598,15.96638520355598,analytic,1.0
259,seasonal_naive,21.541152870465133,0.29761542132716046,0.9230769230769231,2.696462870007571,3.8249153892787717,empirical,1.0
259,theta,24.853934006957033,0.33375564873411145,1.0,15.96638520355598,15.96638520355598,analytic,1.1376105613468073
259,theta,24.853934006957033,0.33375564873411145,0.9230769230769231,1.5593335483758328,2.4287553775272532,empirical,1.1376105613468073
260,naive,1.0057725713657029,0.6051158814650222,1.0,20.25926077201904,20.25926077201904,analytic,1.0
260,naive,1.0057725713657029,0.6051158814650222,1.0,10.91925122937548,10.91925122937548,empirical,1.0
260,naive2,1.0057725713657029,0.6051158814650222,1.0,20.25926077201904,20.25926077201904,analytic,1.0
260,naive2,1.0057725713657029,0.6051158814650222,1.0,10.91925122937548,10.91925122937548,empirical,1.0
260,seasonal_naive,1.0057725713657029,0.6051158814650222,1.0,20.25926077201904,20.25926077201904,analytic,1.0
260,seasonal_naive,1.0057725713657029,0.6051158814650222,1.0,10.91925122937548,10.91925122937548,empirical,1.0
260,theta,1.6095135538504315,0.9729994896849719,1.0,20.259260772019044,20.259260772019044,analytic,1.6041157397168648
260,theta,1.6095135538504315,0.9729994896849719,1.0,17.67850770641589,17.67850770641589,empirical,1.6041157397168648
261,naive,0.16247992728675198,0.5823542582296458,1.0,16.535521138390376,16.535521138390376,analytic,1.0
261,naive,0.16247992728675198,0.5823542582296458,1.0,16.43523266717633,16.43523266717633,empirical,1.0
261,naive2,0.16247992728675198,0.5823542582296458,1.0,16.535521138390376,16.535521138390376,analytic,1.0
261,naive2,0.16247992728675198,0.5823542582296458,1.0,16.43523266717633,16.43523266717633,empirical,1.0
261,seasonal_naive,0.16247992728675198,0.5823542582296458,1.0,16.535521138390376,16.535521138390376,analytic,1.0
261,seasonal_naive,0.16247992728675198,0.5823542582296458,1.0,16.43523266717633,16.43523266717633,empirical,1.0
261,theta,0.6922033142038774,2.4892111846621208,1.0,16.535521138390376,16.535521138390376,analytic,4.26731616179023
261,theta,0.6922033142038774,2.4892111846621208,0.8461538461538461,21.58534417349589,23.63845318615197,empirical,4.26731616179023
262,naive,22.34704692505032,4.468709964810804,1.0,13.49768066761817,13.49768066761817,analytic,1.0
262,naive,22.34704692505032,4.468709964810804,0.5384615384615384,9.554189772658063,36.24003793793143,empirical,1.0
262,naive2,22.34704692505032,4.468709964810804,1.0,13.49768066761817,13.49768066761817,analytic,1.0
262,naive2,22.34704692505032,4.468709964810804,0.5384615384615384,9.554189772658063,36.24003793793143,empirical,1.0
262,seasonal_naive,22.34704692505032,4.468709964810804,1.0,13.49768066761817,13.49768066761817,analytic,1.0
262,seasonal_naive,22.34704692505032,4.468709964810804,0.5384615384615384,9.554189772658063,36.24003793793143,empirical,1.0
262,theta,22.396047287097446,4.479830868896245,1.0,13.49768066761817,13.49768066761817,analytic,1.0023406579349712
262,theta,22.396047287097446,4.479830868896245,0.6153846153846154,10.18779805223414,20.364117256140712,empirical,1.0023406579349712
263,naive,5.949456989046487,0.9069434758016242,1.0,14.990874582917423,14.990874582917423,analytic,1.0
263,naive,5.949456989046487,0.9069434758016242,1.0,13.41951392036537,13.41951392036537,empirical,1.0
263,naive2,5.949456989046487,0.9069434758016242,1.0,14.990874582917423,14.990874582917423,analytic,1.0
263,naive2,5.949456989046487,0.9069434758016242,1.0,13.41951392036537,13.41951392036537,empirical,1.0
263,seasonal_naive,5.949456989046487,0.9069434758016242,1.0,14.990874582917423,14.990874582917423,analytic,1.0
263,seasonal_naive,5.949456989046487,0.9069434758016242,1.0,13.41951392036537,13.41951392036537,empirical,1.0
263,theta,7.763487669251494,1.175360327366589,1.0,14.990874582917423,14.990874582917423,analytic,1.3004322866896907
263,theta,7.763487669251494,1.175360327366589,1.0,13.946481794892364,13.946481794892364,empirical,1.3004322866896907
264,naive,8.910508035602788,2.684416795031594,1.0,13.276634865547791,13.276634865547791,analytic,1.0
264,naive,8.910508035602788,2.684416795031594,0.9230769230769231,11.380247754365909,11.883547520202972,empirical,1.0
264,naive2,8.910508035602788,2.684416795031594,1.0,13.276634865547791,13.276634865547791,analytic,1.0
264,naive2,8.910508035602788,2.684416795031594,0.9230769230769231,11.380247754365909,11.883547520202972,empirical,1.0
264,seasonal_naive,8.910508035602788,2.684416795031594,1.0,13.276634865547791,13.276634865547791,analytic,1.0
264,seasonal_naive,8.910508035602788,2.684416795031594,0.9230769230769231,11.380247754365909,11.883547520202972,empirical,1.0
264,theta,10.945042287337975,3.3359713852927455,0.9230769230769231,13.276634865547791,13.71189069211115,analytic,1.2355235711555317
264,theta,10.945042287337975,3.3359713852927455,0.8461538461538461,10.8237888347954,14.42612204525425,empirical,1.2355235711555317
265,naive,7.095521317469128,2.0052283264835795,1.0,13.44414539770155,13.44414539770155,analytic,1.0
265,naive,7.095521317469128,2.0052283264835795,1.0,11.385101831729166,11.385101831729166,empirical,1.0
265,naive2,7.095521317469128,2.0052283264835795,1.0,13.44414539770155,13.44414539770155,analytic,1.0
265,naive2,7.095521317469128,2.0052283264835795,1.0,11.385101831729166,11.385101831729166,empirical,1.0
265,seasonal_naive,7.095521317469128,2.0052283264835795,1.0,13.44414539770155,13.44414539770155,analytic,1.0
265,seasonal_naive,7.095521317469128,2.0052283264835795,1.0,11.385101831729166,11.385101831729166,empirical,1.0
265,theta,10.25946740502607,2.9521373105349715,1.0,13.44414539770155,13.44414539770155,analytic,1.459063759947052
265,theta,10.25946740502607,2.9521373105349715,0.9230769230769231,11.486658773371794,12.25419307384948,empirical,1.459063759947052
266,naive,16.829954612509976,2.7144705050957194,1.0,15.203954318339923,15.203954318339923,analytic,1.0
266,naive,16.829954612509976,2.7144705050957194,0.9230769230769231,8.756064379960113,12.181910269963252,empirical,1.0
266,naive2,16.829954612509976,2.7144705050957194,1.0,15.203954318339923,15.203954318339923,analytic,1.0
266,naive2,16.829954612509976,2.7144705050957194,0.9230769230769231,8.756064379960113,12.181910269963252,empirical,1.0
266,seasonal_naive,16.829954612509976,2.7144705050957194,1.0,15.203954318339923,15.203954318339923,analytic,1.0
266,seasonal_naive,16.829954612509976,2.7144705050957194,0.9230769230769231,8.756064379960113,12.181910269963252,empirical,1.0
266,theta,18.76557697589115,2.992801484235207,1.0,15.20395431833992,15.20395431833992,analytic,1.1087732815889622
266,theta,18.76557697589115,2.992801484235207,1.0,14.204748665213469,14.204748665213469,empirical,1.1087732815889622
267,naive,5.4694396953887345,1.3002611978555407,1.0,13.379223920697523,13.379223920697523,analytic,1.0
267,naive,5.4694396953887345,1.3002611978555407,1.0,10.228962952561057,10.228962952561057,empirical,1.0
267,naive2,5.4694396953887345,1.3002611978555407,1.0,13.379223920697523,13.379223920697523,analytic,1.0
267,naive2,5.4694396953887345,1.3002611978555407,1.0,10.228962952561057,10.228962952561057,empirical,1.0
267,seasonal_naive,5.4694396953887345,1.3002611978555407,1.0,13.379223920697523,13.379223920697523,analytic,1.0
267,seasonal_naive,5.4694396953887345,1.3002611978555407,1.0,10.228962952561057,10.228962952561057,empirical,1.0
267,theta,8.153079048001068,1.9728771516462833,1.0,13.379223920697523,13.379223920697523,analytic,1.5039768483668001
267,theta,8.153079048001068,1.9728771516462833,0.9230769230769231,8.908124666526133,11.514624412882645,empirical,1.5039768483668001
268,naive,5.447439995360995,1.182312136287218,1.0,13.524714480152522,13.524714480152522,analytic,1.0
268,naive,5.447439995360995,1.182312136287218,1.0,9.80186990571531,9.80186990571531,empirical,1.0
268,naive2,5.447439995360995,1.182312136287218,1.0,13.524714480152522,13.524714480152522,analytic,1.0
268,naive2,5.447439995360995,1.182312136287218,1.0,9.80186990571531,9.80186990571531,empirical,1.0
268,seasonal_naive,5.447439995360995,1.182312136287218,1.0,13.524714480152522,13.524714480152522,analytic,1.0
268,seasonal_naive,5.447439995360995,1.182312136287218,1.0,9.80186990571531,9.80186990571531,empirical,1.0
268,theta,8.479795575416773,1.8769416569620423,1.0,13.524714480152522,13.524714480152522,analytic,1.5720874380306304
268,theta,8.479795575416773,1.8769416569620423,1.0,10.115101559204183,10.115101559204183,empirical,1.5720874380306304
269,naive,3.094243607820585,1.1596134101502855,1.0,15.369877174304667,15.369877174304667,analytic,1.0
269,naive,3.094243607820585,1.1596134101502855,1.0,19.35380269478028,19.35380269478028,empirical,1.0
269,naive2,3.094243607820585,1.1596134101502855,1.0,15.369877174304667,15.369877174304667,analytic,1.0
269,naive2,3.094243607820585,1.1596134101502855,1.0,19.35380269478028,19.35380269478028,empirical,1.0
269,seasonal_naive,3.094243607820585,1.1596134101502855,1.0,15.369877174304667,15.369877174304667,analytic,1.0
269,seasonal_naive,3.094243607820585,1.1596134101502855,1.0,19.35380269478028,19.35380269478028,empirical,1.0
269,theta,6.189846176514088,2.2749838574719257,1.0,15.369877174304667,15.369877174304667,analytic,1.9811429948016772
269,theta,6.189846176514088,2.2749838574719257,1.0,23.79198802337532,23.79198802337532,empirical,1.9811429948016772
270,naive,3.2660886387286157,1.2009184987547037,1.0,15.040140877405108,15.040140877405108,analytic,1.0
270,naive,3.2660886387286157,1.2009184987547037,1.0,16.134365499037127,16.134365499037127,empirical,1.0
270,naive2,3.2660886387286157,1.2009184987547037,1.0,15.040140877405108,15.040140877405108,analytic,1.0
270,naive2,3.2660886387286157,1.2009184987547037,1.0,16.134365499037127,16.134365499037127,empirical,1.0
270,seasonal_naive,3.2660886387286157,1.2009184987547037,1.0,15.040140877405108,15.040140877405108,analytic,1.0
270,seasonal_naive,3.2660886387286157,1.2009184987547037,1.0,16.134365499037127,16.134365499037127,empirical,1.0
270,theta,8.189627431244768,2.9232006446076637,1.0,15.040140877405113,15.040140877405113,analytic,2.4708049531987326
270,theta,8.189627431244768,2.9232006446076637,1.0,19.966361273481194,19.966361273481194,empirical,2.4708049531987326
271,naive,3.0981172328300133,4.252022327917045,1.0,16.678854875122127,16.678854875122127,analytic,1.0
271,naive,3.0981172328300133,4.252022327917045,0.6153846153846154,10.604729047835008,20.920580347577403,empirical,1.0
271,naive2,3.0981172328300133,4.252022327917045,1.0,16.678854875122127,16.678854875122127,analytic,1.0
271,naive2,3.0981172328300133,4.252022327917045,0.6153846153846154,10.604729047835008,20.920580347577403,empirical,1.0
271,seasonal_naive,3.0981172328300133,4.252022327917045,1.0,16.678854875122127,16.678854875122127,analytic,1.0
271,seasonal_naive,3.0981172328300133,4.252022327917045,0.6153846153846154,10.604729047835008,20.920580347577403,empirical,1.0
271,theta,3.134858518396301,4.303592461634377,1.0,16.67885487512213,16.67885487512213,analytic,1.0119938040786605
271,theta,3.134858518396301,4.303592461634377,0.9230769230769231,13.568222044331836,15.991605789328384,empirical,1.0119938040786605
272,naive,3.599512782030191,7.781480424069245,0.6153846153846154,16.440484306010926,62.886621637360975,analytic,1.0
272,naive,3.599512782030191,7.781480424069245,0.5384615384615384,13.470499792165462,47.45360731334596,empirical,1.0
272,naive2,3.599512782030191,7.781480424069245,0.6153846153846154,16.440484306010926,62.886621637360975,analytic,1.0
272,naive2,3.599512782030191,7.781480424069245,0.5384615384615384,13.470499792165462,47.45360731334596,empirical,1.0
272,seasonal_naive,3.599512782030191,7.781480424069245,0.6153846153846154,16.440484306010926,62.886621637360975,analytic,1.0
272,seasonal_naive,3.599512782030191,7.781480424069245,0.5384615384615384,13.470499792165462,47.45360731334596,empirical,1.0
272,theta,4.998437366881541,10.72101078047594,0.15384615384615385,16.44048430601092,146.65138378665017,analytic,1.3832012718589304
272,theta,4.998437366881541,10.72101078047594,0.9230769230769231,21.388017318763975,22.552250629586887,empirical,1.3832012718589304
273,naive,15.351600668331761,5.657132023636083,0.9230769230769231,13.341316379504775,16.854941013692255,analytic,1.0
273,naive,15.351600668331761,5.657132023636083,0.8461538461538461,13.515445381000024,19.841364042079395,empirical,1.0
273,naive2,15.351600668331761,5.657132023636083,0.9230769230769231,13.341316379504775,16.854941013692255,analytic,1.0
273,naive2,15.351600668331761,5.657132023636083,0.8461538461538461,13.515445381000024,19.841364042079395,empirical,1.0
273,seasonal_naive,15.351600668331761,5.657132023636083,0.9230769230769231,13.341316379504775,16.854941013692255,analytic,1.0
273,seasonal_naive,15.351600668331761,5.657132023636083,0.8461538461538461,13.515445381000024,19.841364042079395,empirical,1.0
273,theta,15.930748090933172,5.890526016248764,0.9230769230769231,13.341316379504775,18.20562080301162,analytic,1.0394910663456751
273,theta,15.930748090933172,5.890526016248764,0.9230769230769231,14.895010310521346,15.15064067011715,empirical,1.0394910663456751
274,naive,10.172269844086825,2.84514498047918,1.0,13.930846610569043,13.930846610569043,analytic,1.0
274,naive,10.172269844086825,2.84514498047918,1.0,10.472024664354318,10.472024664354318,empirical,1.0
274,naive2,10.172269844086825,2.84514498047918,1.0,13.930846610569043,13.930846610569043,analytic,1.0
274,naive2,10.172269844086825,2.84514498047918,1.0,10.472024664354318,10.472024664354318,empirical,1.0
274,seasonal_naive,10.172269844086825,2.84514498047918,1.0,13.930846610569043,13.930846610569043,analytic,1.0
274,seasonal_naive,10.172269844086825,2.84514498047918,1.0,10.472024664354318,10.472024664354318,empirical,1.0
274,theta,13.791858247753622,3.9413334847621915,0.9230769230769231,13.930846610569043,14.178384755482247,analytic,1.3705564312748404
274,theta,13.791858247753622,3.9413334847621915,1.0,10.855457734382638,10.855457734382638,empirical,1.3705564312748404
275,naive,3.076112340169467,1.7365312061182268,1.0,13.33666200036448,13.33666200036448,analytic,1.0
275,naive,3.076112340169467,1.7365312061182268,1.0,9.55369446599206,9.55369446599206,empirical,1.0
275,naive2,3.076112340169467,1.7365312061182268,1.0,13.33666200036448,13.33666200036448,analytic,1.0
275,naive2,3.076112340169467,1.7365312061182268,1.0,9.55369446599206,9.55369446599206,empirical,1.0
275,seasonal_naive,3.076112340169467,1.7365312061182268,1.0,13.33666200036448,13.33666200036448,analytic,1.0
275,seasonal_naive,3.076112340169467,1.7365312061182268,1.0,9.55369446599206,9.55369446599206,empirical,1.0
275,theta,3.241149191430411,1.8277123328706353,1.0,13.336662000364482,13.336662000364482,analytic,1.0530793683267565
275,theta,3.241149191430411,1.8277123328706353,1.0,11.553121577725536,11.553121577725536,empirical,1.0530793683267565
276,naive,3.6769559291106093,2.3233094489348582,1.0,53.89397995350595,53.89397995350595,analytic,1.0
276,naive,3.6769559291106093,2.3233094489348582,0.6923076923076923,6.505507651314802,11.324494937763793,empirical,1.0
276,naive2,3.6769559291106093,2.3233094489348582,1.0,53.89397995350595,53.89397995350595,analytic,1.0
276,naive2,3.6769559291106093,2.3233094489348582,0.6923076923076923,6.505507651314802,11.324494937763793,empirical,1.0
276,seasonal_naive,3.6769559291106093,2.3233094489348582,1.0,53.89397995350595,53.89397995350595,analytic,1.0
276,seasonal_naive,3.6769559291106093,2.3233094489348582,0.6923076923076923,6.505507651314802,11.324494937763793,empirical,1.0
276,theta,1.5972295074871752,1.0207508103124272,1.0,53.89397995350595,53.89397995350595,analytic,0.43687057443003346
276,theta,1.5972295074871752,1.0207508103124272,1.0,5.681917295617006,5.681917295617006,empirical,0.43687057443003346
277,naive,5.406958358148381,1.2672539320716105,1.0,13.373872502853027,13.373872502853027,analytic,1.0
277,naive,5.406958358148381,1.2672539320716105,1.0,10.234291406354885,10.234291406354885,empirical,1.0
277,naive2,5.406958358148381,1.2672539320716105,1.0,13.373872502853027,13.373872502853027,analytic,1.0
277,naive2,5.406958358148381,1.2672539320716105,1.0,10.234291406354885,10.234291406354885,empirical,1.0
277,seasonal_naive,5.406958358148381,1.2672539320716105,1.0,13.373872502853027,13.373872502853027,analytic,1.0
277,seasonal_naive,5.406958358148381,1.2672539320716105,1.0,10.234291406354885,10.234291406354885,empirical,1.0
277,theta,8.002409982476319,1.9083431665255643,1.0,13.373872502853024,13.373872502853024,analytic,1.4929545884013042
277,theta,8.002409982476319,1.9083431665255643,0.9230769230769231,8.903574282117344,11.49062667885942,empirical,1.4929545884013042
278,naive,5.698390524063461,1.1906950932964662,1.0,15.051522467698652,15.051522467698652,analytic,1.0
278,naive,5.698390524063461,1.1906950932964662,1.0,9.585641082328554,9.585641082328554,empirical,1.0
278,naive2,5.698390524063461,1.1906950932964662,1.0,15.051522467698652,15.051522467698652,analytic,1.0
278,naive2,5.698390524063461,1.1906950932964662,1.0,9.585641082328554,9.585641082328554,empirical,1.0
278,seasonal_naive,5.698390524063461,1.1906950932964662,1.0,15.051522467698652,15.051522467698652,analytic,1.0
278,seasonal_naive,5.698390524063461,1.1906950932964662,1.0,9.585641082328554,9.585641082328554,empirical,1.0
278,theta,9.0367991320093,1.9293497991825406,1.0,15.051522467698652,15.051522467698652,analytic,1.6031035134989235
278,theta,9.0367991320093,1.9293497991825406,1.0,9.644469658867012,9.644469658867012,empirical,1.6031035134989235
279,naive,1.3347576857628654,1.9623240646355267,1.0,14.112053044461819,14.112053044461819,analytic,1.0
279,naive,1.3347576857628654,1.9623240646355267,0.9230769230769231,5.5789627444302825,6.192183288188661,empirical,1.0
279,naive2,1.3347576857628654,1.9623240646355267,1.0,14.112053044461819,14.112053044461819,analytic,1.0
279,naive2,1.3347576857628654,1.9623240646355267,0.9230769230769231,5.5789627444302825,6.192183288188661,empirical,1.0
279,seasonal_naive,1.3347576857628654,1.9623240646355267,1.0,14.112053044461819,14.112053044461819,analytic,1.0
279,seasonal_naive,1.3347576857628654,1.9623240646355267,0.9230769230769231,5.5789627444302825,6.192183288188661,empirical,1.0
279,theta,1.4011709786803574,2.059154319857641,1.0,14.112053044461819,14.112053044461819,analytic,1.0495507486879005
279,theta,1.4011709786803574,2.059154319857641,1.0,7.686854436773756,7.686854436773756,empirical,1.0495507486879005
280,naive,5.035992451470102,1.7672697587335955,1.0,13.587818065305681,13.587818065305681,analytic,1.0
280,naive,5.035992451470102,1.7672697587335955,0.8461538461538461,7.016170483686345,7.785882188523205,empirical,1.0
280,naive2,5.035992451470102,1.7672697587335955,1.0,13.587818065305681,13.587818065305681,analytic,1.0
280,naive2,5.035992451470102,1.7672697587335955,0.8461538461538461,7.016170483686345,7.785882188523205,empirical,1.0
280,seasonal_naive,5.035992451470102,1.7672697587335955,1.0,13.587818065305681,13.587818065305681,analytic,1.0
280,seasonal_naive,5.035992451470102,1.7672697587335955,0.8461538461538461,7.016170483686345,7.785882188523205,empirical,1.0
280,theta,5.95940854346394,2.0766093059352477,1.0,13.587818065305683,13.587818065305683,analytic,1.1792006916286726
280,theta,5.95940854346394,2.0766093059352477,0.9230769230769231,7.346312805773216,9.402298970887257,empirical,1.1792006916286726
281,naive,1.1418518066312404,0.47039846772777366,1.0,15.878228754364716,15.878228754364716,analytic,1.0
281,naive,1.1418518066312404,0.47039846772777366,1.0,11.019808122362036,11.019808122362036,empirical,1.0
281,naive2,1.1418518066312404,0.47039846772777366,1.0,15.878228754364716,15.878228754364716,analytic,1.0
281,naive2,1.1418518066312404,0.47039846772777366,1.0,11.019808122362036,11.019808122362036,empirical,1.0
281,seasonal_naive,1.1418518066312404,0.47039846772777366,1.0,15.878228754364716,15.878228754364716,analytic,1.0
281,seasonal_naive,1.1418518066312404,0.47039846772777366,1.0,11.019808122362036,11.019808122362036,empirical,1.0
281,theta,1.0328994610487565,0.4255454446133858,1.0,15.878228754364716,15.878228754364716,analytic,0.9046158184856523
281,theta,1.0328994610487565,0.4255454446133858,1.0,17.151366320863826,17.151366320863826,empirical,0.9046158184856523
282,naive,3.657222504937977,0.4246212308569449,1.0,15.780995032829525,15.780995032829525,analytic,1.0
282,naive,3.657222504937977,0.4246212308569449,1.0,24.088199155844485,24.088199155844485,empirical,1.0
282,naive2,3.657222504937977,0.4246212308569449,1.0,15.780995032829525,15.780995032829525,analytic,1.0
282,naive2,3.657222504937977,0.4246212308569449,1.0,24.088199155844485,24.088199155844485,empirical,1.0
282,seasonal_naive,3.657222504937977,0.4246212308569449,1.0,15.780995032829525,15.780995032829525,analytic,1.0
282,seasonal_naive,3.657222504937977,0.4246212308569449,1.0,24.088199155844485,24.088199155844485,empirical,1.0
282,theta,2.620489562913632,0.3016300969081563,1.0,15.780995032829525,15.780995032829525,analytic,0.7134377325111128
282,theta,2.620489562913632,0.3016300969081563,1.0,36.20434819185425,36.20434819185425,empirical,0.7134377325111128
283,naive,4.15002869504126,1.3006221800571447,1.0,33.57998890383317,33.57998890383317,analytic,1.0
283,naive,4.15002869504126,1.3006221800571447,1.0,15.399355032874052,15.399355032874052,empirical,1.0
283,naive2,4.15002869504126,1.3006221800571447,1.0,33.57998890383317,33.57998890383317,analytic,1.0
283,naive2,4.15002869504126,1.3006221800571447,1.0,15.399355032874052,15.399355032874052,empirical,1.0
283,seasonal_naive,4.15002869504126,1.3006221800571447,1.0,33.57998890383317,33.57998890383317,analytic,1.0
283,seasonal_naive,4.15002869504126,1.3006221800571447,1.0,15.399355032874052,15.399355032874052,empirical,1.0
283,theta,4.823907237295065,1.5128279129749522,1.0,33.57998890383317,33.57998890383317,analytic,1.162768170518698
283,theta,4.823907237295065,1.5128279129749522,1.0,38.94702198719796,38.94702198719796,empirical,1.162768170518698
284,naive,1.9559906178650646,0.6767832096200481,1.0,51.28460142738852,51.28460142738852,analytic,1.0
284,naive,1.9559906178650646,0.6767832096200481,1.0,40.511904797464695,40.511904797464695,empirical,1.0
284,naive2,1.9559906178650646,0.6767832096200481,1.0,51.28460142738852,51.28460142738852,analytic,1.0
284,naive2,1.9559906178650646,0.6767832096200481,1.0,40.511904797464695,40.511904797464695,empirical,1.0
284,seasonal_naive,1.9559906178650646,0.6767832096200481,1.0,51.28460142738852,51.28460142738852,analytic,1.0
284,seasonal_naive,1.9559906178650646,0.6767832096200481,1.0,40.511904797464695,40.511904797464695,empirical,1.0
284,theta,7.022351475081487,2.5054722762187995,1.0,51.28460142738852,51.28460142738852,analytic,3.6461036228083996
284,theta,7.022351475081487,2.5054722762187995,1.0,64.8540673021177,64.8540673021177,empirical,3.6461036228083996
285,naive,1.85069689649182,2.0748099318083466,1.0,24.06797814638078,24.06797814638078,analytic,1.0
285,naive,1.85069689649182,2.0748099318083466,1.0,32.09576382536525,32.09576382536525,empirical,1.0
285,naive2,1.85069689649182,2.0748099318083466,1.0,24.06797814638078,24.06797814638078,analytic,1.0
285,naive2,1.85069689649182,2.0748099318083466,1.0,32.09576382536525,32.09576382536525,empirical,1.0
285,seasonal_naive,1.85069689649182,2.0748099318083466,1.0,24.06797814638078,24.06797814638078,analytic,1.0
285,seasonal_naive,1.85069689649182,2.0748099318083466,1.0,32.09576382536525,32.09576382536525,empirical,1.0
285,theta,1.5354562174207287,1.718949606247924,1.0,24.06797814638078,24.06797814638078,analytic,0.829074568023993
285,theta,1.5354562174207287,1.718949606247924,1.0,33.64102991168618,33.64102991168618,empirical,0.829074568023993
286,naive,4.4991489715004205,4.424705528365402,1.0,30.74205457353595,30.74205457353595,analytic,1.0
286,naive,4.4991489715004205,4.424705528365402,0.9230769230769231,21.61758009077477,27.011017557194204,empirical,1.0
286,naive2,4.4991489715004205,4.424705528365402,1.0,30.74205457353595,30.74205457353595,analytic,1.0
286,naive2,4.4991489715004205,4.424705528365402,0.9230769230769231,21.61758009077477,27.011017557194204,empirical,1.0
286,seasonal_naive,4.4991489715004205,4.424705528365402,1.0,30.74205457353595,30.74205457353595,analytic,1.0
286,seasonal_naive,4.4991489715004205,4.424705528365402,0.9230769230769231,21.61758009077477,27.011017557194204,empirical,1.0
286,theta,3.9179391888952586,3.8675475500632013,1.0,30.74205457353595,30.74205457353595,analytic,0.8724490263946121
286,theta,3.9179391888952586,3.8675475500632013,1.0,27.618639766272665,27.618639766272665,empirical,0.8724490263946121
287,naive,0.7469215759388341,1.9147016229969815,1.0,48.23245284345194,48.23245284345194,analytic,1.0
287,naive,0.7469215759388341,1.9147016229969815,0.8461538461538461,21.276843926479305,33.81030898318967,empirical,1.0
287,naive2,0.7469215759388341,1.9147016229969815,1.0,48.23245284345194,48.23245284345194,analytic,1.0
287,naive2,0.7469215759388341,1.9147016229969815,0.8461538461538461,21.276843926479305,33.81030898318967,empirical,1.0
287,seasonal_naive,0.7469215759388341,1.9147016229969815,1.0,48.23245284345194,48.23245284345194,analytic,1.0
287,seasonal_naive,0.7469215759388341,1.9147016229969815,0.8461538461538461,21.276843926479305,33.81030898318967,empirical,1.0
287,theta,0.6381460682012388,1.6354417667167134,1.0,48.23245284345194,48.23245284345194,analytic,0.8542589541902517
287,theta,0.6381460682012388,1.6354417667167134,1.0,24.039321639649945,24.039321639649945,empirical,0.8542589541902517
288,naive,1.1418483024403894,1.3930974300798464,1.0,40.04265215702853,40.04265215702853,analytic,1.0
288,naive,1.1418483024403894,1.3930974300798464,1.0,9.626350626118068,9.626350626118068,empirical,1.0
288,naive2,1.1418483024403894,1.3930974300798464,1.0,40.04265215702853,40.04265215702853,analytic,1.0
288,naive2,1.1418483024403894,1.3930974300798464,1.0,9.626350626118068,9.626350626118068,empirical,1.0
288,seasonal_naive,1.1418483024403894,1.3930974300798464,1.0,40.04265215702853,40.04265215702853,analytic,1.0
288,seasonal_naive,1.1418483024403894,1.3930974300798464,1.0,9.626350626118068,9.626350626118068,empirical,1.0
288,theta,1.180749742838167,1.4406068261409857,1.0,40.04265215702853,40.04265215702853,analytic,1.034086130395057
288,theta,1.180749742838167,1.4406068261409857,1.0,9.07480509426208,9.07480509426208,empirical,1.034086130395057
289,naive,4.636280277120483,2.723877558288954,0.9230769230769231,14.497036960789863,19.374064981367756,analytic,1.0
289,naive,4.636280277120483,2.723877558288954,0.8461538461538461,10.690187099377141,11.994577514957673,empirical,1.0
289,naive2,4.636280277120483,2.723877558288954,0.9230769230769231,14.497036960789863,19.374064981367756,analytic,1.0
289,naive2,4.636280277120483,2.723877558288954,0.8461538461538461,10.690187099377141,11.994577514957673,empirical,1.0
289,seasonal_naive,4.636280277120483,2.723877558288954,0.9230769230769231,14.497036960789863,19.374064981367756,analytic,1.0
289,seasonal_naive,4.636280277120483,2.723877558288954,0.8461538461538461,10.690187099377141,11.994577514957673,empirical,1.0
289,theta,5.438089183534124,3.1769833336402433,0.9230769230769231,14.497036960789863,15.592279614100734,analytic,1.1696440763912315
289,theta,5.438089183534124,3.1769833336402433,0.8461538461538461,12.757410567120418,17.160248088009446,empirical,1.1696440763912315
290,naive,6.072874637616461,2.9301425021498946,1.0,14.826586541563001,14.826586541563001,analytic,1.0
290,naive,6.072874637616461,2.9301425021498946,0.23076923076923078,9.443846499122548,46.94177882471847,empirical,1.0
290,naive2,6.072874637616461,2.9301425021498946,1.0,14.826586541563001,14.826586541563001,analytic,1.0
290,naive2,6.072874637616461,2.9301425021498946,0.23076923076923078,9.443846499122548,46.94177882471847,empirical,1.0
290,seasonal_naive,6.072874637616461,2.9301425021498946,1.0,14.826586541563001,14.826586541563001,analytic,1.0
290,seasonal_naive,6.072874637616461,2.9301425021498946,0.23076923076923078,9.443846499122548,46.94177882471847,empirical,1.0
290,theta,12.818683677237441,6.447370969022732,0.6153846153846154,14.826586541562998,35.06144084162583,analytic,2.1555853770021964
290,theta,12.818683677237441,6.447370969022732,0.07692307692307693,10.579768151703927,89.99420020055427,empirical,2.1555853770021964
291,naive,6.187176946257581,3.9271358025763687,1.0,14.339993915805522,14.339993915805522,analytic,1.0
291,naive,6.187176946257581,3.9271358025763687,0.0,9.766175235561635,138.93833877116077,empirical,1.0
291,naive2,6.187176946257581,3.9271358025763687,1.0,14.339993915805522,14.339993915805522,analytic,1.0
291,naive2,6.187176946257581,3.9271358025763687,0.0,9.766175235561635,138.93833877116077,empirical,1.0
291,seasonal_naive,6.187176946257581,3.9271358025763687,1.0,14.339993915805522,14.339993915805522,analytic,1.0
291,seasonal_naive,6.187176946257581,3.9271358025763687,0.0,9.766175235561635,138.93833877116077,empirical,1.0
291,theta,10.691774281966932,6.968546109482886,0.5384615384615384,14.33999391580552,46.21235271583118,analytic,1.7512569624213752
291,theta,10.691774281966932,6.968546109482886,0.0,11.62041206259193,158.12739444816276,empirical,1.7512569624213752
292,naive,16.574009220595038,0.7611160273333305,1.0,20.996958005940044,20.996958005940044,analytic,1.0
292,naive,16.574009220595038,0.7611160273333305,0.8461538461538461,3.928953936779963,13.832688921963955,empirical,1.0
292,naive2,16.574009220595038,0.7611160273333305,1.0,20.996958005940044,20.996958005940044,analytic,1.0
292,naive2,16.574009220595038,0.7611160273333305,0.8461538461538461,3.928953936779963,13.832688921963955,empirical,1.0
292,seasonal_naive,16.574009220595038,0.7611160273333305,1.0,20.996958005940044,20.996958005940044,analytic,1.0
292,seasonal_naive,16.574009220595038,0.7611160273333305,0.8461538461538461,3.928953936779963,13.832688921963955,empirical,1.0
292,theta,17.650432941412976,0.8013169790116638,1.0,20.99695800594004,20.99695800594004,analytic,1.058882458630818
292,theta,17.650432941412976,0.8013169790116638,0.7692307692307693,3.4330691929084027,14.738588742475523,empirical,1.058882458630818
293,naive,17.99845640036491,1.9877605743202416,1.0,13.762526562279874,13.762526562279874,analytic,1.0
293,naive,17.99845640036491,1.9877605743202416,0.9230769230769231,9.95758100408041,13.353600431226058,empirical,1.0
293,naive2,17.99845640036491,1.9877605743202416,1.0,13.762526562279874,13.762526562279874,analytic,1.0
293,naive2,17.99845640036491,1.9877605743202416,0.9230769230769231,9.95758100408041,13.353600431226058,empirical,1.0
293,seasonal_naive,17.99845640036491,1.9877605743202416,1.0,13.762526562279874,13.762526562279874,analytic,1.0
293,seasonal_naive,17.99845640036491,1.9877605743202416,0.9230769230769231,9.95758100408041,13.353600431226058,empirical,1.0
293,theta,18.311388037873083,2.026828945647182,1.0,13.762526562279874,13.762526562279874,analytic,1.0185205236578687
293,theta,18.311388037873083,2.026828945647182,0.8461538461538461,9.236417014004449,12.193205135695665,empirical,1.0185205236578687
294,naive,6.752377790564005,0.43728424856966186,1.0,15.603756331518872,15.603756331518872,analytic,1.0
294,naive,6.752377790564005,0.43728424856966186,1.0,7.045160249455467,7.045160249455467,empirical,1.0
294,naive2,6.752377790564005,0.43728424856966186,1.0,15.603756331518872,15.603756331518872,analytic,1.0
294,naive2,6.752377790564005,0.43728424856966186,1.0,7.045160249455467,7.045160249455467,empirical,1.0
294,seasonal_naive,6.752377790564005,0.43728424856966186,1.0,15.603756331518872,15.603756331518872,analytic,1.0
294,seasonal_naive,6.752377790564005,0.43728424856966186,1.0,7.045160249455467,7.045160249455467,empirical,1.0
294,theta,21.22504029106949,1.2663450538635677,1.0,15.603756331518872,15.603756331518872,analytic,3.0196371101723596
294,theta,21.22504029106949,1.2663450538635677,1.0,11.091513031880108,11.091513031880108,empirical,3.0196371101723596
295,naive,23.0002312115289,1.6908547977653425,1.0,12.310430150307416,12.310430150307416,analytic,1.0
295,naive,23.0002312115289,1.6908547977653425,0.9230769230769231,5.297690751581424,8.534194880381909,empirical,1.0
295,naive2,23.0002312115289,1.6908547977653425,1.0,12.310430150307416,12.310430150307416,analytic,1.0
295,naive2,23.0002312115289,1.6908547977653425,0.9230769230769231,5.297690751581424,8.534194880381909,empirical,1.0
295,seasonal_naive,23.0002312115289,1.6908547977653425,1.0,12.310430150307416,12.310430150307416,analytic,1.0
295,seasonal_naive,23.0002312115289,1.6908547977653425,0.9230769230769231,5.297690751581424,8.534194880381909,empirical,1.0
295,theta,12.10411656923894,0.8046475777082275,1.0,12.310430150307418,12.310430150307418,analytic,0.5010713872622503
295,theta,12.10411656923894,0.8046475777082275,0.9230769230769231,4.6264438063207605,6.157332001505343,empirical,0.5010713872622503
296,naive,19.34534065473225,1.2070535492864831,1.0,11.938655595403084,11.938655595403084,analytic,1.0
296,naive,19.34534065473225,1.2070535492864831,1.0,6.4454868840584965,6.4454868840584965,empirical,1.0
296,naive2,19.34534065473225,1.2070535492864831,1.0,11.938655595403084,11.938655595403084,analytic,1.0
296,naive2,19.34534065473225,1.2070535492864831,1.0,6.4454868840584965,6.4454868840584965,empirical,1.0
296,seasonal_naive,19.34534065473225,1.2070535492864831,1.0,11.938655595403084,11.938655595403084,analytic,1.0
296,seasonal_naive,19.34534065473225,1.2070535492864831,1.0,6.4454868840584965,6.4454868840584965,empirical,1.0
296,theta,10.779242396426229,0.6210147497604391,1.0,11.938655595403084,11.938655595403084,analytic,0.5358445562389607
296,theta,10.779242396426229,0.6210147497604391,0.9230769230769231,5.653461837596639,7.578128199719775,empirical,0.5358445562389607
297,naive,17.00808777808251,1.0621461871461872,1.0,12.455739141559144,12.455739141559144,analytic,1.0
297,naive,17.00808777808251,1.0621461871461872,0.8461538461538461,5.783808920181549,8.633026361112295,empirical,1.0
297,naive2,17.00808777808251,1.0621461871461872,1.0,12.455739141559144,12.455739141559144,analytic,1.0
297,naive2,17.00808777808251,1.0621461871461872,0.8461538461538461,5.783808920181549,8.633026361112295,empirical,1.0
297,seasonal_naive,17.00808777808251,1.0621461871461872,1.0,12.455739141559144,12.455739141559144,analytic,1.0
297,seasonal_naive,17.00808777808251,1.0621461871461872,0.8461538461538461,5.783808920181549,8.633026361112295,empirical,1.0
297,theta,15.71860810664174,0.936957009611166,1.0,12.455739141559143,12.455739141559143,analytic,0.9031599834578861
297,theta,15.71860810664174,0.936957009611166,0.9230769230769231,6.777252233516916,7.751033692526644,empirical,0.9031599834578861
298,naive,22.124609667722343,1.7180910752845149,1.0,12.13015034288349,12.13015034288349,analytic,1.0
298,naive,22.124609667722343,1.7180910752845149,0.6923076923076923,5.529034298273744,9.223368299161042,empirical,1.0
298,naive2,22.124609667722343,1.7180910752845149,1.0,12.13015034288349,12.13015034288349,analytic,1.0
298,naive2,22.124609667722343,1.7180910752845149,0.6923076923076923,5.529034298273744,9.223368299161042,empirical,1.0
298,seasonal_naive,22.124609667722343,1.7180910752845149,1.0,12.13015034288349,12.13015034288349,analytic,1.0
298,seasonal_naive,22.124609667722343,1.7180910752845149,0.6923076923076923,5.529034298273744,9.223368299161042,empirical,1.0
298,theta,11.079157736684683,0.7803236173990983,1.0,12.13015034288349,12.13015034288349,analytic,0.47747115803362694
298,theta,11.079157736684683,0.7803236173990983,0.8461538461538461,5.091387960071891,11.803382518144918,empirical,0.47747115803362694
299,naive,16.70557413891198,1.2025464602264677,1.0,13.27754818897091,13.27754818897091,analytic,1.0
299,naive,16.70557413891198,1.2025464602264677,1.0,6.585684371013257,6.585684371013257,empirical,1.0
299,naive2,16.70557413891198,1.2025464602264677,1.0,13.27754818897091,13.27754818897091,analytic,1.0
299,naive2,16.70557413891198,1.2025464602264677,1.0,6.585684371013257,6.585684371013257,empirical,1.0
299,seasonal_naive,16.70557413891198,1.2025464602264677,1.0,13.27754818897091,13.27754818897091,analytic,1.0
299,seasonal_naive,16.70557413891198,1.2025464602264677,1.0,6.585684371013257,6.585684371013257,empirical,1.0
299,theta,13.009845669032142,0.8941487582697597,1.0,13.27754818897091,13.27754818897091,analytic,0.7611594292303392
299,theta,13.009845669032142,0.8941487582697597,0.8461538461538461,6.807625260614151,10.688567457638838,empirical,0.7611594292303392
300,naive,11.364907104878126,0.9110794794329536,1.0,13.49807436387993,13.49807436387993,analytic,1.0
300,naive,11.364907104878126,0.9110794794329536,1.0,6.8286563043273265,6.8286563043273265,empirical,1.0
300,naive2,11.364907104878126,0.9110794794329536,1.0,13.49807436387993,13.49807436387993,analytic,1.0
300,naive2,11.364907104878126,0.9110794794329536,1.0,6.8286563043273265,6.8286563043273265,empirical,1.0
300,seasonal_naive,11.364907104878126,0.9110794794329536,1.0,13.49807436387993,13.49807436387993,analytic,1.0
300,seasonal_naive,11.364907104878126,0.9110794794329536,1.0,6.8286563043273265,6.8286563043273265,empirical,1.0
300,theta,15.244227703915165,1.1949767192092289,0.9230769230769231,13.498074363879933,14.59693853657288,analytic,1.3264736958722843
300,theta,15.244227703915165,1.1949767192092289,0.9230769230769231,8.026237768986682,11.930961107846493,empirical,1.3264736958722843
301,naive,11.303631463480192,0.9071536917734873,1.0,11.943750635592572,11.943750635592572,analytic,1.0
301,naive,11.303631463480192,0.9071536917734873,0.9230769230769231,6.97127082266991,8.97188015995322,empirical,1.0
301,naive2,11.303631463480192,0.9071536917734873,1.0,11.943750635592572,11.943750635592572,analytic,1.0
301,naive2,11.303631463480192,0.9071536917734873,0.9230769230769231,6.97127082266991,8.97188015995322,empirical,1.0
301,seasonal_naive,11.303631463480192,0.9071536917734873,1.0,11.943750635592572,11.943750635592572,analytic,1.0
301,seasonal_naive,11.303631463480192,0.9071536917734873,0.9230769230769231,6.97127082266991,8.97188015995322,empirical,1.0
301,theta,12.98028783142336,1.023167187805519,1.0,11.943750635592572,11.943750635592572,analytic,1.138108183642602
301,theta,12.98028783142336,1.023167187805519,0.9230769230769231,6.266033476378787,10.049104335363737,empirical,1.138108183642602
302,naive,19.355829589243314,1.2410571430940005,1.0,12.128139564948379,12.128139564948379,analytic,1.0
302,naive,19.355829589243314,1.2410571430940005,1.0,5.782720801196238,5.782720801196238,empirical,1.0
302,naive2,19.355829589243314,1.2410571430940005,1.0,12.128139564948379,12.128139564948379,analytic,1.0
302,naive2,19.355829589243314,1.2410571430940005,1.0,5.782720801196238,5.782720801196238,empirical,1.0
302,seasonal_naive,19.355829589243314,1.2410571430940005,1.0,12.128139564948379,12.128139564948379,analytic,1.0
302,seasonal_naive,19.355829589243314,1.2410571430940005,1.0,5.782720801196238,5.782720801196238,empirical,1.0
302,theta,11.34367504705374,0.6711198960540263,1.0,12.128139564948379,12.128139564948379,analytic,0.5634122878790133
302,theta,11.34367504705374,0.6711198960540263,1.0,6.0755763561700995,6.0755763561700995,empirical,0.5634122878790133
303,naive,24.2088180026122,1.7139485081315553,1.0,12.228342103608632,12.228342103608632,analytic,1.0
303,naive,24.2088180026122,1.7139485081315553,0.7692307692307693,5.9133532221456395,8.443985076753073,empirical,1.0
303,naive2,24.2088180026122,1.7139485081315553,1.0,12.228342103608632,12.228342103608632,analytic,1.0
303,naive2,24.2088180026122,1.7139485081315553,0.7692307692307693,5.9133532221456395,8.443985076753073,empirical,1.0
303,seasonal_naive,24.2088180026122,1.7139485081315553,1.0,12.228342103608632,12.228342103608632,analytic,1.0
303,seasonal_naive,24.2088180026122,1.7139485081315553,0.7692307692307693,5.9133532221456395,8.443985076753073,empirical,1.0
303,theta,12.430746725780091,0.7848749681746838,1.0,12.228342103608632,12.228342103608632,analytic,0.4857069633535942
303,theta,12.430746725780091,0.7848749681746838,0.9230769230769231,5.984312256550388,7.6735378054201835,empirical,0.4857069633535942
304,naive,18.782967056459057,1.265553903478915,1.0,12.441403983232918,12.441403983232918,analytic,1.0
304,naive,18.782967056459057,1.265553903478915,0.9230769230769231,6.390440491757082,7.20272025052085,empirical,1.0
304,naive2,18.782967056459057,1.265553903478915,1.0,12.441403983232918,12.441403983232918,analytic,1.0
304,naive2,18.782967056459057,1.265553903478915,0.9230769230769231,6.390440491757082,7.20272025052085,empirical,1.0
304,seasonal_naive,18.782967056459057,1.265553903478915,1.0,12.441403983232918,12.441403983232918,analytic,1.0
304,seasonal_naive,18.782967056459057,1.265553903478915,0.9230769230769231,6.390440491757082,7.20272025052085,empirical,1.0
304,theta,10.759715181385765,0.6805763135122047,1.0,12.441403983232918,12.441403983232918,analytic,0.5553068977771494
304,theta,10.759715181385765,0.6805763135122047,0.9230769230769231,7.645669588260208,8.850723661805308,empirical,0.5553068977771494
305,naive,20.78899677006674,1.3686098901098902,1.0,12.774041360889662,12.774041360889662,analytic,1.0
305,naive,20.78899677006674,1.3686098901098902,1.0,6.60986157381261,6.60986157381261,empirical,1.0
305,naive2,20.78899677006674,1.3686098901098902,1.0,12.774041360889662,12.774041360889662,analytic,1.0
305,naive2,20.78899677006674,1.3686098901098902,1.0,6.60986157381261,6.60986157381261,empirical,1.0
305,seasonal_naive,20.78899677006674,1.3686098901098902,1.0,12.774041360889662,12.774041360889662,analytic,1.0
305,seasonal_naive,20.78899677006674,1.3686098901098902,1.0,6.60986157381261,6.60986157381261,empirical,1.0
305,theta,14.061950329337918,0.861927345187342,1.0,12.774041360889662,12.774041360889662,analytic,0.653098101449866
305,theta,14.061950329337918,0.861927345187342,1.0,6.818107557173376,6.818107557173376,empirical,0.653098101449866
306,naive,22.36294365792119,1.5927963640091582,1.0,12.130385376297427,12.130385376297427,analytic,1.0
306,naive,22.36294365792119,1.5927963640091582,0.6923076923076923,5.333468557851719,15.07260193007845,empirical,1.0
306,naive2,22.36294365792119,1.5927963640091582,1.0,12.130385376297427,12.130385376297427,analytic,1.0
306,naive2,22.36294365792119,1.5927963640091582,0.6923076923076923,5.333468557851719,15.07260193007845,empirical,1.0
306,seasonal_naive,22.36294365792119,1.5927963640091582,1.0,12.130385376297427,12.130385376297427,analytic,1.0
306,seasonal_naive,22.36294365792119,1.5927963640091582,0.6923076923076923,5.333468557851719,15.07260193007845,empirical,1.0
306,theta,10.633757692512091,0.69089396695429,1.0,12.130385376297427,12.130385376297427,analytic,0.45463480065096185
306,theta,10.633757692512091,0.69089396695429,0.9230769230769231,5.657731747570064,6.572217144067835,empirical,0.45463480065096185
307,naive,15.475667778836117,1.00406127352009,1.0,12.22710854169187,12.22710854169187,analytic,1.0
307,naive,15.475667778836117,1.00406127352009,1.0,5.911279861504243,5.911279861504243,empirical,1.0
307,naive2,15.475667778836117,1.00406127352009,1.0,12.22710854169187,12.22710854169187,analytic,1.0
307,naive2,15.475667778836117,1.00406127352009,1.0,5.911279861504243,5.911279861504243,empirical,1.0
307,seasonal_naive,15.475667778836117,1.00406127352009,1.0,12.22710854169187,12.22710854169187,analytic,1.0
307,seasonal_naive,15.475667778836117,1.00406127352009,1.0,5.911279861504243,5.911279861504243,empirical,1.0
307,theta,11.234483084877992,0.6977108564975283,1.0,12.22710854169187,12.22710854169187,analytic,0.7104168435433285
307,theta,11.234483084877992,0.6977108564975283,0.9230769230769231,5.479059409082285,5.480256567522359,empirical,0.7104168435433285
308,naive,9.7405716582632,0.8510091455370078,1.0,12.868749584306771,12.868749584306771,analytic,1.0
308,naive,9.7405716582632,0.8510091455370078,1.0,6.975104926376756,6.975104926376756,empirical,1.0
308,naive2,9.7405716582632,0.8510091455370078,1.0,12.868749584306771,12.868749584306771,analytic,1.0
308,naive2,9.7405716582632,0.8510091455370078,1.0,6.975104926376756,6.975104926376756,empirical,1.0
308,seasonal_naive,9.7405716582632,0.8510091455370078,1.0,12.868749584306771,12.868749584306771,analytic,1.0
308,seasonal_naive,9.7405716582632,0.8510091455370078,1.0,6.975104926376756,6.975104926376756,empirical,1.0
308,theta,20.58635171815203,1.6871361108547953,1.0,12.868749584306771,12.868749584306771,analytic,2.0479883718091347
308,theta,20.58635171815203,1.6871361108547953,0.9230769230769231,8.64714034033323,12.317618844858657,empirical,2.0479883718091347
309,naive,9.08693804654104,0.6755707682488024,1.0,12.650245332887943,12.650245332887943,analytic,1.0
309,naive,9.08693804654104,0.6755707682488024,0.9230769230769231,4.885260817109294,7.00650673309322,empirical,1.0
309,naive2,9.08693804654104,0.6755707682488024,1.0,12.650245332887943,12.650245332887943,analytic,1.0
309,naive2,9.08693804654104,0.6755707682488024,0.9230769230769231,4.885260817109294,7.00650673309322,empirical,1.0
309,seasonal_naive,9.08693804654104,0.6755707682488024,1.0,12.650245332887943,12.650245332887943,analytic,1.0
309,seasonal_naive,9.08693804654104,0.6755707682488024,0.9230769230769231,4.885260817109294,7.00650673309322,empirical,1.0
309,theta,21.55503504820026,1.5056155505629758,1.0,12.650245332887943,12.650245332887943,analytic,2.300373531156855
309,theta,21.55503504820026,1.5056155505629758,0.7692307692307693,4.861672468376176,16.290088701881466,empirical,2.300373531156855
310,naive,12.2863830943083,0.9710358066164062,1.0,12.229139169440735,12.229139169440735,analytic,1.0
310,naive,12.2863830943083,0.9710358066164062,1.0,5.8763438706170685,5.8763438706170685,empirical,1.0
310,naive2,12.2863830943083,0.9710358066164062,1.0,12.229139169440735,12.229139169440735,analytic,1.0
310,naive2,12.2863830943083,0.9710358066164062,1.0,5.8763438706170685,5.8763438706170685,empirical,1.0
310,seasonal_naive,12.2863830943083,0.9710358066164062,1.0,12.229139169440735,12.229139169440735,analytic,1.0
310,seasonal_naive,12.2863830943083,0.9710358066164062,1.0,5.8763438706170685,5.8763438706170685,empirical,1.0
310,theta,14.391835377172136,1.0854666960192834,1.0,12.229139169440735,12.229139169440735,analytic,1.1446044222226766
310,theta,14.391835377172136,1.0854666960192834,0.8461538461538461,6.561673182202255,12.326080396195747,empirical,1.1446044222226766
311,naive,9.080621007028505,0.9213427616410551,1.0,12.780738107165154,12.780738107165154,analytic,1.0
311,naive,9.080621007028505,0.9213427616410551,1.0,5.8863415738629445,5.8863415738629445,empirical,1.0
311,naive2,9.080621007028505,0.9213427616410551,1.0,12.780738107165154,12.780738107165154,analytic,1.0
311,naive2,9.080621007028505,0.9213427616410551,1.0,5.8863415738629445,5.8863415738629445,empirical,1.0
311,seasonal_naive,9.080621007028505,0.9213427616410551,1.0,12.780738107165154,12.780738107165154,analytic,1.0
311,seasonal_naive,9.080621007028505,0.9213427616410551,1.0,5.8863415738629445,5.8863415738629445,empirical,1.0
311,theta,17.742944624957058,1.6942946449133107,0.9230769230769231,12.780738107165154,13.500127865266851,analytic,1.896437896515436
311,theta,17.742944624957058,1.6942946449133107,0.8461538461538461,8.146564610535384,17.84920550848293,empirical,1.896437896515436
312,naive,6.755235797181439,0.48543620024008044,1.0,16.367400191332177,16.367400191332177,analytic,1.0
312,naive,6.755235797181439,0.48543620024008044,1.0,10.588719027437183,10.588719027437183,empirical,1.0
312,naive2,6.755235797181439,0.48543620024008044,1.0,16.367400191332177,16.367400191332177,analytic,1.0
312,naive2,6.755235797181439,0.48543620024008044,1.0,10.588719027437183,10.588719027437183,empirical,1.0
312,seasonal_naive,6.755235797181439,0.48543620024008044,1.0,16.367400191332177,16.367400191332177,analytic,1.0
312,seasonal_naive,6.755235797181439,0.48543620024008044,1.0,10.588719027437183,10.588719027437183,empirical,1.0
312,theta,18.741743568108518,1.2564150217846923,1.0,16.367400191332177,16.367400191332177,analytic,2.6813106056339833
312,theta,18.741743568108518,1.2564150217846923,1.0,9.890267125589531,9.890267125589531,empirical,2.6813106056339833
313,naive,8.090176766924866,0.7434502862353505,1.0,13.178203093293655,13.178203093293655,analytic,1.0
313,naive,8.090176766924866,0.7434502862353505,1.0,8.17794192903304,8.17794192903304,empirical,1.0
313,naive2,8.090176766924866,0.7434502862353505,1.0,13.178203093293655,13.178203093293655,analytic,1.0
313,naive2,8.090176766924866,0.7434502862353505,1.0,8.17794192903304,8.17794192903304,empirical,1.0
313,seasonal_naive,8.090176766924866,0.7434502862353505,1.0,13.178203093293655,13.178203093293655,analytic,1.0
313,seasonal_naive,8.090176766924866,0.7434502862353505,1.0,8.17794192903304,8.17794192903304,empirical,1.0
313,theta,17.946611506503256,1.5431465161694835,1.0,13.178203093293657,13.178203093293657,analytic,2.1469882967108918
313,theta,17.946611506503256,1.5431465161694835,0.9230769230769231,8.961823239103671,10.43626001888995,empirical,2.1469882967108918
314,naive,13.598451989513311,1.1338706339644797,1.0,13.724963131806456,13.724963131806456,analytic,1.0
314,naive,13.598451989513311,1.1338706339644797,1.0,7.402768909170803,7.402768909170803,empirical,1.0
314,naive2,13.598451989513311,1.1338706339644797,1.0,13.724963131806456,13.724963131806456,analytic,1.0
314,naive2,13.598451989513311,1.1338706339644797,1.0,7.402768909170803,7.402768909170803,empirical,1.0
314,seasonal_naive,13.598451989513311,1.1338706339644797,1.0,13.724963131806456,13.724963131806456,analytic,1.0
314,seasonal_naive,13.598451989513311,1.1338706339644797,1.0,7.402768909170803,7.402768909170803,empirical,1.0
314,theta,8.054669346445076,0.6333306850964175,1.0,13.724963131806456,13.724963131806456,analytic,0.5754394535544212
314,theta,8.054669346445076,0.6333306850964175,1.0,8.801985766033114,8.801985766033114,empirical,0.5754394535544212
315,naive,7.294868852895683,0.575123124024648,1.0,12.79713961948712,12.79713961948712,analytic,1.0
315,naive,7.294868852895683,0.575123124024648,1.0,7.218100366256053,7.218100366256053,empirical,1.0
315,naive2,7.294868852895683,0.575123124024648,1.0,12.79713961948712,12.79713961948712,analytic,1.0
315,naive2,7.294868852895683,0.575123124024648,1.0,7.218100366256053,7.218100366256053,empirical,1.0
315,seasonal_naive,7.294868852895683,0.575123124024648,1.0,12.79713961948712,12.79713961948712,analytic,1.0
315,seasonal_naive,7.294868852895683,0.575123124024648,1.0,7.218100366256053,7.218100366256053,empirical,1.0
315,theta,14.979942029217822,1.138362618747121,1.0,12.797139619487123,12.797139619487123,analytic,2.0164137441326333
315,theta,14.979942029217822,1.138362618747121,1.0,8.025885096785249,8.025885096785249,empirical,2.0164137441326333
316,naive,8.681772015414055,0.48136314198727737,1.0,12.885724388201433,12.885724388201433,analytic,1.0
316,naive,8.681772015414055,0.48136314198727737,1.0,6.566244025130086,6.566244025130086,empirical,1.0
316,naive2,8.681772015414055,0.48136314198727737,1.0,12.885724388201433,12.885724388201433,analytic,1.0
316,naive2,8.681772015414055,0.48136314198727737,1.0,6.566244025130086,6.566244025130086,empirical,1.0
316,seasonal_naive,8.681772015414055,0.48136314198727737,1.0,12.885724388201433,12.885724388201433,analytic,1.0
316,seasonal_naive,8.681772015414055,0.48136314198727737,1.0,6.566244025130086,6.566244025130086,empirical,1.0
316,theta,14.096062936382395,0.765289858586935,1.0,12.885724388201433,12.885724388201433,analytic,1.6067389206942921
316,theta,14.096062936382395,0.765289858586935,0.9230769230769231,7.220823359969703,9.301111363086289,empirical,1.6067389206942921
317,naive,6.732053332636618,0.5021398364101395,1.0,14.319907156497985,14.319907156497985,analytic,1.0
317,naive,6.732053332636618,0.5021398364101395,1.0,7.096817530833366,7.096817530833366,empirical,1.0
317,naive2,6.732053332636618,0.5021398364101395,1.0,14.319907156497985,14.319907156497985,analytic,1.0
317,naive2,6.732053332636618,0.5021398364101395,1.0,7.096817530833366,7.096817530833366,empirical,1.0
317,seasonal_naive,6.732053332636618,0.5021398364101395,1.0,14.319907156497985,14.319907156497985,analytic,1.0
317,seasonal_naive,6.732053332636618,0.5021398364101395,1.0,7.096817530833366,7.096817530833366,empirical,1.0
317,theta,18.005137285607148,1.2571442935752986,1.0,14.319907156497983,14.319907156497983,analytic,2.589056413231458
317,theta,18.005137285607148,1.2571442935752986,1.0,9.634955604791644,9.634955604791644,empirical,2.589056413231458
318,naive,9.98459262198222,0.9034702619895316,1.0,13.068346227244152,13.068346227244152,analytic,1.0
318,naive,9.98459262198222,0.9034702619895316,0.9230769230769231,5.282331275184177,8.163916466435237,empirical,1.0
318,naive2,9.98459262198222,0.9034702619895316,1.0,13.068346227244152,13.068346227244152,analytic,1.0
318,naive2,9.98459262198222,0.9034702619895316,0.9230769230769231,5.282331275184177,8.163916466435237,empirical,1.0
318,seasonal_naive,9.98459262198222,0.9034702619895316,1.0,13.068346227244152,13.068346227244152,analytic,1.0
318,seasonal_naive,9.98459262198222,0.9034702619895316,0.9230769230769231,5.282331275184177,8.163916466435237,empirical,1.0
318,theta,19.737997241896014,1.6846152166766155,1.0,13.068346227244158,13.068346227244158,analytic,1.9207252894268194
318,theta,19.737997241896014,1.6846152166766155,0.6923076923076923,6.5337482513378,20.902114303073017,empirical,1.9207252894268194
319,naive,15.003462523308356,1.324065103662081,1.0,13.904196235392833,13.904196235392833,analytic,1.0
319,naive,15.003462523308356,1.324065103662081,0.9230769230769231,9.033934313162865,10.427506302415683,empirical,1.0
319,naive2,15.003462523308356,1.324065103662081,1.0,13.904196235392833,13.904196235392833,analytic,1.0
319,naive2,15.003462523308356,1.324065103662081,0.9230769230769231,9.033934313162865,10.427506302415683,empirical,1.0
319,seasonal_naive,15.003462523308356,1.324065103662081,1.0,13.904196235392833,13.904196235392833,analytic,1.0
319,seasonal_naive,15.003462523308356,1.324065103662081,0.9230769230769231,9.033934313162865,10.427506302415683,empirical,1.0
319,theta,32.11689723466286,2.556805039065783,0.9230769230769231,13.904196235392833,14.271592351587099,analytic,2.0358295140252403
319,theta,32.11689723466286,2.556805039065783,0.7692307692307693,7.679522205208559,22.254172513201183,empirical,2.0358295140252403
320,naive,10.158198443248914,0.8190569426289831,1.0,13.218691804228953,13.218691804228953,analytic,1.0
320,naive,10.158198443248914,0.8190569426289831,0.9230769230769231,6.518405176799585,8.602136136359114,empirical,1.0
320,naive2,10.158198443248914,0.8190569426289831,1.0,13.218691804228953,13.218691804228953,analytic,1.0
320,naive2,10.158198443248914,0.8190569426289831,0.9230769230769231,6.518405176799585,8.602136136359114,empirical,1.0
320,seasonal_naive,10.158198443248914,0.8190569426289831,1.0,13.218691804228953,13.218691804228953,analytic,1.0
320,seasonal_naive,10.158198443248914,0.8190569426289831,0.9230769230769231,6.518405176799585,8.602136136359114,empirical,1.0
320,theta,11.331352396751264,0.9033623047271193,1.0,13.218691804228953,13.218691804228953,analytic,1.1092090903514196
320,theta,11.331352396751264,0.9033623047271193,1.0,8.115631913037115,8.115631913037115,empirical,1.1092090903514196
321,naive,9.307749409992589,0.8515956507130462,1.0,12.72718111419623,12.72718111419623,analytic,1.0
321,naive,9.307749409992589,0.8515956507130462,1.0,8.119758704315588,8.119758704315588,empirical,1.0
321,naive2,9.307749409992589,0.8515956507130462,1.0,12.72718111419623,12.72718111419623,analytic,1.0
321,naive2,9.307749409992589,0.8515956507130462,1.0,8.119758704315588,8.119758704315588,empirical,1.0
321,seasonal_naive,9.307749409992589,0.8515956507130462,1.0,12.72718111419623,12.72718111419623,analytic,1.0
321,seasonal_naive,9.307749409992589,0.8515956507130462,1.0,8.119758704315588,8.119758704315588,empirical,1.0
321,theta,18.826250223113508,1.6073810971045606,1.0,12.72718111419623,12.72718111419623,analytic,1.9550679440001448
321,theta,18.826250223113508,1.6073810971045606,0.8461538461538461,8.573371645476412,12.427153425570728,empirical,1.9550679440001448
322,naive,19.947398476986702,1.5439674648458666,1.0,12.831358393902565,12.831358393902565,analytic,1.0
322,naive,19.947398476986702,1.5439674648458666,0.8461538461538461,6.281518801315915,10.480205364910105,empirical,1.0
322,naive2,19.947398476986702,1.5439674648458666,1.0,12.831358393902565,12.831358393902565,analytic,1.0
322,naive2,19.947398476986702,1.5439674648458666,0.8461538461538461,6.281518801315915,10.480205364910105,empirical,1.0
322,seasonal_naive,19.947398476986702,1.5439674648458666,1.0,12.831358393902565,12.831358393902565,analytic,1.0
322,seasonal_naive,19.947398476986702,1.5439674648458666,0.8461538461538461,6.281518801315915,10.480205364910105,empirical,1.0
322,theta,33.688763700748176,2.421143078897192,1.0,12.831358393902565,12.831358393902565,analytic,1.6285054804464747
322,theta,33.688763700748176,2.421143078897192,0.7692307692307693,7.5539137846178885,17.76961991317668,empirical,1.6285054804464747
323,naive,14.581367274060849,1.3282007838464331,1.0,12.296196640748864,12.296196640748864,analytic,1.0
323,naive,14.581367274060849,1.3282007838464331,0.7692307692307693,4.408938368956004,8.546223629235243,empirical,1.0
323,naive2,14.581367274060849,1.3282007838464331,1.0,12.296196640748864,12.296196640748864,analytic,1.0
323,naive2,14.581367274060849,1.3282007838464331,0.7692307692307693,4.408938368956004,8.546223629235243,empirical,1.0
323,seasonal_naive,14.581367274060849,1.3282007838464331,1.0,12.296196640748864,12.296196640748864,analytic,1.0
323,seasonal_naive,14.581367274060849,1.3282007838464331,0.7692307692307693,4.408938368956004,8.546223629235243,empirical,1.0
323,theta,25.90000475606558,2.213513769722961,0.9230769230769231,12.296196640748864,12.77884716971377,analytic,1.721395179004765
323,theta,25.90000475606558,2.213513769722961,0.6153846153846154,5.647941090237974,19.44134873769417,empirical,1.721395179004765
324,naive,11.94977792631627,0.8238605148766782,1.0,12.250432843700244,12.250432843700244,analytic,1.0
324,naive,11.94977792631627,0.8238605148766782,1.0,5.327166832097614,5.327166832097614,empirical,1.0
324,naive2,11.94977792631627,0.8238605148766782,1.0,12.250432843700244,12.250432843700244,analytic,1.0
324,naive2,11.94977792631627,0.8238605148766782,1.0,5.327166832097614,5.327166832097614,empirical,1.0
324,seasonal_naive,11.94977792631627,0.8238605148766782,1.0,12.250432843700244,12.250432843700244,analytic,1.0
324,seasonal_naive,11.94977792631627,0.8238605148766782,1.0,5.327166832097614,5.327166832097614,empirical,1.0
324,theta,9.492035992094783,0.6458973257636108,1.0,12.250432843700244,12.250432843700244,analytic,0.7891580433583725
324,theta,9.492035992094783,0.6458973257636108,1.0,7.208456470103979,7.208456470103979,empirical,0.7891580433583725
325,naive,10.687941565348957,0.9347030774711573,1.0,12.8815652841473,12.8815652841473,analytic,1.0
325,naive,10.687941565348957,0.9347030774711573,1.0,6.547538370612256,6.547538370612256,empirical,1.0
325,naive2,10.687941565348957,0.9347030774711573,1.0,12.8815652841473,12.8815652841473,analytic,1.0
325,naive2,10.687941565348957,0.9347030774711573,1.0,6.547538370612256,6.547538370612256,empirical,1.0
325,seasonal_naive,10.687941565348957,0.9347030774711573,1.0,12.8815652841473,12.8815652841473,analytic,1.0
325,seasonal_naive,10.687941565348957,0.9347030774711573,1.0,6.547538370612256,6.547538370612256,empirical,1.0
325,theta,19.08968417855807,1.6071124310405953,1.0,12.881565284147301,12.881565284147301,analytic,1.7527391622627158
325,theta,19.08968417855807,1.6071124310405953,0.9230769230769231,7.921915913956699,8.344748446651911,empirical,1.7527391622627158
326,naive,12.442620690416465,1.0260953064596676,1.0,12.552902378450945,12.552902378450945,analytic,1.0
326,naive,12.442620690416465,1.0260953064596676,0.9230769230769231,6.460209149795334,10.598782601539872,empirical,1.0
326,naive2,12.442620690416465,1.0260953064596676,1.0,12.552902378450945,12.552902378450945,analytic,1.0
326,naive2,12.442620690416465,1.0260953064596676,0.9230769230769231,6.460209149795334,10.598782601539872,empirical,1.0
326,seasonal_naive,12.442620690416465,1.0260953064596676,1.0,12.552902378450945,12.552902378450945,analytic,1.0
326,seasonal_naive,12.442620690416465,1.0260953064596676,0.9230769230769231,6.460209149795334,10.598782601539872,empirical,1.0
326,theta,18.836351266610677,1.5053745372213807,1.0,12.552902378450945,12.552902378450945,analytic,1.4904737962434549
326,theta,18.836351266610677,1.5053745372213807,0.9230769230769231,6.882974030984739,7.122170919437568,empirical,1.4904737962434549
327,naive,10.981787959353959,0.6705927220572718,1.0,11.66635196021546,11.66635196021546,analytic,1.0
327,naive,10.981787959353959,0.6705927220572718,1.0,5.44799357186527,5.44799357186527,empirical,1.0
327,naive2,10.981787959353959,0.6705927220572718,1.0,11.66635196021546,11.66635196021546,analytic,1.0
327,naive2,10.981787959353959,0.6705927220572718,1.0,5.44799357186527,5.44799357186527,empirical,1.0
327,seasonal_naive,10.981787959353959,0.6705927220572718,1.0,11.66635196021546,11.66635196021546,analytic,1.0
327,seasonal_naive,10.981787959353959,0.6705927220572718,1.0,5.44799357186527,5.44799357186527,empirical,1.0
327,theta,17.528269612847712,1.0470685982956145,1.0,11.666351960215458,11.666351960215458,analytic,1.5787646484008127
327,theta,17.528269612847712,1.0470685982956145,0.7692307692307693,4.690447974969652,10.511957105779656,empirical,1.5787646484008127
328,naive,9.21653191429109,0.7781743954778604,1.0,12.520383155528487,12.520383155528487,analytic,1.0
328,naive,9.21653191429109,0.7781743954778604,1.0,6.6602035906507195,6.6602035906507195,empirical,1.0
328,naive2,9.21653191429109,0.7781743954778604,1.0,12.520383155528487,12.520383155528487,analytic,1.0
328,naive2,9.21653191429109,0.7781743954778604,1.0,6.6602035906507195,6.6602035906507195,empirical,1.0
328,seasonal_naive,9.21653191429109,0.7781743954778604,1.0,12.520383155528487,12.520383155528487,analytic,1.0
328,seasonal_naive,9.21653191429109,0.7781743954778604,1.0,6.6602035906507195,6.6602035906507195,empirical,1.0
328,theta,20.99088728481951,1.6695512305019555,0.9230769230769231,12.520383155528485,13.532067833934267,analytic,2.2114987010623826
328,theta,20.99088728481951,1.6695512305019555,0.6923076923076923,7.094289060427948,16.23056682969301,empirical,2.2114987010623826
329,naive,11.95676768506168,0.9353889495578718,1.0,11.659890018754682,11.659890018754682,analytic,1.0
329,naive,11.95676768506168,0.9353889495578718,1.0,5.354591390002518,5.354591390002518,empirical,1.0
329,naive2,11.95676768506168,0.9353889495578718,1.0,11.659890018754682,11.659890018754682,analytic,1.0
329,naive2,11.95676768506168,0.9353889495578718,1.0,5.354591390002518,5.354591390002518,empirical,1.0
329,seasonal_naive,11.95676768506168,0.9353889495578718,1.0,11.659890018754682,11.659890018754682,analytic,1.0
329,seasonal_naive,11.95676768506168,0.9353889495578718,1.0,5.354591390002518,5.354591390002518,empirical,1.0
329,theta,15.836763984802316,1.2156724857697094,1.0,11.659890018754682,11.659890018754682,analytic,1.3120729729266407
329,theta,15.836763984802316,1.2156724857697094,0.8461538461538461,5.501807877974787,10.247989953604488,empirical,1.3120729729266407
330,naive,9.369265332237868,0.7217790289558351,1.0,12.013943211515965,12.013943211515965,analytic,1.0
330,naive,9.369265332237868,0.7217790289558351,1.0,5.8552765191900695,5.8552765191900695,empirical,1.0
330,naive2,9.369265332237868,0.7217790289558351,1.0,12.013943211515965,12.013943211515965,analytic,1.0
330,naive2,9.369265332237868,0.7217790289558351,1.0,5.8552765191900695,5.8552765191900695,empirical,1.0
330,seasonal_naive,9.369265332237868,0.7217790289558351,1.0,12.013943211515965,12.013943211515965,analytic,1.0
330,seasonal_naive,9.369265332237868,0.7217790289558351,1.0,5.8552765191900695,5.8552765191900695,empirical,1.0
330,theta,17.787799955182052,1.324423117005565,1.0,12.013943211515963,12.013943211515963,analytic,1.8667346467355856
330,theta,17.787799955182052,1.324423117005565,0.7692307692307693,5.908939050538977,15.293103401344824,empirical,1.8667346467355856
331,naive,10.012595879966383,0.8607949839105618,1.0,12.272812600072845,12.272812600072845,analytic,1.0
331,naive,10.012595879966383,0.8607949839105618,0.9230769230769231,6.656822233209763,7.129471013218638,empirical,1.0
331,naive2,10.012595879966383,0.8607949839105618,1.0,12.272812600072845,12.272812600072845,analytic,1.0
331,naive2,10.012595879966383,0.8607949839105618,0.9230769230769231,6.656822233209763,7.129471013218638,empirical,1.0
331,seasonal_naive,10.012595879966383,0.8607949839105618,1.0,12.272812600072845,12.272812600072845,analytic,1.0
331,seasonal_naive,10.012595879966383,0.8607949839105618,0.9230769230769231,6.656822233209763,7.129471013218638,empirical,1.0
331,theta,16.625007360266498,1.3607544204863324,1.0,12.272812600072841,12.272812600072841,analytic,1.6206102922875902
331,theta,16.625007360266498,1.3607544204863324,0.8461538461538461,8.238136428481292,9.416441324709309,empirical,1.6206102922875902
332,naive,9.375284747798265,0.841169183577159,1.0,11.943240579274745,11.943240579274745,analytic,1.0
332,naive,9.375284747798265,0.841169183577159,0.9230769230769231,5.363799811190067,5.846697754190471,empirical,1.0
332,naive2,9.375284747798265,0.841169183577159,1.0,11.943240579274745,11.943240579274745,analytic,1.0
332,naive2,9.375284747798265,0.841169183577159,0.9230769230769231,5.363799811190067,5.846697754190471,empirical,1.0
332,seasonal_naive,9.375284747798265,0.841169183577159,1.0,11.943240579274745,11.943240579274745,analytic,1.0
332,seasonal_naive,9.375284747798265,0.841169183577159,0.9230769230769231,5.363799811190067,5.846697754190471,empirical,1.0
332,theta,25.507519480092988,2.082349322751905,1.0,11.943240579274747,11.943240579274747,analytic,2.5981305302093247
332,theta,25.507519480092988,2.082349322751905,0.6923076923076923,6.685567171506959,24.414046745270383,empirical,2.5981305302093247
333,naive,7.132142315627924,0.541642245338037,1.0,12.328117970786593,12.328117970786593,analytic,1.0
333,naive,7.132142315627924,0.541642245338037,1.0,6.430022499108565,6.430022499108565,empirical,1.0
333,naive2,7.132142315627924,0.541642245338037,1.0,12.328117970786593,12.328117970786593,analytic,1.0
333,naive2,7.132142315627924,0.541642245338037,1.0,6.430022499108565,6.430022499108565,empirical,1.0
333,seasonal_naive,7.132142315627924,0.541642245338037,1.0,12.328117970786593,12.328117970786593,analytic,1.0
333,seasonal_naive,7.132142315627924,0.541642245338037,1.0,6.430022499108565,6.430022499108565,empirical,1.0
333,theta,22.838409119368624,1.6070814473212638,1.0,12.328117970786593,12.328117970786593,analytic,3.0846170784445786
333,theta,22.838409119368624,1.6070814473212638,0.8461538461538461,6.960158026960741,10.229388722519523,empirical,3.0846170784445786
334,naive,10.722348823015402,0.9888466340151734,1.0,12.43201992465718,12.43201992465718,analytic,1.0
334,naive,10.722348823015402,0.9888466340151734,0.9230769230769231,5.776061018403485,7.612522907080684,empirical,1.0
334,naive2,10.722348823015402,0.9888466340151734,1.0,12.43201992465718,12.43201992465718,analytic,1.0
334,naive2,10.722348823015402,0.9888466340151734,0.9230769230769231,5.776061018403485,7.612522907080684,empirical,1.0
334,seasonal_naive,10.722348823015402,0.9888466340151734,1.0,12.43201992465718,12.43201992465718,analytic,1.0
334,seasonal_naive,10.722348823015402,0.9888466340151734,0.9230769230769231,5.776061018403485,7.612522907080684,empirical,1.0
334,theta,23.612406721773876,2.0135968395301034,0.9230769230769231,12.43201992465718,12.689659447230175,analytic,2.1192379525846814
334,theta,23.612406721773876,2.0135968395301034,0.6923076923076923,7.208947961946849,14.368734747295603,empirical,2.1192379525846814
335,naive,15.856957985114542,1.052253239750367,1.0,12.016837401975046,12.016837401975046,analytic,1.0
335,naive,15.856957985114542,1.052253239750367,1.0,6.123677474492876,6.123677474492876,empirical,1.0
335,naive2,15.856957985114542,1.052253239750367,1.0,12.016837401975046,12.016837401975046,analytic,1.0
335,naive2,15.856957985114542,1.052253239750367,1.0,6.123677474492876,6.123677474492876,empirical,1.0
335,seasonal_naive,15.856957985114542,1.052253239750367,1.0,12.016837401975046,12.016837401975046,analytic,1.0
335,seasonal_naive,15.856957985114542,1.052253239750367,1.0,6.123677474492876,6.123677474492876,empirical,1.0
335,theta,25.05251703962012,1.5690151690453853,1.0,12.016837401975046,12.016837401975046,analytic,1.5355036133348428
335,theta,25.05251703962012,1.5690151690453853,0.6153846153846154,5.265219342691309,22.986035552188692,empirical,1.5355036133348428
336,naive,17.29433508253426,1.8616753333445524,1.0,12.70827856225409,12.70827856225409,analytic,1.0
336,naive,17.29433508253426,1.8616753333445524,0.8461538461538461,9.042808038323992,16.510145561253086,empirical,1.0
336,naive2,17.29433508253426,1.8616753333445524,1.0,12.70827856225409,12.70827856225409,analytic,1.0
336,naive2,17.29433508253426,1.8616753333445524,0.8461538461538461,9.042808038323992,16.510145561253086,empirical,1.0
336,seasonal_naive,17.29433508253426,1.8616753333445524,1.0,12.70827856225409,12.70827856225409,analytic,1.0
336,seasonal_naive,17.29433508253426,1.8616753333445524,0.8461538461538461,9.042808038323992,16.510145561253086,empirical,1.0
336,theta,21.71163237303438,2.2743291689196488,0.9230769230769231,12.708278562254089,13.203863329194506,analytic,1.2385379956345761
336,theta,21.71163237303438,2.2743291689196488,0.6923076923076923,7.636269866110834,27.35535671788057,empirical,1.2385379956345761
337,naive,19.73676510623317,1.8417490330898152,0.9230769230769231,12.532541258404594,13.414173247425161,analytic,1.0
337,naive,19.73676510623317,1.8417490330898152,0.7692307692307693,6.598902896297876,14.592625534082009,empirical,1.0
337,naive2,19.73676510623317,1.8417490330898152,0.9230769230769231,12.532541258404594,13.414173247425161,analytic,1.0
337,naive2,19.73676510623317,1.8417490330898152,0.7692307692307693,6.598902896297876,14.592625534082009,empirical,1.0
337,seasonal_naive,19.73676510623317,1.8417490330898152,0.9230769230769231,12.532541258404594,13.414173247425161,analytic,1.0
337,seasonal_naive,19.73676510623317,1.8417490330898152,0.7692307692307693,6.598902896297876,14.592625534082009,empirical,1.0
337,theta,28.13090926796541,2.4996325914083024,0.9230769230769231,12.532541258404594,15.399112597109093,analytic,1.3912554147147032
337,theta,28.13090926796541,2.4996325914083024,0.6153846153846154,6.808157386783072,36.1982481896228,empirical,1.3912554147147032
338,naive,20.20904870557626,1.6463522640323414,1.0,12.894127900079718,12.894127900079718,analytic,1.0
338,naive,20.20904870557626,1.6463522640323414,0.9230769230769231,6.680777391776153,7.773437980214153,empirical,1.0
338,naive2,20.20904870557626,1.6463522640323414,1.0,12.894127900079718,12.894127900079718,analytic,1.0
338,naive2,20.20904870557626,1.6463522640323414,0.9230769230769231,6.680777391776153,7.773437980214153,empirical,1.0
338,seasonal_naive,20.20904870557626,1.6463522640323414,1.0,12.894127900079718,12.894127900079718,analytic,1.0
338,seasonal_naive,20.20904870557626,1.6463522640323414,0.9230769230769231,6.680777391776153,7.773437980214153,empirical,1.0
338,theta,10.56216619600643,0.7810434865972672,1.0,12.894127900079718,12.894127900079718,analytic,0.4985269398142955
338,theta,10.56216619600643,0.7810434865972672,0.9230769230769231,7.4857983183160055,7.811065397762988,empirical,0.4985269398142955
339,naive,7.795461603190533,0.7963527358058607,1.0,13.341596737448388,13.341596737448388,analytic,1.0
339,naive,7.795461603190533,0.7963527358058607,1.0,7.263177205853638,7.263177205853638,empirical,1.0
339,naive2,7.795461603190533,0.7963527358058607,1.0,13.341596737448388,13.341596737448388,analytic,1.0
339,naive2,7.795461603190533,0.7963527358058607,1.0,7.263177205853638,7.263177205853638,empirical,1.0
339,seasonal_naive,7.795461603190533,0.7963527358058607,1.0,13.341596737448388,13.341596737448388,analytic,1.0
339,seasonal_naive,7.795461603190533,0.7963527358058607,1.0,7.263177205853638,7.263177205853638,empirical,1.0
339,theta,20.30836226481255,1.9301604787833206,1.0,13.341596737448388,13.341596737448388,analytic,2.514451328337744
339,theta,20.30836226481255,1.9301604787833206,0.6923076923076923,6.543947031299523,17.93035435122771,empirical,2.514451328337744
340,naive,12.819074063703303,1.1995621695894176,1.0,12.32669368015087,12.32669368015087,analytic,1.0
340,naive,12.819074063703303,1.1995621695894176,1.0,7.890775763499927,7.890775763499927,empirical,1.0
340,naive2,12.819074063703303,1.1995621695894176,1.0,12.32669368015087,12.32669368015087,analytic,1.0
340,naive2,12.819074063703303,1.1995621695894176,1.0,7.890775763499927,7.890775763499927,empirical,1.0
340,seasonal_naive,12.819074063703303,1.1995621695894176,1.0,12.32669368015087,12.32669368015087,analytic,1.0
340,seasonal_naive,12.819074063703303,1.1995621695894176,1.0,7.890775763499927,7.890775763499927,empirical,1.0
340,theta,16.69268284506638,1.4730565465280883,1.0,12.326693680150875,12.326693680150875,analytic,1.2650852813909972
340,theta,16.69268284506638,1.4730565465280883,0.6923076923076923,7.0493231648035755,20.267557092982994,empirical,1.2650852813909972
341,naive,8.172825845754204,0.7159240732681073,1.0,13.88881451187856,13.88881451187856,analytic,1.0
341,naive,8.172825845754204,0.7159240732681073,1.0,9.527549456674844,9.527549456674844,empirical,1.0
341,naive2,8.172825845754204,0.7159240732681073,1.0,13.88881451187856,13.88881451187856,analytic,1.0
341,naive2,8.172825845754204,0.7159240732681073,1.0,9.527549456674844,9.527549456674844,empirical,1.0
341,seasonal_naive,8.172825845754204,0.7159240732681073,1.0,13.88881451187856,13.88881451187856,analytic,1.0
341,seasonal_naive,8.172825845754204,0.7159240732681073,1.0,9.527549456674844,9.527549456674844,empirical,1.0
341,theta,14.896071055427484,1.2614990844976257,0.9230769230769231,13.88881451187856,16.375521825589143,analytic,1.792345590220167
341,theta,14.896071055427484,1.2614990844976257,0.9230769230769231,9.495788100826017,12.105099776643181,empirical,1.792345590220167
342,naive,11.993767391875279,0.9190141395814433,1.0,12.401596104868723,12.401596104868723,analytic,1.0
342,naive,11.993767391875279,0.9190141395814433,1.0,5.928866358154439,5.928866358154439,empirical,1.0
342,naive2,11.993767391875279,0.9190141395814433,1.0,12.401596104868723,12.401596104868723,analytic,1.0
342,naive2,11.993767391875279,0.9190141395814433,1.0,5.928866358154439,5.928866358154439,empirical,1.0
342,seasonal_naive,11.993767391875279,0.9190141395814433,1.0,12.401596104868723,12.401596104868723,analytic,1.0
342,seasonal_naive,11.993767391875279,0.9190141395814433,1.0,5.928866358154439,5.928866358154439,empirical,1.0
342,theta,19.673240186971004,1.4500218082693668,1.0,12.40159610486872,12.40159610486872,analytic,1.6090450176124467
342,theta,19.673240186971004,1.4500218082693668,0.6923076923076923,6.446302687505619,16.821769449715536,empirical,1.6090450176124467
343,naive,19.7600644174494,1.5542047872874942,1.0,11.87433050476153,11.87433050476153,analytic,1.0
343,naive,19.7600644174494,1.5542047872874942,0.8461538461538461,6.44461430617139,9.607567690418891,empirical,1.0
343,naive2,19.7600644174494,1.5542047872874942,1.0,11.87433050476153,11.87433050476153,analytic,1.0
343,naive2,19.7600644174494,1.5542047872874942,0.8461538461538461,6.44461430617139,9.607567690418891,empirical,1.0
343,seasonal_naive,19.7600644174494,1.5542047872874942,1.0,11.87433050476153,11.87433050476153,analytic,1.0
343,seasonal_naive,19.7600644174494,1.5542047872874942,0.8461538461538461,6.44461430617139,9.607567690418891,empirical,1.0
343,theta,12.145711339172758,0.878612360022815,1.0,11.87433050476153,11.87433050476153,analytic,0.5899863114539954
343,theta,12.145711339172758,0.878612360022815,1.0,5.676263208795795,5.676263208795795,empirical,0.5899863114539954
344,naive,12.843981033878778,1.0038163209105928,1.0,12.721322882448664,12.721322882448664,analytic,1.0
344,naive,12.843981033878778,1.0038163209105928,0.9230769230769231,4.526989080808169,8.060413630595622,empirical,1.0
344,naive2,12.843981033878778,1.0038163209105928,1.0,12.721322882448664,12.721322882448664,analytic,1.0
344,naive2,12.843981033878778,1.0038163209105928,0.9230769230769231,4.526989080808169,8.060413630595622,empirical,1.0
344,seasonal_naive,12.843981033878778,1.0038163209105928,1.0,12.721322882448664,12.721322882448664,analytic,1.0
344,seasonal_naive,12.843981033878778,1.0038163209105928,0.9230769230769231,4.526989080808169,8.060413630595622,empirical,1.0
344,theta,14.7790837801692,1.1171164352500564,1.0,12.721322882448666,12.721322882448666,analytic,1.1317657962538163
344,theta,14.7790837801692,1.1171164352500564,0.8461538461538461,5.594914402100328,8.39745885010609,empirical,1.1317657962538163
345,naive,15.951445680808554,1.1718746644602627,1.0,12.682640841499841,12.682640841499841,analytic,1.0
345,naive,15.951445680808554,1.1718746644602627,1.0,7.512395650199856,7.512395650199856,empirical,1.0
345,naive2,15.951445680808554,1.1718746644602627,1.0,12.682640841499841,12.682640841499841,analytic,1.0
345,naive2,15.951445680808554,1.1718746644602627,1.0,7.512395650199856,7.512395650199856,empirical,1.0
345,seasonal_naive,15.951445680808554,1.1718746644602627,1.0,12.682640841499841,12.682640841499841,analytic,1.0
345,seasonal_naive,15.951445680808554,1.1718746644602627,1.0,7.512395650199856,7.512395650199856,empirical,1.0
345,theta,10.312376631997441,0.7189495367647578,1.0,12.682640841499845,12.682640841499845,analytic,0.6299945867508934
345,theta,10.312376631997441,0.7189495367647578,1.0,6.6762848600059534,6.6762848600059534,empirical,0.6299945867508934
346,naive,14.169188432557418,1.044269801691795,1.0,12.422844605267004,12.422844605267004,analytic,1.0
346,naive,14.169188432557418,1.044269801691795,1.0,7.587243710777842,7.587243710777842,empirical,1.0
346,naive2,14.169188432557418,1.044269801691795,1.0,12.422844605267004,12.422844605267004,analytic,1.0
346,naive2,14.169188432557418,1.044269801691795,1.0,7.587243710777842,7.587243710777842,empirical,1.0
346,seasonal_naive,14.169188432557418,1.044269801691795,1.0,12.422844605267004,12.422844605267004,analytic,1.0
346,seasonal_naive,14.169188432557418,1.044269801691795,1.0,7.587243710777842,7.587243710777842,empirical,1.0
346,theta,12.1208691962007,0.8675631814934932,1.0,12.422844605267004,12.422844605267004,analytic,0.8431115042403776
346,theta,12.1208691962007,0.8675631814934932,0.9230769230769231,7.4576064163801945,12.195788657860104,empirical,0.8431115042403776
347,naive,12.80735678326418,1.0289978662088646,1.0,13.363930285724669,13.363930285724669,analytic,1.0
347,naive,12.80735678326418,1.0289978662088646,1.0,8.379543042156426,8.379543042156426,empirical,1.0
347,naive2,12.80735678326418,1.0289978662088646,1.0,13.363930285724669,13.363930285724669,analytic,1.0
347,naive2,12.80735678326418,1.0289978662088646,1.0,8.379543042156426,8.379543042156426,empirical,1.0
347,seasonal_naive,12.80735678326418,1.0289978662088646,1.0,13.363930285724669,13.363930285724669,analytic,1.0
347,seasonal_naive,12.80735678326418,1.0289978662088646,1.0,8.379543042156426,8.379543042156426,empirical,1.0
347,theta,14.304949339051925,1.1469029417274987,1.0,13.363930285724667,13.363930285724667,analytic,1.1157573206707752
347,theta,14.304949339051925,1.1469029417274987,1.0,9.58510852398281,9.58510852398281,empirical,1.1157573206707752
348,naive,6.745385573387755,0.5067250775010864,1.0,24.073722273038523,24.073722273038523,analytic,1.0
348,naive,6.745385573387755,0.5067250775010864,1.0,7.798077069152481,7.798077069152481,empirical,1.0
348,naive2,6.745385573387755,0.5067250775010864,1.0,24.073722273038523,24.073722273038523,analytic,1.0
348,naive2,6.745385573387755,0.5067250775010864,1.0,7.798077069152481,7.798077069152481,empirical,1.0
348,seasonal_naive,6.745385573387755,0.5067250775010864,1.0,24.073722273038523,24.073722273038523,analytic,1.0
348,seasonal_naive,6.745385573387755,0.5067250775010864,1.0,7.798077069152481,7.798077069152481,empirical,1.0
348,theta,23.574050959762598,1.6119387937643945,1.0,24.073722273038523,24.073722273038523,analytic,3.337966273956725
348,theta,23.574050959762598,1.6119387937643945,0.9230769230769231,12.577803366937582,12.760336572368496,empirical,3.337966273956725
349,naive,14.229893897345969,0.5410566278487113,1.0,11.982927335607929,11.982927335607929,analytic,1.0
349,naive,14.229893897345969,0.5410566278487113,1.0,4.8878591382896515,4.8878591382896515,empirical,1.0
349,naive2,14.229893897345969,0.5410566278487113,1.0,11.982927335607929,11.982927335607929,analytic,1.0
349,naive2,14.229893897345969,0.5410566278487113,1.0,4.8878591382896515,4.8878591382896515,empirical,1.0
349,seasonal_naive,14.229893897345969,0.5410566278487113,1.0,11.982927335607929,11.982927335607929,analytic,1.0
349,seasonal_naive,14.229893897345969,0.5410566278487113,1.0,4.8878591382896515,4.8878591382896515,empirical,1.0
349,theta,15.174318423660903,0.5579383283218255,1.0,11.982927335607933,11.982927335607933,analytic,1.0487852025449138
349,theta,15.174318423660903,0.5579383283218255,1.0,3.7878657652095016,3.7878657652095016,empirical,1.0487852025449138
350,naive,15.705699741026887,0.8794564463108786,1.0,13.409574585083657,13.409574585083657,analytic,1.0
350,naive,15.705699741026887,0.8794564463108786,0.9230769230769231,4.77236884216188,8.661329864702859,empirical,1.0
350,naive2,15.705699741026887,0.8794564463108786,1.0,13.409574585083657,13.409574585083657,analytic,1.0
350,naive2,15.705699741026887,0.8794564463108786,0.9230769230769231,4.77236884216188,8.661329864702859,empirical,1.0
350,seasonal_naive,15.705699741026887,0.8794564463108786,1.0,13.409574585083657,13.409574585083657,analytic,1.0
350,seasonal_naive,15.705699741026887,0.8794564463108786,0.9230769230769231,4.77236884216188,8.661329864702859,empirical,1.0
350,theta,17.754780508243652,0.9687748620203602,1.0,13.409574585083657,13.409574585083657,analytic,1.1160141324310093
350,theta,17.754780508243652,0.9687748620203602,0.8461538461538461,4.623962554744535,8.370868477451994,empirical,1.1160141324310093
351,naive,6.699635607695353,0.6874085990055571,1.0,22.869606077353506,22.869606077353506,analytic,1.0
351,naive,6.699635607695353,0.6874085990055571,1.0,4.549661880019256,4.549661880019256,empirical,1.0
351,naive2,6.699635607695353,0.6874085990055571,1.0,22.869606077353506,22.869606077353506,analytic,1.0
351,naive2,6.699635607695353,0.6874085990055571,1.0,4.549661880019256,4.549661880019256,empirical,1.0
351,seasonal_naive,6.699635607695353,0.6874085990055571,1.0,22.869606077353506,22.869606077353506,analytic,1.0
351,seasonal_naive,6.699635607695353,0.6874085990055571,1.0,4.549661880019256,4.549661880019256,empirical,1.0
351,theta,28.194533353184458,2.570425380702795,1.0,22.869606077353506,22.869606077353506,analytic,3.973832934190158
351,theta,28.194533353184458,2.570425380702795,1.0,10.286119442383686,10.286119442383686,empirical,3.973832934190158
352,naive,27.030226738178907,2.521517948717949,1.0,12.923550401201398,12.923550401201398,analytic,1.0
352,naive,27.030226738178907,2.521517948717949,0.8461538461538461,8.362617436880733,10.644924253424161,empirical,1.0
352,naive2,27.030226738178907,2.521517948717949,1.0,12.923550401201398,12.923550401201398,analytic,1.0
352,naive2,27.030226738178907,2.521517948717949,0.8461538461538461,8.362617436880733,10.644924253424161,empirical,1.0
352,seasonal_naive,27.030226738178907,2.521517948717949,1.0,12.923550401201398,12.923550401201398,analytic,1.0
352,seasonal_naive,27.030226738178907,2.521517948717949,0.8461538461538461,8.362617436880733,10.644924253424161,empirical,1.0
352,theta,11.549639056456872,0.9507207528373858,0.9230769230769231,12.923550401201398,14.958284639225628,analytic,0.40216454156889037
352,theta,11.549639056456872,0.9507207528373858,0.8461538461538461,6.347454859882954,13.297825451042682,empirical,0.40216454156889037
353,naive,16.471004161556575,1.149351672665612,1.0,12.153703488339254,12.153703488339254,analytic,1.0
353,naive,16.471004161556575,1.149351672665612,0.9230769230769231,6.663207572187711,8.865534497826786,empirical,1.0
353,naive2,16.471004161556575,1.149351672665612,1.0,12.153703488339254,12.153703488339254,analytic,1.0
353,naive2,16.471004161556575,1.149351672665612,0.9230769230769231,6.663207572187711,8.865534497826786,empirical,1.0
353,seasonal_naive,16.471004161556575,1.149351672665612,1.0,12.153703488339254,12.153703488339254,analytic,1.0
353,seasonal_naive,16.471004161556575,1.149351672665612,0.9230769230769231,6.663207572187711,8.865534497826786,empirical,1.0
353,theta,18.272036490364044,1.2659041219813914,1.0,12.153703488339254,12.153703488339254,analytic,1.1053763778125387
353,theta,18.272036490364044,1.2659041219813914,0.7692307692307693,5.204437483597628,15.338082492665643,empirical,1.1053763778125387
354,naive,6.727135985808366,0.5967546170923907,1.0,14.273077694194349,14.273077694194349,analytic,1.0
354,naive,6.727135985808366,0.5967546170923907,1.0,12.40213755078606,12.40213755078606,empirical,1.0
354,naive2,6.727135985808366,0.5967546170923907,1.0,14.273077694194349,14.273077694194349,analytic,1.0
354,naive2,6.727135985808366,0.5967546170923907,1.0,12.40213755078606,12.40213755078606,empirical,1.0
354,seasonal_naive,6.727135985808366,0.5967546170923907,1.0,14.273077694194349,14.273077694194349,analytic,1.0
354,seasonal_naive,6.727135985808366,0.5967546170923907,1.0,12.40213755078606,12.40213755078606,empirical,1.0
354,theta,22.8634833641987,1.8527317404329757,1.0,14.273077694194349,14.273077694194349,analytic,3.251687172543463
354,theta,22.8634833641987,1.8527317404329757,1.0,13.62405650613306,13.62405650613306,empirical,3.251687172543463
355,naive,17.245644217614657,1.195146075803332,1.0,12.741891770112323,12.741891770112323,analytic,1.0
355,naive,17.245644217614657,1.195146075803332,1.0,6.352427962905003,6.352427962905003,empirical,1.0
355,naive2,17.245644217614657,1.195146075803332,1.0,12.741891770112323,12.741891770112323,analytic,1.0
355,naive2,17.245644217614657,1.195146075803332,1.0,6.352427962905003,6.352427962905003,empirical,1.0
355,seasonal_naive,17.245644217614657,1.195146075803332,1.0,12.741891770112323,12.741891770112323,analytic,1.0
355,seasonal_naive,17.245644217614657,1.195146075803332,1.0,6.352427962905003,6.352427962905003,empirical,1.0
355,theta,12.509317796091594,0.8193481773215485,1.0,12.741891770112321,12.741891770112321,analytic,0.7054621055796577
355,theta,12.509317796091594,0.8193481773215485,1.0,6.323803240360064,6.323803240360064,empirical,0.7054621055796577
356,naive,12.037285419375445,0.9950940656521157,1.0,12.318016258473403,12.318016258473403,analytic,1.0
356,naive,12.037285419375445,0.9950940656521157,1.0,6.829574340696437,6.829574340696437,empirical,1.0
356,naive2,12.037285419375445,0.9950940656521157,1.0,12.318016258473403,12.318016258473403,analytic,1.0
356,naive2,12.037285419375445,0.9950940656521157,1.0,6.829574340696437,6.829574340696437,empirical,1.0
356,seasonal_naive,12.037285419375445,0.9950940656521157,1.0,12.318016258473403,12.318016258473403,analytic,1.0
356,seasonal_naive,12.037285419375445,0.9950940656521157,1.0,6.829574340696437,6.829574340696437,empirical,1.0
356,theta,11.757958448113321,0.9566002975020444,1.0,12.318016258473403,12.318016258473403,analytic,0.9690556532185954
356,theta,11.757958448113321,0.9566002975020444,0.9230769230769231,7.006659202011358,10.526072644358724,empirical,0.9690556532185954
357,naive,16.64244276931629,1.467751251443974,1.0,12.287629512658576,12.287629512658576,analytic,1.0
357,naive,16.64244276931629,1.467751251443974,1.0,7.407548000840112,7.407548000840112,empirical,1.0
357,naive2,16.64244276931629,1.467751251443974,1.0,12.287629512658576,12.287629512658576,analytic,1.0
357,naive2,16.64244276931629,1.467751251443974,1.0,7.407548000840112,7.407548000840112,empirical,1.0
357,seasonal_naive,16.64244276931629,1.467751251443974,1.0,12.287629512658576,12.287629512658576,analytic,1.0
357,seasonal_naive,16.64244276931629,1.467751251443974,1.0,7.407548000840112,7.407548000840112,empirical,1.0
357,theta,15.396361652145222,1.2615285185334517,0.9230769230769231,12.287629512658578,13.523195835924248,analytic,0.8923119001788427
357,theta,15.396361652145222,1.2615285185334517,0.8461538461538461,6.6662082801183224,16.07978029284812,empirical,0.8923119001788427
358,naive,17.030677208870294,1.5377936613597714,1.0,12.751996401356186,12.751996401356186,analytic,1.0
358,naive,17.030677208870294,1.5377936613597714,0.9230769230769231,6.822117871789952,7.263900673153661,empirical,1.0
358,naive2,17.030677208870294,1.5377936613597714,1.0,12.751996401356186,12.751996401356186,analytic,1.0
358,naive2,17.030677208870294,1.5377936613597714,0.9230769230769231,6.822117871789952,7.263900673153661,empirical,1.0
358,seasonal_naive,17.030677208870294,1.5377936613597714,1.0,12.751996401356186,12.751996401356186,analytic,1.0
358,seasonal_naive,17.030677208870294,1.5377936613597714,0.9230769230769231,6.822117871789952,7.263900673153661,empirical,1.0
358,theta,16.940218461782187,1.4860372096964642,0.9230769230769231,12.75199640135619,13.140060216284413,analytic,0.9805160888128589
358,theta,16.940218461782187,1.4860372096964642,0.7692307692307693,6.320944742653317,25.724978317739534,empirical,0.9805160888128589
